tree
version=v4
num_class=1
num_tree_per_iteration=1
label_index=0
max_feature_idx=35
objective=regression
feature_names=emb_high emb_low embedding_sim excluded_pattern_violations has_full_jd headline_token_in_jd_pct headline_token_in_title_pct jd_len_chars jd_word_count loc_hybrid loc_onsite loc_remote profile_keyword_match_count salary_disclosed salary_gap_pct salary_log salary_max salary_meets_user_minimum salary_min src_is_googlejobs src_is_greenhouse src_is_indeed src_is_lever src_is_linkedin src_is_workday stage1_reason_len stage2_reasoning_len stage2_score stage2_score_missing target_function_overlap_jd target_function_overlap_title title_len_chars title_seniority_jr title_seniority_lead title_seniority_manager title_word_count
feature_infos=[0:1] [0:1] [0.57490783929824829:0.74568188190460205] [0:1] none [0:0.875] [0:0.23076923076923078] [0:21147] [0:2457] [0:1] [0:1] [0:1] none [0:1] [-0.57538461538461538:2.4218923076923078] [0:13.013666190132906] [0:555000] [0:1] [0:444846] none [0:1] none none none [0:1] none none [25:88] none [0:9] [0:3] [6:117] [0:1] [0:1] [0:1] [1:14]
tree_sizes=2631 2745 2717 2718 2726 2735 2756 2738 2722 2742 2728 2720 2730 2737 2724 2730 2720 2735 2735 2742 2728 2725 2746 2726 2736 2732 2728 2763 2751 2748 2718 2754 2746 2735 2747 2739 2719 2757 2773 2749 2731 2744 2740 2751 2751 2771 2760 2771 2786 2754 2733 2751 2764 2740 2748 2753 2768 2759 2753 2772 2766 2771 2765 2761 2784 2757 2767 2751 2766 2758 2800 2743 2748 2744 2773 2753 2754 2742 2756 2763 2761 2757 2779 2777 2777 2803 2772 2787 2789 2774 2779 2816 2786 2774 2772 2774 2793 2764 2781 2776 2790 2780 2794 2780 2792 2759 2775 2796 2778 2813 2820 2786 2793 2785 2800 2785 2767 2779 2791 2781 2772 2803 2788 2802 2814 2784 2801 2798 2788 2799 2778 2789 2778 2757 2764 2781 2791 2780 2778 2779 2786 2791 2795 2819 2782 2802 2795 2783 2808 2808 2774 2792 2788 2766 2784 2785 2777 2777 2786 2787 2800 2829 2808 2825 2811 2801 2779 2793 2792 2775 2795 2797 2797 2776 2768 2765 2769 2755 2777 2805 2784 2785 2778 2780 2784 2775 2778 2798 2780 2791 2774 2791 2788 2803 2799 2772 2783 2784 2788 2764 2788 2783 2774 2750 2805 2779 2786 2777 2782 2800 2804 2794 2788 2800 2792 2792 2789 2800 2790 2795 2807 2799 2776 2806 2805 2792 2798 2803 2793 2784 2806 2794 2799 2785 2820 2785 2771 2802 2786 2750 2790 2763 2767 2781 2782 2776 2798 2802 2794 2772 2796 2802 2799 2780 2820 2767 2799 2809 2752 2797 2765 2757 2745 2790 2775 2788 2791 2784 2776 2779 2767 2816 2789 2824 2817 2783 2801 2802 2792 2811 2805 2797 2804 2783 2792 2799 2816 2810 2797 2787 2787 2804 2786 2786 2765 2795 2807 2802 2791 2783

Tree=0
num_leaves=31
num_cat=0
split_feature=27 27 27 27 14 15 27 16 10 27 35 14 8 2 5 15 5 7 2 11 2 29 27 27 8 27 27 5 8 5
split_gain=611576 106416 83855.3 23148.8 10083.9 9191.12 8197.79 4962.99 4130.4 3676.27 3393.22 3665.06 5160.26 3376.34 3155.86 3129.45 3581.54 2743.86 2352.87 2089.75 2003.31 1902.11 1813.68 3401.96 1796.84 1732.08 7024.32 2158.79 1673.39 1605.98
threshold=59.000000000000007 49.000000000000007 70.500000000000014 36.000000000000007 -0.30384615384615382 12.213301423816644 79.500000000000014 281375.00000000006 1.0000000180025095e-35 39.500000000000007 5.5000000000000009 -0.013269230769230768 1162.5000000000002 0.67251744866371166 0.091093117408906896 12.138198560900538 0.19901315789473686 5289.0000000000009 0.66508311033248912 1.0000000180025095e-35 0.62098920345306408 4.5000000000000009 57.500000000000007 56.000000000000007 68.500000000000014 56.000000000000007 57.500000000000007 0.40283400809716602 1115.0000000000002 0.46761133603238875
decision_type=2 2 2 2 2 2 2 2 2 2 2 2 2 2 2 2 2 2 2 2 2 2 2 2 2 2 2 2 2 2
left_child=1 3 4 -1 -2 13 15 10 20 -5 11 -3 22 14 -6 16 -4 -8 -14 -9 -7 -15 23 -13 -11 -12 -27 -28 -10 -17
right_child=2 7 6 9 5 8 17 19 28 24 25 12 18 21 -16 29 -18 -19 -20 -21 -22 -23 -24 -25 -26 26 27 -29 -30 -31
leaf_value=60.284591428306683 61.562697835042499 61.148976427269154 62.460516179825255 60.669460143460284 61.737634717611812 62.278053902872806 63.389616615467673 60.929212911594419 61.41354338667005 61.433446401864131 61.599520567215549 61.509264604830172 61.752560083332632 62.875745227363439 62.37726795425553 62.81673922087451 62.99401224474596 63.067074756001766 62.508801847722559 61.544772331337114 61.765847124507438 62.343137957598799 61.421939137233309 62.082045681663722 60.957331701454038 62.381123516973688 61.519757983588711 61.925309329110725 61.985893428379313 62.213655900489975
leaf_weight=190 48 48 36 122 20 80 147 35 35 21 82 86 20 53 505 20 274 126 21 23 25 25 149 37 474 50 79 56 20 25
leaf_count=190 48 48 36 122 20 80 147 35 35 21 82 86 20 53 505 20 274 126 21 23 25 25 149 37 474 50 79 56 20 25
internal_value=61.8655 61.1566 62.601 60.7674 62.2651 62.3093 63.0348 61.6145 61.9723 60.9163 61.6554 61.5555 61.6181 62.3987 62.3529 62.8756 62.9323 63.2413 62.1404 61.1723 62.1561 62.7059 61.5393 61.6816 60.9774 61.7907 61.8754 61.6879 61.6216 62.4833
internal_weight=2932 1493 1439 807 811 763 628 686 160 617 628 361 313 603 525 355 310 273 41 58 105 78 272 123 495 267 185 135 55 45
internal_count=2932 1493 1439 807 811 763 628 686 160 617 628 361 313 603 525 355 310 273 41 58 105 78 272 123 495 267 185 135 55 45
is_linear=0
shrinkage=1


Tree=1
num_leaves=31
num_cat=0
split_feature=2 6 29 16 29 11 8 11 2 30 20 30 9 5 18 15 18 8 33 11 16 13 7 18 7 6 16 18 7 18
split_gain=150588 45760.3 33809.6 25117 18594.6 15588.8 15581.3 14978 14807.2 13631.5 11899.6 11730.4 11243 9758.07 8161.2 9268.14 9917.27 7867.57 8085.83 7553.61 7337.17 7244.72 7172.91 6714.8 6641.83 8680.26 6186.39 5844.9 6319.79 6083.8
threshold=0.62313979864120495 1.0000000180025095e-35 3.5000000000000004 241950.00000000003 2.5000000000000004 1.0000000180025095e-35 760.50000000000011 1.0000000180025095e-35 0.59489214420318615 1.5000000000000002 1.0000000180025095e-35 1.5000000000000002 1.0000000180025095e-35 0.24038461538461542 229500.00000000003 11.732060962661613 120150.00000000001 338.50000000000006 1.0000000180025095e-35 1.0000000180025095e-35 279237.50000000006 1.0000000180025095e-35 6728.0000000000009 108269.50000000001 7802.5000000000009 0.091093117408906896 219750.00000000003 155382.00000000003 831.50000000000011 169802.00000000003
decision_type=2 2 2 2 2 2 2 2 2 2 2 2 2 2 2 2 2 2 2 2 2 2 2 2 2 2 2 2 2 2
left_child=2 3 5 11 23 10 17 26 -7 13 22 19 14 -4 15 -10 -17 18 -6 27 -18 -21 -1 -3 -9 -26 -8 28 -2 -29
right_child=1 4 9 -5 6 8 7 24 12 -11 -12 -13 -14 -15 -16 16 20 -19 -20 21 -22 -23 -24 -25 25 -27 -28 29 -30 -31
leaf_value=-0.75844623496767383 0.231133774495871 -0.050258392161736637 -0.87702393067421081 -0.67633278192130275 -0.14384200010166701 -0.72370509120673032 -0.22735521173511186 0.35319471477496966 -0.52559563134288723 0.54330620841716026 -1.2323512321364642 0.86902070950899279 0.54336882321601598 -0.080861577873398802 -1.0762170195169876 0.9757257178010218 -0.32228991678836594 1.1987228162957118 1.0721086875940873 -0.0091017864910240033 0.61031378496616961 0.67053236645614001 -0.18914390262687572 0.50601576354601496 1.1282261964320055 0.35364206051398178 0.51357946520524933 0.91636756310683554 -0.3480235598703339 -0.091495023096833272
leaf_weight=212 67 117 42 103 25 182 70 74 117 83 105 55 48 449 29 25 95 195 30 70 27 89 75 101 132 50 47 28 158 32
leaf_count=212 67 117 42 103 25 182 70 74 117 83 105 55 48 449 29 25 95 195 30 70 27 89 75 101 132 50 47 28 158 32
internal_value=0.002973 0.366958 -0.349765 0.0341372 0.605158 -0.538457 0.744224 0.539238 -0.359655 -0.0489268 -0.776846 0.180903 -0.165182 -0.14914 -0.281422 -0.193721 0.0705673 1.0497 0.520055 0.095476 -0.115522 0.371473 -0.609809 0.207556 0.753369 0.915767 0.0704269 -0.0585602 -0.175515 0.3795
internal_weight=2932 1443 1489 602 841 915 623 373 523 574 392 499 341 491 293 264 147 250 55 444 122 159 287 218 256 182 117 285 225 60
internal_count=2932 1443 1489 602 841 915 623 373 523 574 392 499 341 491 293 264 147 250 55 444 122 159 287 218 256 182 117 285 225 60
is_linear=0
shrinkage=0.05


Tree=2
num_leaves=31
num_cat=0
split_feature=27 27 27 27 14 15 27 27 27 10 15 27 2 5 15 8 2 7 5 29 2 8 29 5 8 2 27 33 5 8
split_gain=520581 91955 70562 19546.5 8897.95 7812.58 7077.14 3924.36 9694.79 3412.07 3405.51 3081.11 2712.37 2763.2 2610.35 3029.7 2372.35 2324.14 2071.38 1870.61 1809.03 1586.84 1579.17 1518.08 1474.54 1332.41 1280.36 1301.87 1197.69 1781.2
threshold=59.000000000000007 49.000000000000007 70.500000000000014 36.000000000000007 -0.30384615384615382 12.213301423816644 79.500000000000014 57.500000000000007 56.000000000000007 1.0000000180025095e-35 12.361208375404987 39.500000000000007 0.67251744866371166 0.091093117408906896 12.138198560900538 75.500000000000014 0.62911051511764537 5431.0000000000009 0.31009615384615391 2.5000000000000004 0.62098920345306408 68.500000000000014 4.5000000000000009 0.46761133603238875 1115.0000000000002 0.5925891399383546 50.500000000000007 1.0000000180025095e-35 0.28542510121457493 928.50000000000011
decision_type=2 2 2 2 2 2 2 2 2 2 2 2 2 2 2 2 2 2 2 2 2 2 2 2 2 2 2 2 2 2
left_child=1 3 4 -1 -2 12 14 8 26 20 18 -5 13 -6 15 -4 19 -8 -9 -10 -7 -13 -14 -16 -11 -15 -3 -28 -27 -30
right_child=2 7 6 11 5 9 17 10 16 24 -12 21 22 25 23 -17 -18 -19 -20 -21 -22 -23 -24 -25 -26 28 27 -29 29 -31
leaf_value=-1.4566704235849475 -0.28652186886312558 -0.55160755673105633 0.40041480900552034 -1.1021904341614122 -0.11953552199240347 0.38703712367646853 1.4037282682804872 -0.42852224419992019 -0.21066594747092218 -0.40997542431551504 -0.72752107022457957 -0.39174332867301476 0.92737500043463117 0.70504527352557944 0.89717080587178311 1.0253809905297531 0.67808377865541014 1.1060362339703205 -0.17216771210417622 0.32907181497423166 -0.099672031936892475 -0.83908822426839214 0.44200208111113287 0.3111106248757991 0.12725508159665919 0.61761436698467209 -0.29797243722144634 0.051325091638593869 0.29500351614196629 0.51765774572454304
leaf_weight=190 48 38 21 122 20 80 151 133 24 35 48 21 53 58 20 289 30 122 194 48 25 474 25 25 20 86 138 33 176 185
leaf_count=190 48 38 21 122 20 80 151 133 24 35 48 21 53 58 20 289 30 122 194 48 25 474 25 25 20 86 138 33 176 185
internal_value=0.00282957 -0.65123 0.681435 -1.01299 0.373252 0.414796 1.07929 -0.22557 -0.0941844 0.104076 -0.334465 -0.876138 0.497204 0.456133 0.931409 0.983203 0.305207 1.27117 -0.276549 0.149047 0.271122 -0.820203 0.772636 0.573104 -0.214652 0.478961 -0.289179 -0.230544 0.449464 0.409232
internal_weight=2932 1493 1439 807 811 763 628 686 311 160 375 617 603 525 355 310 102 273 327 72 105 495 78 45 55 505 209 171 447 361
internal_count=2932 1493 1439 807 811 763 628 686 311 160 375 617 603 525 355 310 102 273 327 72 105 495 78 45 55 505 209 171 447 361
is_linear=0
shrinkage=0.05


Tree=3
num_leaves=31
num_cat=0
split_feature=27 27 27 27 27 27 27 27 16 10 2 16 15 8 2 8 5 31 33 27 29 2 29 5 2 2 29 8 33 15
split_gain=469860 83051.1 63686.4 14125 7376.72 6387.21 5276.42 6626.9 5231.56 5063.98 4367.39 3439.66 2369.15 2634.84 2141.91 2124.01 1987.29 1926.19 2017.46 1803.79 1688.77 1610.27 3014.7 1662.53 1437.76 1324.99 1595.83 1187.51 1175.11 1167.93
threshold=59.000000000000007 44.500000000000007 70.500000000000014 36.000000000000007 50.500000000000007 79.500000000000014 57.500000000000007 56.000000000000007 252752.00000000003 1.0000000180025095e-35 0.71002638339996349 299150.00000000006 12.191090970656875 75.500000000000014 0.62911051511764537 804.50000000000011 0.40283400809716602 41.500000000000007 1.0000000180025095e-35 39.500000000000007 2.5000000000000004 0.67251744866371166 4.5000000000000009 0.091093117408906896 0.5925891399383546 0.60302105545997631 4.5000000000000009 1045.0000000000002 1.0000000180025095e-35 12.138198560900538
decision_type=2 2 2 2 2 2 2 2 2 2 2 2 2 2 2 2 2 2 2 2 2 2 2 2 2 2 2 2 2 2
left_child=1 3 8 -1 -3 12 7 28 10 27 21 16 13 -4 20 -7 -8 18 -18 -5 -9 23 -23 -2 -25 26 -26 -10 -6 -27
right_child=2 4 5 19 6 15 11 14 9 -11 -12 -13 -14 -15 -16 -17 17 -19 -20 -21 -22 22 -24 24 25 29 -28 -29 -30 -31
leaf_value=-1.3838752003107366 -0.030781531348047664 -0.59055590553377357 0.38048894885591988 -1.0471260453520206 -0.28308459752813192 1.3097395492625064 -0.36508109399429156 -0.20017635011079402 0.07206912894024807 -0.34145917979043883 -0.26475366761674096 -0.79683893363147185 0.46470057699841316 0.96248647636389506 0.64429221824801641 1.0120195866897941 -0.45445659482411882 0.10154709942286572 0.11595107984488905 -0.82469290931394978 0.31265245210108289 0.85970286811648577 0.21157268232964943 0.65359294971171455 0.47813695259948275 0.45190669064581535 -0.1098699497010875 0.44906558829454452 0.048766589632927466 0.21055504556059224
leaf_weight=190 21 145 21 122 138 179 210 24 35 48 23 34 31 303 30 94 52 57 22 388 48 54 27 60 20 386 27 52 33 58
leaf_count=190 21 145 21 122 138 179 210 24 35 48 23 34 31 303 30 94 52 57 22 388 48 54 27 60 20 386 27 52 33 58
internal_value=0.00269359 -0.618687 0.647394 -1.01557 -0.268256 1.02537 -0.196049 -0.028789 0.354609 0.0703313 0.411354 -0.317761 0.884878 0.924909 0.289986 1.20765 -0.269759 -0.116753 -0.284881 -0.878107 0.1416 0.435213 0.644248 0.405495 0.422135 0.393713 0.140724 0.297715 -0.219023 0.420445
internal_weight=2932 1493 1439 700 793 628 648 273 811 135 676 375 355 324 102 273 341 131 74 510 72 653 81 572 551 491 47 87 171 444
internal_count=2932 1493 1439 700 793 628 648 273 811 135 676 375 355 324 102 273 341 131 74 510 72 653 81 572 551 491 47 87 171 444
is_linear=0
shrinkage=0.05


Tree=4
num_leaves=31
num_cat=0
split_feature=27 27 27 27 14 15 27 16 10 14 27 2 5 15 5 27 27 7 5 29 29 11 2 2 8 11 5 8 27 15
split_gain=424078 74974.7 57480 15910.2 7709.32 6461.35 5764.89 3829.7 2731.68 2703.47 2505.46 2271.47 2298.29 2174.29 2597.57 2167.67 8580.96 1931.53 1836.33 1677.84 2485.77 1652.51 1626.71 1623.2 1434.84 1433.61 1397.08 1318.26 1315.93 1310.03
threshold=59.000000000000007 49.000000000000007 70.500000000000014 36.000000000000007 -0.30384615384615382 12.213301423816644 79.500000000000014 281375.00000000006 1.0000000180025095e-35 -0.34153846153846151 39.500000000000007 0.67251744866371166 0.091093117408906896 12.138198560900538 0.19901315789473686 57.500000000000007 56.000000000000007 5431.0000000000009 0.42927631578947373 3.5000000000000004 1.5000000000000002 1.0000000180025095e-35 0.62098920345306408 0.64410844445228588 68.500000000000014 1.0000000180025095e-35 0.46761133603238875 1115.0000000000002 73.500000000000014 11.98074305876939
decision_type=2 2 2 2 2 2 2 2 2 2 2 2 2 2 2 2 2 2 2 2 2 2 2 2 2 2 2 2 2 2
left_child=1 3 4 -1 -2 11 13 9 22 -3 -5 12 -6 14 -4 16 -11 -8 -17 20 -18 -9 -7 25 -12 -20 -15 -10 -16 -22
right_child=2 7 6 10 5 8 17 21 27 15 24 -13 -14 26 28 18 19 -19 23 -21 29 -23 -24 -25 -26 -27 -28 -29 -30 -31
leaf_value=-1.3147178522478211 -0.27721567432746569 -0.73811349282365524 0.48625496784405692 -0.99481262266391823 -0.11205706139702108 0.35238368566079387 1.2681446427781404 -0.80798138091367189 -0.37688502899856646 -0.2404435284278148 -0.33342909846825625 0.70256311405025595 0.4337453421887732 0.82446290699403668 0.68274610622023202 -0.32274537461183544 0.60889737764334773 0.99680652334297626 0.064511711362986682 0.66902880422585376 -0.30601333730028707 -0.26073517278159336 -0.10910809371338422 0.27262629076438849 -0.7584600627559055 -0.34717081644063824 0.26255854315966726 0.13104615169971143 0.98812896153050966 0.25802069819388701
leaf_weight=190 48 20 36 122 20 80 151 35 35 189 21 78 505 20 43 213 24 122 36 28 21 23 25 26 474 51 25 20 231 20
leaf_count=190 48 20 36 122 20 80 151 35 35 189 21 78 505 20 43 213 24 122 36 28 21 23 25 26 474 51 25 20 231 20
internal_value=0.00256274 -0.587769 0.615049 -0.914423 0.336896 0.375567 0.974137 -0.203413 0.0929899 -0.167439 -0.790954 0.45051 0.412926 0.840661 0.887929 -0.14854 -0.0469848 1.14732 -0.236333 0.345956 0.205895 -0.591878 0.242458 -0.0732627 -0.74051 -0.176884 0.513679 -0.192189 0.940489 -0.0307948
internal_weight=2932 1493 1439 807 811 763 628 686 160 628 617 603 525 355 310 608 282 273 326 93 65 58 105 113 495 87 45 55 274 41
internal_count=2932 1493 1439 807 811 763 628 686 160 628 617 603 525 355 310 608 282 273 326 93 65 58 105 113 495 87 45 55 274 41
is_linear=0
shrinkage=0.05


Tree=5
num_leaves=31
num_cat=0
split_feature=27 27 27 27 14 16 27 27 27 27 16 35 2 16 2 8 15 5 14 2 27 30 14 29 6 2 7 7 35 16
split_gain=383590 64851.7 52892 11143.4 9684.96 8641.45 5370.65 4750.81 3822.67 5260.86 3601.42 3347.16 3767.52 2627.99 2497.69 2392.17 2091.78 1973.79 1945.52 1613.61 1562.97 1545.86 1529.71 1505.18 1502.72 1434.82 1393.02 1302.49 1243.51 1204.98
threshold=59.000000000000007 44.500000000000007 70.500000000000014 33.500000000000007 -0.2961538461538461 252752.00000000003 50.500000000000007 79.500000000000014 57.500000000000007 56.000000000000007 299150.00000000006 6.5000000000000009 0.63482424616813671 131320.00000000003 0.68735969066619884 75.500000000000014 12.138198560900538 0.37171052631578955 -0.13846153846153844 0.59597772359848034 39.500000000000007 1.0000000180025095e-35 -0.059288461538461533 4.5000000000000009 0.069711538461538478 0.61438539624214183 10014.500000000002 5707.5000000000009 5.5000000000000009 215404.50000000003
decision_type=2 2 2 2 2 2 2 2 2 2 2 2 2 2 2 2 2 2 2 2 2 2 2 2 2 2 2 2 2 2
left_child=1 3 4 -1 13 14 -3 15 9 18 17 12 23 -2 22 -4 -17 21 -8 -11 -5 -10 24 -7 -6 29 -27 -9 -23 -19
right_child=2 6 7 20 5 11 8 27 10 19 -12 -13 -14 -15 -16 16 -18 25 -20 -21 -22 28 -24 -25 -26 26 -28 -29 -30 -31
leaf_value=-1.2675014967512634 -0.66363623814074846 -0.53595121653460864 0.27571399152575443 -0.95478920038195625 0.68381664288304034 0.48290955491379822 -0.68285986416375455 1.1752655142761994 -0.27063998313610432 -0.035867285134106273 -0.81544292226098358 -0.44029897565297849 -0.42206923488156622 0.06007593231638092 0.86946861268575315 0.88881694370136555 0.51286333916220472 -0.40975356633032978 -0.15906998716321707 0.38604008490786357 -0.75278901367542839 -0.79704089471381578 0.37384669267190096 0.033971328674022021 0.28601522769812732 0.14877824202406831 -0.33306753278075169 0.94222953383003549 -0.3095886015014731 -0.0054844674478646271
leaf_weight=175 29 142 20 131 87 47 20 168 127 35 31 33 23 22 32 292 43 54 152 64 381 31 460 31 33 59 20 99 23 28
leaf_count=175 29 142 20 131 87 47 20 168 127 35 31 33 23 22 32 292 43 54 152 64 381 31 460 31 33 59 20 99 23 28
internal_value=-0.00272454 -0.567897 0.583951 -0.922734 0.314205 0.359787 -0.25767 0.929476 -0.196228 -0.0532601 -0.300045 -0.00385643 0.138989 -0.351842 0.439404 0.809011 0.840743 -0.253088 -0.220366 0.236945 -0.804659 -0.36636 0.415522 0.304821 0.574792 -0.125566 0.0264619 1.08926 -0.590471 -0.271946
internal_weight=2892 1473 1419 687 797 746 786 622 644 271 373 134 101 51 612 355 335 342 172 99 512 181 580 78 120 161 79 267 54 82
internal_count=2892 1473 1419 687 797 746 786 622 644 271 373 134 101 51 612 355 335 342 172 99 512 181 580 78 120 161 79 267 54 82
is_linear=0
shrinkage=0.05


Tree=6
num_leaves=31
num_cat=0
split_feature=2 29 8 29 11 2 30 8 14 5 11 14 9 11 33 2 2 20 31 14 30 2 7 31 2 5 7 7 16 30
split_gain=83684.1 34137.3 21734.9 18754.1 18602.2 12757.7 9465.55 8717.55 8555.37 8481.17 8237.93 9929.09 8579.06 8051.5 7459.45 6090.9 6058.25 5370.7 5282.58 5261.21 5233.4 4765.08 4634.51 5535.11 4441.71 4168.43 3928.33 3920.4 3859.74 3545.41
threshold=0.61794203519821178 2.5000000000000004 754.50000000000011 3.5000000000000004 1.0000000180025095e-35 0.62609851360321056 1.5000000000000002 835.50000000000011 -0.17115384615384613 0.17269736842105265 1.0000000180025095e-35 -0.059288461538461533 1.0000000180025095e-35 1.0000000180025095e-35 1.0000000180025095e-35 0.61150285601615917 0.59093743562698375 1.0000000180025095e-35 59.500000000000007 0.37384615384615388 1.0000000180025095e-35 0.63260895013809215 7232.5000000000009 58.500000000000007 0.62219041585922252 0.24038461538461542 864.50000000000011 5289.0000000000009 172983.50000000003 1.0000000180025095e-35
decision_type=2 2 2 2 2 2 2 2 2 2 2 2 2 2 2 2 2 2 2 2 2 2 2 2 2 2 2 2 2 2
left_child=3 7 9 10 21 29 15 8 -2 14 17 -12 -13 -9 -3 16 -5 -1 28 -14 26 -4 -23 -24 -11 -22 -10 -28 -7 -6
right_child=1 2 4 6 5 18 -8 13 20 24 11 12 19 -15 -16 -17 -18 -19 -20 -21 25 22 23 -25 -26 -27 27 -29 -30 -31
leaf_value=-0.51689263901621019 -0.67642962807997387 -0.50390375841166324 0.23954114746862426 0.12855732981662774 -0.40754521105545849 0.50187823850352997 0.43776793725908841 -0.84458322596088087 0.12706275473498518 0.25188301709220018 0.50429199678806957 -0.45789896507847017 0.7067010334936894 0.081968103947731921 0.76033801495746411 0.3637723035275815 -0.36273539605274308 -0.9693735722914486 0.11578460091728787 -0.29808216146026478 0.12484290153810472 0.065206055635591384 -0.56279311290424094 0.22556258409933744 0.84029590068865812 0.71297743436766836 -0.47004062244131994 0.29831956551538258 0.87659813318256663 0.28639153732747513
leaf_weight=237 42 26 103 85 45 146 82 67 110 36 34 405 27 36 21 49 239 91 49 25 91 112 95 29 304 45 78 21 131 31
leaf_count=237 42 26 103 85 45 146 82 67 110 36 34 405 27 36 21 49 239 91 49 25 91 112 95 29 304 45 78 21 131 31
internal_value=-0.00259149 0.236065 0.387425 -0.305688 0.22875 0.458761 -0.0482813 -0.11237 -0.00351392 0.691096 -0.448662 -0.318924 -0.380278 -0.520926 0.0612791 -0.155236 -0.233832 -0.642701 0.59473 0.223891 0.078564 -0.0440474 -0.167887 -0.378346 0.7781 0.319864 -0.078508 -0.306868 0.679363 -0.124422
internal_weight=2892 1618 1128 1274 741 402 455 490 387 387 819 491 457 103 47 373 324 328 326 52 345 339 236 124 340 136 209 99 277 76
internal_count=2892 1618 1128 1274 741 402 455 490 387 387 819 491 457 103 47 373 324 328 326 52 345 339 236 124 340 136 209 99 277 76
is_linear=0
shrinkage=0.05


Tree=7
num_leaves=31
num_cat=0
split_feature=27 27 27 27 16 10 27 6 27 16 27 27 8 33 15 16 5 31 11 31 13 15 5 8 16 27 30 11 7 0
split_gain=326472 56250.3 44377 9448.67 5258.5 5155.47 4557.44 4169.38 4167.28 3375.56 2257.45 6005.22 2014.48 1764.54 2206.05 1744.06 1730.41 1357.93 1133.94 1603.49 1708.19 5068.59 1557.16 1199.08 1187.54 1126.1 1083 1395.97 1068.07 1184.64
threshold=59.000000000000007 44.500000000000007 70.500000000000014 36.000000000000007 252752.00000000003 1.0000000180025095e-35 50.500000000000007 0.13942307692307696 79.500000000000014 299150.00000000006 57.500000000000007 56.000000000000007 75.500000000000014 1.0000000180025095e-35 12.152202347921135 277737.50000000006 0.31009615384615391 47.500000000000007 1.0000000180025095e-35 61.500000000000007 1.0000000180025095e-35 11.680414148865188 0.17269736842105265 540.50000000000011 165100.00000000003 39.500000000000007 1.0000000180025095e-35 1.0000000180025095e-35 13495.500000000002 1.0000000180025095e-35
decision_type=2 2 2 2 2 2 2 2 2 2 2 2 2 2 2 2 2 2 2 2 2 2 2 2 2 2 2 2 2 2
left_child=1 3 4 -1 7 -6 -3 18 12 10 11 -8 -4 14 -13 28 26 -7 19 20 22 -22 -2 -20 -23 -5 -12 -28 -14 -30
right_child=2 6 8 25 5 17 9 -9 -10 -11 16 13 15 -15 -16 -17 -18 -19 23 -21 21 24 -24 -25 -26 -27 27 -29 29 -31
leaf_value=-1.1556157416228199 0.030404273016535824 -0.49128396754362158 0.25304008929883665 -0.87670287320391938 0.27270177386594807 -0.16670918071699276 -0.21209736088648712 -0.36004297033471255 1.0049094585701126 -0.60063071176578664 -0.26591429062392735 -0.023838958631402115 0.844534160851382 0.67082336046995017 0.60190241052143612 0.36737782735511126 -0.1342673281829829 -0.67280818209828919 0.77905663741574738 0.66021499770255021 -0.40388696201361257 0.58971470407743887 0.51953660255376244 0.41076317102259136 0.2303357186547598 -0.69747663825883288 -0.31651274462907519 -0.86172117757571243 0.30056991500877089 0.79966245845119299
leaf_weight=189 20 142 20 117 77 36 168 20 267 44 98 47 261 23 20 25 196 21 24 29 31 28 88 294 129 381 27 21 21 28
leaf_count=189 20 142 20 117 77 36 168 20 267 44 98 47 261 23 20 25 196 21 24 29 31 28 88 294 129 381 27 21 21 28
internal_value=-0.00245831 -0.523857 0.538778 -0.854326 0.291696 0.00597206 -0.234935 0.349427 0.855271 -0.178335 -0.147264 -0.0355565 0.74246 0.293801 0.163494 0.77158 -0.231484 -0.354106 0.371555 0.305617 0.270648 0.179407 0.429115 0.438811 0.294795 -0.739762 -0.36178 -0.556441 0.804032 0.586915
internal_weight=2892 1473 1419 687 797 134 786 663 622 644 600 258 355 90 67 335 342 57 643 325 296 188 108 318 157 498 146 48 310 49
internal_count=2892 1473 1419 687 797 134 786 663 622 644 600 258 355 90 67 335 342 57 643 325 296 188 108 318 157 498 146 48 310 49
is_linear=0
shrinkage=0.05


Tree=8
num_leaves=31
num_cat=0
split_feature=27 27 27 27 14 16 27 27 14 27 27 31 16 2 2 16 8 2 15 14 29 6 27 2 8 8 8 14 31 31
split_gain=294662 50767.3 40052.9 8562.45 7695.66 6362.54 4113.23 3760.19 3331.61 3834.26 3386.08 3253.9 3168.08 2964.02 2064.83 1960.24 1817.73 1633.38 1605.52 1390.4 1351.83 1323.03 1202.7 1076.03 2365.23 1143.21 1047.17 1005.41 2398.88 1024.99
threshold=59.000000000000007 44.500000000000007 70.500000000000014 33.500000000000007 -0.2961538461538461 252752.00000000003 50.500000000000007 79.500000000000014 -0.24119230769230768 57.500000000000007 56.000000000000007 47.500000000000007 299150.00000000006 0.63610014319419872 0.68735969066619884 131320.00000000003 75.500000000000014 0.63353851437568676 12.138198560900538 -0.059288461538461533 4.5000000000000009 0.069711538461538478 39.500000000000007 0.66508311033248912 1522.0000000000002 1198.5000000000002 795.00000000000011 -0.079749999999999988 49.500000000000007 24.500000000000004
decision_type=2 2 2 2 2 2 2 2 2 2 2 2 2 2 2 2 2 2 2 2 2 2 2 2 2 2 2 2 2 2
left_child=1 3 4 -1 15 14 -3 16 -8 10 -10 13 27 20 19 -2 -4 -12 -18 21 -7 -6 -5 24 -21 -25 -9 28 -11 -29
right_child=2 6 7 22 5 11 8 26 9 12 17 -13 -14 -15 -16 -17 18 -19 -20 23 -22 -23 -24 25 -26 -27 -28 29 -30 -31
leaf_value=-1.1138553130293083 -0.58586476660266362 -0.46673706059385411 0.24045104624620126 -0.8398436712182088 0.61843593888728965 0.46013069108698024 -0.6504881525013454 1.0256510310732603 -0.13875885177773592 0.42336553548698996 0.11940315587599432 -0.4161452925144053 -0.7306608963673904 -0.37727547403760431 0.77707026554416636 0.039193002476748839 0.77515670290265892 0.59372457903945086 0.44577265452342907 0.31988133720252626 0.038672506846371468 0.24530607357486139 -0.66261196196611016 0.36564432883523579 -0.19268744100673565 0.75920692810153589 0.81169838557473484 -0.0089775518113813617 -0.3163639142429186 -0.27694516680271547
leaf_weight=175 29 142 20 131 87 47 34 178 156 20 74 34 31 21 32 22 292 24 43 345 32 33 381 65 24 26 89 42 24 239
leaf_count=175 29 142 20 131 87 47 34 178 156 20 74 34 31 21 32 22 292 24 43 345 32 33 381 65 24 26 89 42 24 239
internal_value=-0.00233333 -0.497681 0.51186 -0.81163 0.277124 0.317756 -0.2232 0.812538 -0.169429 -0.142505 0.00588855 0.00564859 -0.248368 0.149381 0.386073 -0.316585 0.705376 0.236101 0.733038 0.364362 0.289741 0.516157 -0.708123 0.324649 0.286487 0.478856 0.954683 -0.202139 0.0199609 -0.236928
internal_weight=2892 1473 1419 687 797 746 786 622 644 610 254 134 356 100 612 51 355 98 335 580 79 120 512 460 369 91 267 325 44 281
internal_count=2892 1473 1419 687 797 746 786 622 644 610 254 134 356 100 612 51 355 98 335 580 79 120 512 460 369 91 267 325 44 281
is_linear=0
shrinkage=0.05


Tree=9
num_leaves=31
num_cat=0
split_feature=27 27 27 27 16 10 27 6 27 16 5 5 31 8 16 33 18 5 16 30 27 15 31 5 31 11 35 31 18 31
split_gain=265952 45818.9 36149.6 7728.13 4285.05 4455.07 3712.36 3592.5 3393.8 2807.78 1938.68 2346.23 1953.29 1640.08 1457.94 1379.09 3003.82 2044.84 1491.58 1131.96 1085.61 1066.19 1062.24 999.621 1110.67 972.59 2186.97 1652.8 1547.72 1448.36
threshold=59.000000000000007 44.500000000000007 70.500000000000014 33.500000000000007 252752.00000000003 1.0000000180025095e-35 50.500000000000007 0.13942307692307696 79.500000000000014 281375.00000000006 0.37171052631578955 0.069711538461538478 24.500000000000004 75.500000000000014 277737.50000000006 1.0000000180025095e-35 84150.000000000015 0.55048076923076927 251950.00000000003 1.0000000180025095e-35 39.500000000000007 12.052340126576548 39.500000000000007 0.13942307692307696 35.500000000000007 1.0000000180025095e-35 2.5000000000000004 40.500000000000007 128100.00000000001 61.500000000000007
decision_type=2 2 2 2 2 2 2 2 2 2 2 2 2 2 2 2 2 2 2 2 2 2 2 2 2 2 2 2 2 2
left_child=1 3 4 -1 7 -6 -3 25 13 10 11 -8 -13 -4 -15 16 22 18 -18 -7 -5 -17 -12 -14 -25 29 -27 -28 -29 -2
right_child=2 6 8 20 5 19 9 -9 -10 -11 15 12 23 14 -16 21 17 -19 -20 -21 -22 -23 -24 24 -26 26 27 28 -30 -31
leaf_value=-1.058194351196289 0.24164914182006397 -0.44341662143167693 0.22848828965751686 -0.79788349945976211 0.25330612601279906 -0.11712963521678584 0.15465699197347804 -0.34313808543172053 0.90698399518768857 -0.51666639219120203 -0.57189963026678037 0.030766962880048283 -0.57888032824337643 0.72607426551879117 0.32688228452348139 0.31485115415133408 -0.17643494472771915 0.36599161311803985 0.2234988418039402 -0.5637055672457737 -0.62949005555262783 -0.057598902033306559 -0.17873037686445847 -0.4279109594644096 -0.17442314901721589 -0.050307463412265857 0.55179511970001538 0.42229628012290998 0.062781672157226187 0.61184743306890788
leaf_weight=175 296 142 20 131 77 30 36 20 267 51 35 43 36 310 25 41 93 33 31 27 381 36 34 79 96 25 151 99 43 29
leaf_count=175 296 142 20 131 77 30 36 20 267 51 35 43 36 310 25 41 93 33 31 27 381 36 34 79 96 25 151 99 43 29
internal_value=-0.0022141 -0.472812 0.486287 -0.771068 0.263282 0.00535331 -0.21205 0.315396 0.771939 -0.160966 -0.130284 -0.222676 -0.276215 0.67013 0.696405 -0.0417957 -0.104066 0.0167985 -0.0763117 -0.32937 -0.672732 0.140805 -0.378775 -0.338784 -0.289062 0.335937 0.398221 0.436512 0.313585 0.274876
internal_weight=2892 1473 1419 687 797 134 786 663 622 644 593 290 254 355 335 303 226 157 124 57 512 77 69 211 175 643 318 293 142 325
internal_count=2892 1473 1419 687 797 134 786 663 622 644 593 290 254 355 335 303 226 157 124 57 512 77 69 211 175 643 318 293 142 325
is_linear=0
shrinkage=0.05


Tree=10
num_leaves=31
num_cat=0
split_feature=27 27 27 27 14 16 27 15 35 2 14 14 35 16 27 27 27 34 14 14 27 16 7 27 15 5 16 14 7 35
split_gain=245983 47126.2 31778.7 8485.29 7534.25 4389.11 3088.76 2346.66 2142.37 2859.02 2118.73 2217.84 2505.82 2365.69 2053.58 1821.85 3316.32 1476.89 2231.77 1413.11 1274.99 1212.45 1327.87 1203.76 1197.25 1306.01 1098.18 1005.59 975.63 928.308
threshold=59.000000000000007 47.000000000000007 68.500000000000014 36.000000000000007 -0.30384615384615382 247650.00000000003 79.500000000000014 11.690864466488067 6.5000000000000009 0.62098920345306408 -0.24119230769230768 -0.14923076923076919 6.5000000000000009 299150.00000000006 50.500000000000007 57.500000000000007 56.000000000000007 1.0000000180025095e-35 0.10505000000000002 -0.2961538461538461 66.500000000000014 251950.00000000003 7794.0000000000009 39.500000000000007 12.138198560900538 0.46761133603238875 134929.00000000003 1.0423076923076926 7546.0000000000009 5.5000000000000009
decision_type=2 2 2 2 2 2 2 2 2 2 2 2 2 2 2 2 2 2 2 2 2 2 2 2 2 2 2 2 2 2
left_child=1 3 4 -1 7 -6 19 -2 9 20 -3 12 -12 14 -13 16 -16 -18 -19 26 -7 22 28 -5 -21 -26 -4 -22 -17 -24
right_child=2 10 6 23 5 8 -8 -9 -10 -11 11 13 -14 -15 15 21 17 18 -20 24 27 -23 29 -25 25 -27 -28 -29 -30 -31
leaf_value=-0.9899644133041211 -0.66370283030385901 -0.50992116683813005 0.091084152074595581 -0.75170440223627821 0.35374685032209485 -0.027981604170475613 0.85693192395226936 0.049855669991887029 -0.33525109926936347 -0.23688139215833443 0.57138918106690106 -0.3992336902678863 -0.17349547773464774 -0.51760340153887829 -0.13404060805525803 -0.24453599519753069 0.49719786558832441 -0.24369373008074513 0.46330937793598842 0.70128968676616399 0.5598630966351269 0.090015813459283278 0.06994950114977555 -0.5763979510384728 0.70020549917102448 0.13520742551074913 0.59803714876051062 0.13986471395147332 -0.58655799281053023 -0.29202221024538821
leaf_weight=204 27 39 20 127 584 22 263 20 29 35 23 63 22 42 145 160 37 25 20 316 41 37 55 455 20 21 23 22 24 26
leaf_count=204 27 39 20 127 584 22 263 20 29 35 23 63 22 42 145 160 37 25 20 316 41 37 55 455 20 21 23 22 24 26
internal_value=0.00263353 -0.444797 0.468981 -0.712278 0.252592 0.291954 0.723471 -0.360494 0.0496489 0.14291 -0.151918 -0.131276 0.207535 -0.155361 -0.12957 -0.0973761 0.00963256 0.263603 0.0707496 0.635516 0.299448 -0.177803 -0.215235 -0.614783 0.668201 0.411971 0.363119 0.41373 -0.289469 -0.0463941
internal_weight=2947 1504 1443 786 780 733 663 47 149 120 718 679 45 634 592 529 227 82 45 400 85 302 265 582 357 41 43 63 184 81
internal_count=2947 1504 1443 786 780 733 663 47 149 120 718 679 45 634 592 529 227 82 45 400 85 302 265 582 357 41 43 63 184 81
is_linear=0
shrinkage=0.05


Tree=11
num_leaves=31
num_cat=0
split_feature=27 27 27 27 14 16 10 27 15 14 14 35 16 8 2 16 2 2 16 29 14 27 15 2 34 29 16 8 29 8
split_gain=222012 42536.9 28683.6 8257.58 6801.08 3961.2 3594.32 2787.09 2118.77 1912.27 1816.93 2344.51 2332.64 1713.32 1908.78 1691.35 1634.52 1440.76 1329.71 1393.57 1274.65 1255.29 1079.62 1030.24 1023.87 1111.13 991.479 921.77 918.223 1132.71
threshold=59.000000000000007 49.000000000000007 68.500000000000014 36.000000000000007 -0.30384615384615382 247650.00000000003 1.0000000180025095e-35 79.500000000000014 11.690864466488067 -0.24119230769230768 -0.14923076923076919 6.5000000000000009 299150.00000000006 1204.5000000000002 0.66508311033248912 235200.00000000003 0.60627824068069469 0.6457839608192445 260295.00000000003 1.5000000000000002 -0.2961538461538461 39.500000000000007 12.138198560900538 0.62911051511764537 1.0000000180025095e-35 3.5000000000000004 134929.00000000003 732.50000000000011 2.5000000000000004 1045.0000000000002
decision_type=2 2 2 2 2 2 2 2 2 2 2 2 2 2 2 2 2 2 2 2 2 2 2 2 2 2 2 2 2 2
left_child=1 3 4 -1 8 -6 28 20 -2 -3 11 -11 13 18 15 -15 -8 -18 19 23 26 -5 -22 -12 25 -21 -4 -9 -7 -30
right_child=2 9 7 21 5 6 16 27 -10 10 12 -13 -14 14 -16 -17 17 -19 -20 24 22 -23 -24 -25 -26 -27 -28 -29 29 -31
leaf_value=-0.94049047113107387 -0.63064014817075975 -0.47935442017175434 0.086552602497499381 -0.7141487549272324 0.33606253697284483 0.54646969299180814 0.1385354469961195 0.89502447703259325 0.04737528823501435 0.56357049016930938 -0.18687028152519192 -0.16485994452804464 -0.4917846979445063 -0.29819181444488957 0.43993494035510405 0.27809332216167337 -0.66610732395124628 -0.09119661996020606 0.19189186265884348 -0.20660441026327528 0.66623629491866965 -0.53680618095448818 0.3914801449852558 0.14141672034919159 -0.27391793764409655 0.1001369234437119 0.56826474842055008 0.70253746264910089 -0.11495069422763148 0.3227259871588426
leaf_weight=204 27 37 20 127 584 21 20 152 20 22 41 22 42 32 28 21 24 20 28 82 316 492 41 57 223 46 23 111 23 41
leaf_count=204 27 37 20 127 584 21 20 152 20 22 41 22 42 32 28 21 24 20 28 82 316 492 41 57 223 46 23 111 23 41
internal_value=0.00250031 -0.422571 0.445543 -0.664433 0.239961 0.277359 0.0471664 0.687323 -0.342529 -0.130214 -0.110076 0.199694 -0.13283 -0.10572 0.106757 -0.0696646 -0.235596 -0.405697 -0.141826 -0.162686 0.603771 -0.573309 0.634814 0.00397071 -0.20922 -0.0963381 0.345049 0.814102 0.260155 0.165424
internal_weight=2947 1504 1443 823 780 733 149 663 47 681 644 44 600 558 81 53 64 44 477 449 400 619 357 98 351 128 43 263 85 64
internal_count=2947 1504 1443 823 780 733 149 663 47 681 644 44 600 558 81 53 64 44 477 449 400 619 357 98 351 128 43 263 85 64
is_linear=0
shrinkage=0.05


Tree=12
num_leaves=31
num_cat=0
split_feature=27 27 27 27 2 15 27 31 31 15 27 18 15 18 2 18 15 15 35 11 6 35 31 27 15 2 2 29 2 2
split_gain=200376 38486.2 25890.2 6936.86 3776.57 2537.28 2515.42 2300.84 2026.27 1969.06 1762.92 1481.57 1432.42 1993.7 1783.52 1422.85 1338.48 1586.41 1187.07 1402.48 1254.34 1360.24 1132.05 1099.29 1078.32 1075.76 2371.01 1613.17 1171.74 977.559
threshold=59.000000000000007 47.000000000000007 68.500000000000014 33.500000000000007 0.70596697926521312 12.213301423816644 79.500000000000014 24.500000000000004 36.500000000000007 12.361208375404987 54.000000000000007 128275.00000000001 12.32197324481332 229500.00000000003 0.60232636332511913 136512.50000000003 11.84959587798839 11.932299836722258 7.5000000000000009 1.0000000180025095e-35 0.069711538461538478 2.5000000000000004 57.500000000000007 39.500000000000007 12.01066730890957 0.63610014319419872 0.64725190401077282 4.5000000000000009 0.61689087748527538 0.70216304063797008
decision_type=2 2 2 2 2 2 2 2 2 2 2 2 2 2 2 2 2 2 2 2 2 2 2 2 2 2 2 2 2 2
left_child=1 3 4 -1 5 18 22 10 11 16 -3 -9 -7 -14 -15 -12 -10 -18 19 25 21 -21 29 -5 -13 27 -27 28 -2 -4
right_child=2 7 6 23 -6 12 -8 8 9 -11 15 24 13 14 -16 -17 17 -19 -20 20 -22 -23 -24 -25 -26 26 -28 -29 -30 -31
leaf_value=-0.90553460712522704 0.28930209343214086 -0.352921269782147 0.57153687869409464 -0.68199070155152597 -0.43198056955473119 -0.19210119559941696 0.77342783769175649 -0.40258456679806987 -0.16931724697552686 -0.43923021601879686 0.30393608991916365 0.12666462317851312 0.31750109497700807 0.26028624987715226 -0.34348001332627132 -0.11157007083248863 0.43110515455719578 -0.022429773755849869 0.14814753665479277 0.077262383275687407 0.16836235843384084 0.50200856834305152 0.25291002417889591 -0.52074997922963451 -0.23748130065416284 -0.33050126152121145 0.24875608433419952 0.059371241458918991 0.65447733365666227 0.87119047253630877
leaf_weight=191 51 20 344 140 21 39 263 129 148 38 61 26 75 21 29 31 22 151 113 21 45 190 26 455 92 23 75 38 39 30
leaf_count=191 51 20 344 140 21 39 263 129 148 38 61 26 75 21 29 31 22 151 113 21 45 190 26 455 92 23 75 38 39 30
internal_value=0.00237652 -0.401451 0.423278 -0.643172 0.227962 0.246283 0.652984 -0.136778 -0.175255 -0.0993519 0.0713376 -0.28547 0.0720594 0.154605 -0.089785 0.163905 -0.0589773 0.035432 0.294275 0.328485 0.408689 0.459816 0.573606 -0.558806 -0.157164 0.237472 0.112559 0.332907 0.448151 0.595813
internal_weight=2947 1504 1443 786 780 759 663 718 606 359 112 247 164 125 50 92 321 173 595 482 256 211 400 595 118 226 98 128 90 374
internal_count=2947 1504 1443 786 780 759 663 718 606 359 112 247 164 125 50 92 321 173 595 482 256 211 400 595 118 226 98 128 90 374
is_linear=0
shrinkage=0.05


Tree=13
num_leaves=31
num_cat=0
split_feature=27 27 27 27 14 16 10 31 27 31 14 15 16 2 16 2 2 2 5 27 27 29 7 15 5 5 5 7 29 30
split_gain=180851 34766.4 23381.7 6728.97 4952.67 3658.81 3033.48 2258.99 1861.12 1835.78 2036.43 1919.92 1586.75 1535.99 1508.54 1438.49 1321.6 1255.69 1247.91 1143.43 1116.45 1356.73 1300.16 997.991 1130.13 993.79 1232.01 1669.14 2503.45 2878.11
threshold=59.000000000000007 49.000000000000007 70.500000000000014 33.500000000000007 -0.30384615384615382 247650.00000000003 1.0000000180025095e-35 24.500000000000004 79.500000000000014 36.500000000000007 -0.021034615384615384 12.361208375404987 131320.00000000003 0.68735969066619884 245917.50000000003 0.60627824068069469 0.62770020961761486 0.6457839608192445 0.22064777327935226 39.500000000000007 56.000000000000007 2.5000000000000004 7794.0000000000009 12.138198560900538 0.46761133603238875 0.11513157894736843 0.28542510121457493 6491.0000000000009 4.5000000000000009 1.0000000180025095e-35
decision_type=2 2 2 2 2 2 2 2 2 2 2 2 2 2 2 2 2 2 2 2 2 2 2 2 2 2 2 2 2 2
left_child=1 3 4 -1 12 13 -7 20 18 10 -9 14 -2 25 16 -8 -11 -17 -4 -5 -3 -22 -23 -20 -25 -6 -27 -28 -29 -30
right_child=2 7 8 19 5 6 15 9 -10 11 -12 -13 -14 -15 -16 17 -18 -19 23 -21 21 22 -24 24 -26 26 27 28 29 -31
leaf_value=-0.86028156609887052 -0.47023430500315666 -0.19491258256463892 0.29424028803880081 -0.64791550775837004 0.017253628219678949 0.23322717101333726 0.12990143871425988 -0.65606077654460038 0.73477114039720659 -0.17824749730952194 -0.2084038196798324 -0.41732633398586683 0.052389946739020289 0.68348992425137345 0.23706150864761968 -0.62376065649926904 0.049190868223628781 -0.087006472888870617 0.62549919187542102 -0.4850974610870602 0.45968084456175051 -0.22525177491138659 0.27874964251828832 0.62142114013581728 0.08968487450880791 0.47204062653329598 0.15249213489932648 0.49638047068597202 -0.22407442680125836 0.32017508940125755
leaf_weight=191 30 25 40 140 30 86 20 29 263 156 203 38 28 27 42 24 108 20 279 492 29 25 26 20 20 100 168 146 31 111
leaf_count=191 30 25 40 140 30 86 20 29 263 156 203 38 28 27 42 24 108 20 279 492 29 25 26 20 20 100 168 146 31 111
internal_value=0.00225942 -0.38139 0.402129 -0.600048 0.22689 0.260754 0.0393432 -0.117081 0.633351 -0.155962 -0.264641 -0.0825973 -0.218191 0.31491 -0.0408906 -0.221068 -0.0852022 -0.380645 0.558853 -0.521269 0.096108 0.187244 0.031635 0.591915 0.356564 0.297805 0.312928 0.277928 0.351003 0.201251
internal_weight=2947 1504 1443 823 821 763 150 681 622 576 232 344 58 613 306 64 264 44 359 632 105 80 51 319 40 586 556 456 288 142
internal_count=2947 1504 1443 823 821 763 150 681 622 576 232 344 58 613 306 64 264 44 359 632 105 80 51 319 40 586 556 456 288 142
is_linear=0
shrinkage=0.05


Tree=14
num_leaves=31
num_cat=0
split_feature=27 27 27 27 14 15 31 27 0 31 31 14 15 15 27 2 14 5 18 15 8 0 2 14 15 15 14 8 31 31
split_gain=163229 31429 21259 5637.47 5376.41 2770.04 2526.21 2016.81 2010.95 1876.24 1649.01 1765.26 1638.88 1607.5 1454.77 1221.49 1227.93 1749.31 1366.88 1325.35 1340.58 1257.29 1218.9 1204.48 1162.07 1442.64 1083.18 1005.71 1248.58 1504.35
threshold=59.000000000000007 47.000000000000007 68.500000000000014 33.500000000000007 -0.30384615384615382 12.120625624008893 65.500000000000014 79.500000000000014 1.0000000180025095e-35 24.500000000000004 36.500000000000007 -0.021034615384615384 11.690864466488067 12.361208375404987 54.000000000000007 0.5925891399383546 0.076742307692307707 0.091093117408906896 122292.50000000001 11.815810944872601 613.50000000000011 1.0000000180025095e-35 0.64537152647972118 0.050096153846153853 11.84959587798839 11.932299836722258 -0.2961538461538461 928.50000000000011 28.500000000000004 49.500000000000007
decision_type=2 2 2 2 2 2 2 2 2 2 2 2 2 2 2 2 2 2 2 2 2 2 2 2 2 2 2 2 2 2
left_child=1 3 4 -1 12 15 8 26 -7 14 11 -11 -2 24 -3 -6 17 -17 19 20 22 -18 -19 -16 -12 -26 -4 28 -22 -30
right_child=2 9 7 -5 5 6 -8 -9 -10 10 13 -13 -14 -15 23 16 21 18 -20 -21 27 -23 -24 -25 25 -27 -28 -29 29 -31
leaf_value=-0.81729001599665674 -0.56622626738574666 -0.32061288226303181 0.28077974372009668 -0.50470987157328062 0.5641406444925593 0.2235233454296239 -0.38666728106771764 0.6980465673789501 -0.17673383252230765 -0.62337046066919966 -0.15575226782484686 -0.2083440516138913 0.03010043908114457 -0.39651478740174001 0.27771434137405621 -0.18366335266990361 0.24345155151439288 0.66932487949686514 0.056180810987850195 0.60237048854458042 -0.26287574768066407 0.6929044208218974 0.28513800175805842 -0.10457077310016301 0.41234467733499697 -0.020150464368844809 0.54770269768932767 0.31958916334841853 0.34415004967156171 -0.13993293373416568
leaf_weight=191 27 20 43 595 42 178 24 263 38 29 148 218 20 38 61 22 29 35 60 36 20 34 51 31 22 151 357 92 48 24
leaf_count=191 27 20 43 595 42 178 24 263 38 29 148 218 20 38 61 22 29 35 60 36 20 34 51 31 22 151 357 92 48 24
internal_value=0.00214792 -0.36233 0.382036 -0.580768 0.205049 0.238301 0.0989057 0.590186 0.153035 -0.12315 -0.157896 -0.257325 -0.312839 -0.0894209 0.0647803 0.306117 0.281957 0.248566 0.274604 0.317383 0.279158 0.486806 0.442147 0.148873 -0.0529394 0.0350265 0.519098 0.202752 0.0856399 0.182749
internal_weight=2947 1504 1443 786 780 733 240 663 216 718 606 247 47 359 112 493 451 388 366 306 270 63 86 92 321 173 400 184 92 72
internal_count=2947 1504 1443 786 780 733 240 663 216 718 606 247 47 359 112 493 451 388 366 306 270 63 86 92 321 173 400 184 92 72
is_linear=0
shrinkage=0.05


Tree=15
num_leaves=31
num_cat=0
split_feature=27 27 27 27 14 15 27 27 5 5 14 15 5 15 29 27 14 27 7 15 7 29 27 31 0 35 5 27 8 29
split_gain=139685 28776.3 18110 3777.64 3435.69 2697.19 2264.58 2190.01 2153.73 1968.47 1546.46 1465.34 1633.01 1415.78 1415.28 1382.59 1377.8 1648.42 1805.97 1565.24 1750.81 1345.27 1627.15 1235.51 1417 1317.74 995.932 958.863 877.878 2017.57
threshold=61.500000000000007 44.500000000000007 68.500000000000014 33.500000000000007 -0.30384615384615382 12.110607503874594 79.500000000000014 50.500000000000007 0.31009615384615391 0.28542510121457493 -0.17115384615384613 12.191090970656875 0.22064777327935226 11.857227206788016 6.5000000000000009 74.500000000000014 0.3663538461538462 56.000000000000007 9245.0000000000018 11.852523202651957 8039.0000000000009 1.5000000000000002 57.500000000000007 65.500000000000014 1.0000000180025095e-35 5.5000000000000009 0.46761133603238875 57.500000000000007 922.50000000000011 4.5000000000000009
decision_type=2 2 2 2 2 2 2 2 2 2 2 2 2 2 2 2 2 2 2 2 2 2 2 2 2 2 2 2 2 2
left_child=1 3 4 -1 -2 14 11 -3 9 10 -9 12 13 -4 28 -14 17 -10 19 20 26 22 -12 24 -7 -26 -19 -18 -6 -30
right_child=2 7 6 -5 5 23 -8 8 16 -11 21 -13 15 -15 -16 -17 27 18 -20 -21 -22 -23 -24 -25 25 -27 -28 -29 29 -31
leaf_value=-0.77537963908777185 -0.2620903880394938 -0.30795197979130351 -0.053261447185045711 -0.50050276654829962 0.24869460469390706 0.18426928892028394 0.66447852187711021 -0.57786855893348577 -0.13081974880701203 -0.63898668625542721 0.31815073793915694 0.15134770712377127 0.37365955326426048 0.52079687996290225 -0.090438555768041898 0.60557894937067747 0.0099079950848508149 0.054608965407462663 -0.13143580702835242 0.37055576370180826 0.46910445616708546 -0.24057957441894923 -0.13419437317309493 -0.26194670659639102 -0.3927201727251986 0.15388853835974825 -0.34729183156098897 -0.36239806552089238 0.55693790618722172 0.23060360743618658
leaf_weight=165 39 136 23 523 245 180 270 20 122 24 31 32 89 20 23 239 28 66 64 66 21 100 55 23 23 21 20 45 94 96
leaf_count=165 39 136 23 523 245 180 270 20 122 24 31 32 89 20 23 239 28 66 64 66 21 100 55 23 23 21 20 45 94 96
internal_value=0.00908237 -0.329591 0.364249 -0.566536 0.194192 0.219474 0.552182 -0.125256 -0.0876745 -0.21124 -0.161096 0.476787 0.504796 0.214215 0.29129 0.542798 -0.021842 0.0184289 0.0953011 0.179237 0.0609448 -0.115968 0.0289823 0.0862248 0.122098 -0.131968 -0.0390931 -0.219709 0.311501 0.392288
internal_weight=2903 1486 1417 688 744 705 673 798 662 230 206 403 371 43 458 328 432 359 237 173 107 186 86 247 224 44 86 73 435 190
internal_count=2903 1486 1417 688 744 705 673 798 662 230 206 403 371 43 458 328 432 359 237 173 107 186 86 247 224 44 86 73 435 190
is_linear=0
shrinkage=0.05


Tree=16
num_leaves=31
num_cat=0
split_feature=27 27 27 27 6 16 27 27 5 31 5 2 15 5 15 27 5 5 6 7 2 27 5 5 5 6 7 31 31 8
split_gain=126074 25970.3 16345.7 3409.7 3051.12 2232.55 2043.48 1976.47 1944.36 1861.12 1777.41 1622.27 1322.35 1473.39 1278.45 1247.67 1189.12 1685.32 1399.52 1188.41 1095.2 1059.65 899.149 1420.94 1322.86 1996.62 1345.48 1365.48 1210.5 822.829
threshold=61.500000000000007 44.500000000000007 68.500000000000014 33.500000000000007 0.13942307692307696 247650.00000000003 79.500000000000014 50.500000000000007 0.31009615384615391 47.500000000000007 0.28542510121457493 0.62098920345306408 12.191090970656875 0.22064777327935226 11.857227206788016 73.500000000000014 0.069711538461538478 0.13942307692307696 1.0000000180025095e-35 2041.0000000000002 0.6863645911216737 66.500000000000014 0.55048076923076927 0.57072368421052644 0.44951923076923084 0.057565789473684216 7794.0000000000009 36.500000000000007 36.500000000000007 842.50000000000011
decision_type=2 2 2 2 2 2 2 2 2 2 2 2 2 2 2 2 2 2 2 2 2 2 2 2 2 2 2 2 2 2
left_child=1 3 4 -1 5 20 12 -3 10 11 16 21 13 14 -4 -15 -9 -18 19 -19 22 -7 24 -24 -2 26 27 -26 -25 -8
right_child=2 7 6 -5 -6 9 29 8 -10 -11 -12 -13 -14 15 -16 -17 17 18 -20 -21 -22 -23 23 28 25 -27 -28 -29 -30 -31
leaf_value=-0.73663413355669649 0.25660952043646745 -0.2925656968753711 -0.050609909146379077 -0.47548241667710117 -0.40826352080462674 -0.048679576073330719 0.69445975810741201 0.12161314477553181 -0.020750127082444458 -0.30228835888139433 -0.60716991929097786 -0.16535153280604972 0.14380389446410066 0.35119841085632231 0.49488659260877921 0.57393373176486273 -0.53261585490911545 0.22507150121415853 -0.34315585533301984 -0.15028077371149179 0.59179424624637234 0.3583714418998068 0.49414906013354404 0.42200032727744746 -0.55308717980104338 0.28227586396221332 0.18176310117217317 -0.018240355600342439 -0.020238474973185903 0.50832687826032363
leaf_weight=165 285 136 23 523 21 22 178 33 432 33 24 34 32 86 20 242 32 33 50 58 22 58 73 27 22 59 26 26 36 92
leaf_count=165 285 136 23 523 21 22 178 33 432 33 24 34 32 86 20 242 32 33 50 58 22 58 73 27 22 59 26 26 36 92
internal_value=0.00862757 -0.313122 0.346046 -0.538218 0.184485 0.201763 0.524591 -0.119004 -0.0833017 0.0277793 -0.200708 0.12355 0.452969 0.479576 0.203553 0.515674 -0.153057 -0.20552 -0.130925 -0.0140115 0.246143 0.246449 0.232304 0.34407 0.195854 0.0655313 -0.107359 -0.264123 0.169582 0.631267
internal_weight=2903 1486 1417 688 744 723 673 798 662 147 230 114 403 371 43 328 206 173 141 91 576 80 554 136 418 133 74 48 63 270
internal_count=2903 1486 1417 688 744 723 673 798 662 147 230 114 403 371 43 328 206 173 141 91 576 80 554 136 418 133 74 48 63 270
is_linear=0
shrinkage=0.05


Tree=17
num_leaves=31
num_cat=0
split_feature=27 27 27 27 14 15 7 33 27 14 14 31 27 14 16 7 2 27 29 2 5 7 31 0 35 8 8 31 5 2
split_gain=113790 23437.9 14753.3 3091.41 3038.16 2281.78 1908.45 2043.61 1783.74 1893.52 2007.97 2468.07 1722.98 1766.39 1421.64 1281.74 2096.84 1232.81 1142.96 1382.88 1432.18 1078.06 1075.11 1189.78 1142.32 1044.42 1037.34 1136.2 969.894 1462.52
threshold=61.500000000000007 44.500000000000007 68.500000000000014 36.000000000000007 -0.30384615384615382 12.110607503874594 13495.500000000002 1.0000000180025095e-35 50.500000000000007 -0.24119230769230768 -0.079749999999999988 49.500000000000007 57.500000000000007 0.3663538461538462 277737.50000000006 515.00000000000011 0.67043229937553417 56.000000000000007 6.5000000000000009 0.68418172001838695 0.11513157894736843 5618.5000000000009 65.500000000000014 1.0000000180025095e-35 5.5000000000000009 508.00000000000006 1066.5000000000002 41.500000000000007 0.37171052631578955 0.62927025556564342
decision_type=2 2 2 2 2 2 2 2 2 2 2 2 2 2 2 2 2 2 2 2 2 2 2 2 2 2 2 2 2 2
left_child=1 3 4 -1 -2 18 14 -8 -3 -10 11 -11 17 21 15 16 -4 -12 19 20 -6 -14 23 -7 -25 -17 27 -23 29 -19
right_child=2 8 6 -5 5 22 7 -9 9 10 12 -13 13 -15 -16 25 -18 28 -20 -21 -22 26 -24 24 -26 -27 -28 -29 -30 -31
leaf_value=-0.69026327836054258 -0.25379694591150109 -0.27794815534007283 0.62143747412351014 -0.44825357917811115 -0.14167281609575896 0.16692016812404417 -0.015117214798417867 0.61728327879265177 -0.42137461027761147 0.4987727637339896 -0.073443994994079886 -0.086876385889365651 -0.22916123836473934 -0.39669644380165847 0.20817447907326858 0.68308643019516468 -0.025221928586047961 -0.3144173197188781 -0.077938036923800705 0.62296173394362686 0.28161186701281643 -0.048734052222467066 -0.24829560317002333 -0.36563048223396399 0.14328874529679239 0.52263626074251057 -0.15246407342756174 0.34974732568914513 0.3271094251381837 0.28874111537316549
leaf_weight=179 39 136 25 509 21 180 35 20 38 34 151 38 104 66 34 139 25 20 23 28 386 44 23 23 21 395 73 30 44 20
leaf_count=179 39 136 25 509 21 180 35 20 38 34 151 38 104 66 34 139 25 20 23 28 386 44 23 23 21 395 73 30 44 20
internal_value=0.0081977 -0.297476 0.328758 -0.511317 0.175267 0.199043 0.498383 0.215459 -0.113065 -0.0791472 -0.0582343 0.189919 -0.0906397 -0.16668 0.523515 0.541827 0.298603 0.0119398 0.265097 0.28326 0.25973 -0.106044 0.0764833 0.109949 -0.12285 0.564531 -0.0188097 0.112999 0.165392 -0.0127454
internal_weight=2903 1486 1417 688 744 705 673 55 798 662 624 72 552 317 618 584 50 235 458 435 407 251 247 224 44 534 147 74 84 40
internal_count=2903 1486 1417 688 744 705 673 55 798 662 624 72 552 317 618 584 50 235 458 435 407 251 247 224 44 534 147 74 84 40
is_linear=0
shrinkage=0.05


Tree=18
num_leaves=31
num_cat=0
split_feature=27 27 27 27 14 15 27 27 14 14 31 16 29 16 5 29 31 2 15 5 15 27 2 1 35 31 2 16 29 7
split_gain=102701 21153.1 13316.5 2792.73 2742.42 2099.37 1749.57 1609.93 1709.44 1812.59 2228.14 1650.09 1365.21 1951.93 1564.17 1457.45 1213.49 1238.22 1123.02 1285.06 1142.98 1092.23 1070.48 1039.49 1098.44 2433.93 1395.96 1037.53 981.901 831.43
threshold=61.500000000000007 44.500000000000007 68.500000000000014 33.500000000000007 -0.30384615384615382 12.213301423816644 79.500000000000014 50.500000000000007 -0.24119230769230768 -0.079749999999999988 49.500000000000007 281375.00000000006 3.5000000000000004 252477.00000000003 0.40283400809716602 1.5000000000000002 24.500000000000004 0.62911051511764537 12.191090970656875 0.22064777327935226 11.857227206788016 73.500000000000014 0.68735969066619884 1.0000000180025095e-35 8.5000000000000018 44.500000000000007 0.63610014319419872 227775.00000000003 4.5000000000000009 7794.0000000000009
decision_type=2 2 2 2 2 2 2 2 2 2 2 2 2 2 2 2 2 2 2 2 2 2 2 2 2 2 2 2 2 2
left_child=1 3 4 -1 -2 22 18 -3 -9 10 -10 12 13 15 -14 16 -11 -18 19 20 -4 -21 29 24 25 26 28 -16 -7 -6
right_child=2 7 6 -5 5 23 -8 8 9 11 -12 -13 14 -15 27 -17 17 -19 -20 21 -22 -23 -24 -25 -26 -27 -28 -29 -30 -31
leaf_value=-0.66533248324888117 -0.24113954963052975 -0.2640609614731721 -0.066231728361282508 -0.42898059027118862 0.17324394031774226 0.28424370312968267 0.57218189651614781 -0.40036118018032679 0.47390724979887255 0.3501299514572061 -0.082543965554771725 -0.36918493734550073 -0.18157015922356043 0.31559739745998777 0.2611691767404693 -0.22022621755055055 -0.37236021000319997 0.071571275155718747 0.12234127815360221 0.31160389583397757 0.44950158536730717 0.5199476543744701 0.59476807081877292 0.32689375823949912 0.28337345830632443 -0.50161949431324349 -0.32315904664162975 -0.046812356856260048 -0.12906474078436034 0.30354425162001353
leaf_weight=165 39 136 23 523 326 45 270 38 34 21 38 47 49 24 78 222 24 45 32 86 20 242 20 25 24 27 20 42 21 197
leaf_count=165 39 136 23 523 326 45 270 38 34 21 38 47 49 24 78 222 24 45 32 86 20 242 20 25 24 27 20 42 21 197
internal_value=0.00778913 -0.282609 0.31233 -0.48576 0.166504 0.189093 0.473484 -0.107416 -0.075193 -0.0553221 0.180448 -0.0861109 -0.0596876 -0.117985 0.0561882 -0.151444 0.0182211 -0.0830827 0.407221 0.431739 0.174015 0.465448 0.236215 0.0310677 -0.0230778 -0.0884019 0.041703 0.153385 0.152665 0.222383
internal_weight=2903 1486 1417 688 744 705 673 798 662 624 72 552 505 336 169 312 90 69 403 371 43 328 543 162 137 113 86 120 66 523
internal_count=2903 1486 1417 688 744 705 673 798 662 624 72 552 505 336 169 312 90 69 403 371 43 328 543 162 137 113 86 120 66 523
is_linear=0
shrinkage=0.05


Tree=19
num_leaves=31
num_cat=0
split_feature=27 27 27 27 6 16 7 33 10 27 5 5 14 27 15 8 35 10 14 14 27 7 15 7 5 8 6 29 8 16
split_gain=92693.3 19091.2 12018.9 2601.44 2519.47 1791.35 1711.78 1829.33 1601.24 1453.07 1612.13 1552.65 1242.3 1207.24 1230.61 1261.97 1088.53 1565.61 1085.38 1042.4 1360.22 1504.73 1302.02 1511.66 868.507 825.233 803.321 1330.59 2140.92 2630.27
threshold=61.500000000000007 44.500000000000007 68.500000000000014 39.500000000000007 0.13942307692307696 252752.00000000003 13495.500000000002 1.0000000180025095e-35 1.0000000180025095e-35 50.500000000000007 0.31009615384615391 0.28542510121457493 -0.17115384615384613 79.500000000000014 12.191090970656875 74.500000000000014 5.5000000000000009 1.0000000180025095e-35 -0.30384615384615382 0.3663538461538462 56.000000000000007 9245.0000000000018 11.852523202651957 8039.0000000000009 0.46761133603238875 1647.5000000000002 0.057565789473684216 4.5000000000000009 894.00000000000011 180650.00000000003
decision_type=2 2 2 2 2 2 2 2 2 2 2 2 2 2 2 2 2 2 2 2 2 2 2 2 2 2 2 2 2 2
left_child=1 3 4 -1 5 18 13 -8 -7 -3 11 12 -11 14 15 -4 -14 -18 -2 20 -12 22 23 24 -22 -23 27 28 29 -20
right_child=2 9 6 -5 -6 8 7 -9 -10 10 19 -13 16 -15 -16 -17 17 -19 26 -21 21 25 -24 -25 -26 -27 -28 -29 -30 -31
leaf_value=-0.57250333835113332 -0.086831680984841175 -0.25086761533469509 0.084606202507947939 -0.37600502709869371 -0.38043388277998469 0.15444426615027915 -0.036150085739260727 0.56212949944076251 -0.19850105309010418 -0.507342557764765 -0.11502723191162292 -0.55822246529749309 -0.20187752090546254 0.55427387495522029 0.11624326358703069 0.46972100092897473 0.27166184669794025 -0.16290063599542698 0.24386987763996953 -0.18658711698655392 0.053637246925062582 -0.24636913764505095 0.34148870773004786 0.43835423927736505 -0.32167187531789143 0.1309500349660265 0.28868964227183314 0.016247563782021111 0.42273281149330511 -0.31402929095468163
leaf_weight=299 29 136 23 389 21 77 35 20 55 20 122 24 103 266 32 297 39 44 77 73 66 42 66 21 20 22 270 96 90 29
leaf_count=299 29 136 23 389 21 77 35 20 55 20 122 24 103 266 32 297 39 44 77 73 66 42 66 21 20 22 270 96 90 29
internal_value=0.0074016 -0.268484 0.296724 -0.46148 0.158185 0.173886 0.449825 0.181941 0.00730693 -0.102049 -0.0714352 -0.178341 -0.133809 0.473624 0.412525 0.442092 -0.0933665 0.0413124 0.211076 -0.0144781 0.0205473 0.0903768 0.166993 0.0590952 -0.0338581 -0.116586 0.22647 0.168842 0.24351 0.0910378
internal_weight=2903 1486 1417 688 744 723 673 55 132 798 662 230 206 618 352 320 186 83 591 432 359 237 173 107 86 64 562 292 196 106
internal_count=2903 1486 1417 688 744 723 673 55 132 798 662 230 206 618 352 320 186 83 591 432 359 237 173 107 86 64 562 292 196 106
is_linear=0
shrinkage=0.05


Tree=20
num_leaves=31
num_cat=0
split_feature=27 27 27 27 14 16 10 16 14 14 31 16 16 15 31 31 27 2 2 5 14 6 14 8 35 11 5 2 14 14
split_gain=84980.8 16665.9 12150.4 2455.62 2416.86 1777.98 2101.93 1404.57 1365.45 1727.1 2292.14 1644.27 1918.15 1349.11 1561.86 1221.73 1277.33 1208.91 1134.13 1053.23 1053.03 1083.84 1501.56 2050.3 1245.19 1254.13 1478.47 987.625 974.681 944.606
threshold=59.000000000000007 44.500000000000007 74.500000000000014 33.500000000000007 -0.2961538461538461 247650.00000000003 1.0000000180025095e-35 131320.00000000003 -0.24119230769230768 -0.079749999999999988 49.500000000000007 281375.00000000006 251950.00000000003 12.129933377210286 39.500000000000007 24.500000000000004 56.000000000000007 0.68735969066619884 0.5925891399383546 0.62019230769230782 0.076742307692307707 0.069711538461538478 -0.059288461538461533 1345.0000000000002 2.5000000000000004 1.0000000180025095e-35 0.44951923076923084 0.63791161775589 0.31969230769230778 -0.2961538461538461
decision_type=2 2 2 2 2 2 2 2 2 2 2 2 2 2 2 2 2 2 2 2 2 2 2 2 2 2 2 2 2 2
left_child=1 3 4 -1 7 17 -7 -2 -3 10 -10 12 15 29 -15 16 -11 18 -6 -17 21 22 -20 24 -24 26 27 -26 -14 -4
right_child=2 8 13 -5 5 6 -8 -9 9 11 -12 -13 28 14 -16 19 -18 -19 20 -21 -22 -23 23 -25 25 -27 -28 -29 -30 -31
leaf_value=-0.60549649336054001 -0.39361803683133617 -0.40167997440328124 0.21876137078365435 -0.38966576521402563 0.40769300159842753 0.18310876279639351 -0.18812604705703062 0.10266498516406519 0.4811598472578828 -0.18628572582283898 -0.10181363341712076 -0.36639828377093897 0.37192883923697706 0.40718435285625332 -0.11422597604905259 -0.1729069578366359 0.17967107584257955 0.49130380108671368 0.36322547366036484 0.16649852184833827 0.28896971035309432 -0.019189314917556852 -0.19089773086940542 -0.30412630221852854 0.36730776243376312 0.34347436870254922 -0.25558174950993545 0.020194288840486432 -0.051838146997190609 0.50092231357448791
leaf_weight=177 30 38 32 523 58 90 66 27 29 39 40 61 31 45 21 446 61 37 81 24 150 90 22 26 40 89 24 42 24 462
leaf_count=177 30 38 32 523 58 90 66 27 29 39 40 61 31 45 21 446 61 37 81 24 150 90 22 26 40 89 24 42 24 462
internal_value=-0.0026 -0.266535 0.272574 -0.444326 0.155821 0.17784 0.025996 -0.158681 -0.109553 -0.0947918 0.143474 -0.118782 -0.0945518 0.454307 0.241284 -0.121772 0.0368545 0.213767 0.197174 -0.155533 0.175447 0.134244 0.176872 0.11461 0.164921 0.205168 0.0887813 0.18982 0.187163 0.482703
internal_weight=2925 1493 1432 700 872 815 156 57 793 755 69 686 625 560 66 570 100 659 622 470 564 414 324 243 217 195 106 82 55 494
internal_count=2925 1493 1432 700 872 815 156 57 793 755 69 686 625 560 66 570 100 659 622 470 564 414 324 243 217 195 106 82 55 494
is_linear=0
shrinkage=0.05


Tree=21
num_leaves=31
num_cat=0
split_feature=27 27 27 27 14 16 10 7 16 14 14 35 16 16 34 29 2 16 2 8 8 2 14 8 31 7 27 16 34 14
split_gain=76698.9 15041.6 10965.8 2220.94 2181.67 1604.84 1897.26 1290.75 1268.11 1232.76 1564.77 1786.58 1541.24 1969.46 1114.42 1366.74 1094.76 1076.37 1026.5 975.495 1464.22 948.285 922.278 1576 1440.55 1218.52 879.611 851.644 792.838 757.678
threshold=59.000000000000007 44.500000000000007 74.500000000000014 36.000000000000007 -0.2961538461538461 247650.00000000003 1.0000000180025095e-35 14855.000000000002 131320.00000000003 -0.24119230769230768 -0.14923076923076919 6.5000000000000009 281375.00000000006 251950.00000000003 1.0000000180025095e-35 3.5000000000000004 0.6863645911216737 183875.00000000003 0.5925891399383546 1824.5000000000002 1639.5000000000002 0.60417041182518016 0.16792692307692311 778.00000000000011 30.500000000000004 515.00000000000011 57.500000000000007 228732.00000000003 1.0000000180025095e-35 0.51483461538461539
decision_type=2 2 2 2 2 2 2 2 2 2 2 2 2 2 2 2 2 2 2 2 2 2 2 2 2 2 2 2 2 2
left_child=1 3 4 -1 8 16 29 22 -2 -3 11 -11 13 14 15 -12 18 26 -6 20 27 -15 25 -24 -25 -4 -17 -20 -8 -7
right_child=2 9 7 -5 5 6 28 -9 -10 10 12 -13 -14 21 -16 17 -18 -19 19 -21 -22 -23 23 24 -26 -27 -28 -29 -30 -31
leaf_value=-0.56820833160023143 -0.37400249769521315 -0.38164868867929208 0.2079076530316448 -0.3675804458373062 0.38734344006508026 0.40110080285547334 0.0053514965333739282 0.086967171426020354 0.097550678891009504 0.5165778986671391 -0.11441208171817251 -0.11933167641518881 -0.34810835877997398 0.33157276012708459 -0.17486786926557391 0.41440957491131347 0.46350442881346371 -0.17349929244597379 0.15444105845691922 0.48480786317354668 -0.22828810696347124 -0.062347232630528299 0.51538362360260226 0.41470370063922507 -0.076964724360996148 0.50942932272403529 0.029528019547022572 0.42880789339294856 -0.34147429141690933 0.081129167241722866
leaf_weight=190 30 38 37 510 58 26 31 26 27 22 175 22 61 39 330 33 38 21 486 23 24 25 55 27 33 382 27 30 35 64
leaf_count=190 30 38 37 510 58 26 31 26 27 22 175 22 61 39 330 33 38 21 486 23 24 25 55 27 33 382 27 30 35 64
internal_value=-0.00246786 -0.253213 0.258954 -0.422117 0.148037 0.168957 0.0246944 0.431601 -0.150768 -0.104076 -0.0900501 0.19896 -0.107968 -0.0853738 -0.114146 -0.035815 0.203091 0.133864 0.187076 0.166371 0.152711 0.177763 0.448352 0.322229 0.144525 0.482871 0.241633 0.170482 -0.178734 0.173963
internal_weight=2925 1493 1432 700 872 815 156 560 57 793 755 44 711 650 586 256 659 81 621 563 540 64 534 115 60 419 60 516 66 90
internal_count=2925 1493 1432 700 872 815 156 560 57 793 755 44 711 650 586 256 659 81 621 563 540 64 534 115 60 419 60 516 66 90
is_linear=0
shrinkage=0.05


Tree=22
num_leaves=31
num_cat=0
split_feature=2 29 8 6 16 29 7 6 8 14 31 31 31 30 2 2 16 2 2 7 16 10 14 16 5 15 6 6 31 29
split_gain=15805.1 6511.4 6027.06 3772.35 3593.97 3214.64 2966.75 2882.18 2599.63 3342.21 2450.93 1964.07 2322.69 1944.96 1921.28 1774.82 1733.77 1674.3 2789.37 1673.22 1621.76 1384.84 2212.26 1407.13 1422.57 1301.31 1257.39 1748.72 1406 1254.63
threshold=0.62313979864120495 2.5000000000000004 661.00000000000011 1.0000000180025095e-35 256250.00000000003 3.5000000000000004 2408.5000000000005 0.091093117408906896 820.50000000000011 -0.16715769230769228 22.500000000000004 22.500000000000004 28.500000000000004 1.5000000000000002 0.66022831201553356 0.65145134925842296 342500.00000000006 0.60958421230316173 0.59242764115333568 8030.5000000000009 131320.00000000003 1.0000000180025095e-35 -0.075769230769230755 162850.00000000003 0.42927631578947373 12.052340126576548 0.069711538461538478 0.057565789473684216 20.500000000000004 2.5000000000000004
decision_type=2 2 2 2 2 2 2 2 2 2 2 2 2 2 2 2 2 2 2 2 2 2 2 2 2 2 2 2 2 2
left_child=5 8 6 4 11 10 15 14 9 -2 29 -4 -13 16 19 -3 17 18 -7 -5 -9 22 -12 24 -23 -16 27 28 -11 -1
right_child=1 2 3 7 -6 13 -8 20 -10 26 21 12 -14 -15 25 -17 -18 -19 -20 -21 -22 23 -24 -25 -26 -27 -28 -29 -30 -31
leaf_value=0.15652254196379128 -0.40151414699731458 -0.23128373944413116 0.32428701832862966 0.058443328643738371 -0.41007383652714263 0.063350148937828712 0.49046322697642114 -0.2443486392912898 -0.30365594400746398 0.33828806690474 0.2743422954214001 -0.29349152521515925 0.079500959430026288 0.20383970328823706 0.5260085056662771 0.28316476797235424 0.28780473128546402 0.04884350708392865 -0.26577168842314575 0.38335995031593373 0.14540198323730055 0.021629127065871914 -0.18205865386744707 -0.36112012704476992 -0.45200216266499382 0.14432921753716224 -0.15909815806523697 0.28336789675691526 -0.049003336462967798 -0.17783952616915411
leaf_weight=77 43 24 54 104 49 96 194 43 80 28 28 55 172 81 99 55 33 149 195 64 70 56 483 211 22 29 51 95 141 44
leaf_count=77 43 24 54 104 49 96 194 43 80 28 28 55 172 81 99 55 33 149 195 64 70 56 483 211 22 29 51 95 141 44
internal_value=-0.00234019 0.114878 0.18458 0.110379 -0.015374 -0.117575 0.385307 0.211833 -0.0461612 0.0114343 -0.17482 0.0535562 -0.0109391 -0.0223855 0.293819 0.126719 -0.0611714 -0.0874155 -0.157194 0.182405 -0.0029509 -0.206539 -0.156992 -0.294045 -0.112303 0.439753 0.0679305 0.111851 0.0152958 0.0348486
internal_weight=2925 1450 1012 739 330 1475 273 409 438 358 921 281 227 554 296 79 473 440 291 168 113 800 511 289 78 128 315 264 169 121
internal_count=2925 1450 1012 739 330 1475 273 409 438 358 921 281 227 554 296 79 473 440 291 168 113 800 511 289 78 128 315 264 169 121
is_linear=0
shrinkage=0.05


Tree=23
num_leaves=31
num_cat=0
split_feature=27 27 27 6 27 16 10 7 27 27 27 18 2 7 8 2 7 2 2 8 8 16 6 18 2 31 7 2 7 6
split_gain=65581.1 13062.4 9165.51 1926.43 1922.72 1180.88 1599.02 1171.07 1134.88 2421 3422.15 1039.92 1355.39 1272.34 1623.32 1215.68 1579.06 1145.75 994.771 922.08 1343.44 1177.52 969.802 879.258 830.191 1051.92 1060 1303.84 1033.95 926.161
threshold=59.000000000000007 44.500000000000007 74.500000000000014 0.13942307692307696 39.500000000000007 247650.00000000003 1.0000000180025095e-35 14855.000000000002 50.500000000000007 57.500000000000007 56.000000000000007 139976.50000000003 0.66347971558570873 739.50000000000011 1252.5000000000002 0.66022831201553356 11180.500000000002 0.68735969066619884 0.59597772359848034 894.00000000000011 950.00000000000011 300750.00000000006 0.069711538461538478 154700.00000000003 0.5925891399383546 19.500000000000004 3919.0000000000005 0.64537152647972118 6728.0000000000009 0.069711538461538478
decision_type=2 2 2 2 2 2 2 2 2 2 2 2 2 2 2 2 2 2 2 2 2 2 2 2 2 2 2 2 2 2
left_child=1 4 3 5 -1 11 -7 -4 -3 10 23 13 -13 -2 17 16 -16 24 -12 -11 -21 22 -22 -10 -15 -26 27 -27 -28 -30
right_child=2 8 7 -5 -6 6 -8 -9 9 19 18 12 -14 14 15 -17 -18 -19 -20 20 21 -23 -24 -25 25 26 28 -29 29 -31
leaf_value=-0.48373059835041038 -0.081808511713609353 -0.22260093460709462 0.41330675523692562 -0.29361433531658582 -0.3167550791113668 0.1636122220662008 -0.16017806296224135 0.069145978227885749 -0.16494382961821885 -0.23751243230578889 0.041430657579819598 0.21690347109492386 0.57250891192802122 0.42691181293330926 -0.18674469154118462 -0.29334387118156829 0.38084447913699682 0.57145085668111861 0.3731895865761416 0.22921650457223786 -0.027769548861095256 -0.48286980848176786 -0.38071691943453501 0.075364428423277494 -0.13728537943171359 0.6305590386916734 0.041503020156458043 0.14303865648283728 0.31505284890838986 -0.01896122525021491
leaf_weight=313 56 143 534 25 387 90 66 26 123 169 33 143 33 34 23 29 26 21 72 30 124 21 23 55 26 28 117 27 102 26
leaf_count=313 56 143 534 25 387 90 66 26 123 169 33 143 33 34 23 29 26 21 72 30 124 21 23 55 26 28 117 27 102 26
internal_value=-0.00222167 -0.234082 0.239512 0.138106 -0.391483 0.150888 0.0265771 0.397352 -0.0951029 -0.0670157 0.0428517 0.178937 0.283895 0.14301 0.170462 -0.0372608 0.114486 0.213 0.269109 -0.151739 -0.0784195 -0.133488 -0.0832479 -0.0906626 0.191923 0.167277 0.193726 0.392016 0.149049 0.247205
internal_weight=2925 1493 1432 872 700 847 156 560 793 650 283 691 176 515 459 78 49 381 105 367 198 168 147 178 360 326 300 55 245 128
internal_count=2925 1493 1432 872 700 847 156 560 793 650 283 691 176 515 459 78 49 381 105 367 198 168 147 178 360 326 300 55 245 128
is_linear=0
shrinkage=0.05


Tree=24
num_leaves=31
num_cat=0
split_feature=27 27 27 27 14 2 2 5 16 31 5 10 14 14 31 16 16 10 15 31 31 27 16 16 2 14 5 5 14 5
split_gain=59191.2 11788.8 8271.23 1791.9 1783.83 1227.52 2612.91 1848.39 1533.07 2071.45 1125.41 1616.88 1049.48 1329.93 1897.03 1218.94 1629.1 1032.51 1017.27 1491.43 948.082 1074.55 940.523 939.311 1181.74 1057.37 940.39 835.886 818.53 861.992
threshold=59.000000000000007 44.500000000000007 74.500000000000014 33.500000000000007 -0.2961538461538461 0.66161078214645397 0.65755760669708263 0.091093117408906896 241250.00000000003 44.500000000000007 0.25657894736842107 1.0000000180025095e-35 -0.24119230769230768 -0.079749999999999988 49.500000000000007 280500.00000000006 251950.00000000003 1.0000000180025095e-35 12.138198560900538 39.500000000000007 24.500000000000004 56.000000000000007 131320.00000000003 202550.00000000003 0.5925891399383546 0.089615384615384638 0.48684210526315791 0.62019230769230782 -0.2961538461538461 0.19901315789473686
decision_type=2 2 2 2 2 2 2 2 2 2 2 2 2 2 2 2 2 2 2 2 2 2 2 2 2 2 2 2 2 2
left_child=1 3 4 -1 22 6 7 -6 10 -10 11 -9 -3 14 -14 16 20 -11 28 -20 21 -15 -2 24 -12 -26 -25 -22 -4 -30
right_child=2 12 18 -5 5 -7 -8 8 9 17 23 -13 13 15 -16 -17 -18 -19 19 -21 27 -23 -24 26 25 -27 -28 -29 29 -31
leaf_value=-0.50959053513426222 -0.33121561433785779 -0.34645759765244533 0.15647550910432761 -0.32522244680750512 -0.32761588535498626 0.27056078586033738 -0.28289453539792009 0.16878149835803394 0.14524883750124032 -0.025139433010670932 0.38147944402819856 0.62339165223932658 0.43887115276556243 -0.16682985359445557 -0.091476133164770893 -0.30792171166362547 0.18765426865742033 -0.50938101354227883 0.35041088264955911 -0.16756504735543362 -0.14711842181648679 0.16882232068237621 0.074885992590351738 0.12167428956793436 0.11328452002834266 -0.26554937659211419 0.44696356801748732 0.15522703026340218 0.23593044022127541 0.44445137117728611
leaf_weight=177 30 38 32 523 20 168 38 43 97 22 38 36 29 39 40 63 53 22 45 20 446 61 27 39 220 20 52 24 57 406
leaf_count=177 30 38 32 523 20 168 38 43 97 22 38 36 29 39 40 63 53 22 45 20 446 61 27 39 220 20 52 24 57 406
internal_value=-0.00210841 -0.222384 0.227546 -0.371915 0.131215 0.150132 0.118817 0.143933 0.160006 0.0161641 0.205253 0.376535 -0.0903531 -0.0774123 0.131664 -0.0984652 -0.0772302 -0.26798 0.377489 0.190944 -0.101897 0.0378321 -0.13897 0.168477 0.122728 0.0815968 0.307895 -0.131639 0.401931 0.418848
internal_weight=2925 1493 1432 700 872 815 647 609 589 141 448 79 793 755 69 686 623 44 560 65 570 100 57 369 278 240 91 470 495 463
internal_count=2925 1493 1432 700 872 815 647 609 589 141 448 79 793 755 69 686 623 44 560 65 570 100 57 369 278 240 91 470 495 463
is_linear=0
shrinkage=0.05


Tree=25
num_leaves=31
num_cat=0
split_feature=27 27 27 27 14 27 27 14 15 15 8 27 5 33 14 33 30 35 18 14 5 15 7 5 8 5 8 35 33 35
split_gain=54440.6 10654.5 6959.14 2155.81 1831.44 1223.11 3449.19 1219.03 1250.98 1162.2 1016.24 996.716 897.174 891.219 837.925 837.033 1083.45 832.647 1053.7 819.214 686.456 752.253 745.496 725.043 683.28 1134 677.169 696.226 640.603 590.561
threshold=59.000000000000007 49.000000000000007 73.500000000000014 39.500000000000007 -0.30384615384615382 57.500000000000007 56.000000000000007 0.3663538461538462 11.84959587798839 12.120625624008893 1824.5000000000002 81.500000000000014 0.17269736842105265 1.0000000180025095e-35 -0.054615384615384614 1.0000000180025095e-35 1.0000000180025095e-35 7.5000000000000009 89300.000000000015 -0.38961538461538453 0.15587044534412958 12.191090970656875 14962.000000000002 0.37980769230769235 962.50000000000011 0.31009615384615391 1625.5000000000002 2.5000000000000004 1.0000000180025095e-35 5.5000000000000009
decision_type=2 2 2 2 2 2 2 2 2 2 2 2 2 2 2 2 2 2 2 2 2 2 2 2 2 2 2 2 2 2
left_child=1 3 4 -1 19 6 -3 8 12 10 26 17 -7 -9 -10 16 -14 20 -19 -2 -4 22 -22 -23 25 -16 27 -6 29 -8
right_child=2 5 11 -5 9 7 28 13 14 -11 -12 -13 15 -15 24 -17 -18 18 -20 -21 21 23 -24 -25 -26 -27 -28 -29 -30 -31
leaf_value=-0.43789807597150932 0.053662771527453246 -0.10847002180041108 0.089397773257924307 -0.2707893363305251 -0.03384792930569467 -0.43452540160922393 0.019541770691745793 -0.43345310928379688 0.23498571124598588 0.05795482177068545 0.52715713751824544 0.5787681094102578 -0.081724097124905359 -0.07085096359474162 -0.11988755205772102 0.094568654041726055 -0.4399797296313227 0.40876939298134851 -0.052104539945071859 -0.3188657665176024 0.40219425600153802 0.3958059733512842 0.10845616065062486 0.0043973266638512977 -0.17174207934834451 0.36512900223664202 -0.09810204209245707 0.20002150802079399 0.45716089828427864 0.30642974701492492
leaf_weight=314 28 209 24 504 34 28 34 49 36 257 21 44 66 26 28 33 31 21 30 31 393 21 23 27 52 21 22 483 27 38
leaf_count=314 28 209 24 504 34 28 34 49 36 257 21 44 66 26 28 33 31 21 30 31 393 21 23 27 52 21 22 483 27 38
internal_value=-0.00158027 -0.213516 0.215726 -0.334988 0.126609 -0.0669254 0.00666773 -0.128185 -0.0823439 0.146042 0.186442 0.349577 -0.17818 -0.308079 0.0281955 -0.122637 -0.196605 0.330754 0.137998 -0.142196 0.350857 0.364347 0.385996 0.176209 -0.045622 0.0881951 0.173063 0.184628 0.249651 0.171239
internal_weight=2955 1496 1459 818 876 678 308 370 295 817 560 583 158 75 137 130 97 539 51 59 488 464 416 48 101 49 539 517 99 72
internal_count=2955 1496 1459 818 876 678 308 370 295 817 560 583 158 75 137 130 97 539 51 59 488 464 416 48 101 49 539 517 99 72
is_linear=0
shrinkage=0.05


Tree=26
num_leaves=31
num_cat=0
split_feature=27 27 27 27 14 31 31 15 31 5 14 35 15 14 8 29 6 7 31 27 31 31 15 31 31 27 29 31 8 5
split_gain=49135.8 9615.77 6281.57 1945.66 1653.17 1201.74 1503.83 1366.98 1049.95 1273.36 1082.2 1056.52 1048.92 967.311 917.803 944.027 2712.3 1830.15 954.261 899.862 883.794 863.996 849.654 835.812 1403.08 801.975 1189.71 798.35 788.08 1233.2
threshold=59.000000000000007 49.000000000000007 73.500000000000014 39.500000000000007 -0.30384615384615382 24.500000000000004 36.500000000000007 12.378961826715329 43.500000000000007 0.40283400809716602 0.31584615384615389 5.5000000000000009 12.120625624008893 -0.021034615384615384 1824.5000000000002 4.5000000000000009 1.0000000180025095e-35 7249.0000000000009 46.500000000000007 81.500000000000014 56.500000000000007 57.500000000000007 12.069681646240815 37.500000000000007 31.500000000000004 56.000000000000007 2.5000000000000004 38.500000000000007 922.50000000000011 0.37980769230769235
decision_type=2 2 2 2 2 2 2 2 2 2 2 2 2 2 2 2 2 2 2 2 2 2 2 2 2 2 2 2 2 2
left_child=1 3 4 -1 -2 25 13 8 10 -10 11 -8 14 -7 15 28 17 -17 -18 21 23 -4 -11 24 -14 -3 -27 -25 29 -6
right_child=2 5 19 -5 12 6 7 -9 9 22 -12 -13 20 -15 -16 16 18 -19 -20 -21 -22 -23 -24 27 -26 26 -28 -29 -30 -31
leaf_value=-0.41601013649955976 -0.13510469877477832 -0.12888226346336171 0.3278951612502406 -0.25725255473174169 0.22082290608343724 -0.44810653158322789 0.054504678184532321 -0.325107312219933 -0.15580938041304712 -0.022999543641172286 -0.10434509187788266 0.45174321352211955 0.098658280094506556 -0.14842769819576912 0.50092418787038717 0.071732675026510359 0.32504915226500602 -0.46656761315091244 0.043027174822738261 0.54989532213362435 -0.18200374028899455 0.020674160827739606 0.29654580451246365 0.39666222284077834 -0.32414474790826497 0.48443216098657937 0.042760210026658557 0.10409475682139019 0.32901909503395643 -0.054715805329426159
leaf_weight=314 59 27 515 504 198 31 33 34 126 59 30 34 71 204 21 32 73 31 51 44 34 24 32 31 27 23 45 94 103 51
leaf_count=314 59 27 515 504 198 31 33 34 126 59 30 34 71 204 21 32 73 31 51 44 34 24 32 31 27 23 45 94 103 51
internal_value=-0.00149883 -0.202844 0.204949 -0.318243 0.120281 -0.0635823 -0.0904584 -0.0244358 0.00819817 -0.0529144 0.144879 0.256536 0.138744 -0.188155 0.177125 0.164409 0.0735283 -0.193386 0.209225 0.332117 0.0550582 0.314231 0.0895153 0.09129 -0.017989 0.101221 0.192715 0.176951 0.212641 0.164368
internal_weight=2955 1496 1459 818 876 678 583 348 314 217 97 67 817 235 560 539 187 63 124 583 257 539 91 223 98 95 68 125 352 249
internal_count=2955 1496 1459 818 876 678 583 348 314 217 97 67 817 235 560 539 187 63 124 583 257 539 91 223 98 95 68 125 352 249
is_linear=0
shrinkage=0.05


Tree=27
num_leaves=31
num_cat=0
split_feature=2 6 15 14 5 10 7 5 29 6 2 29 2 30 31 2 7 7 7 7 31 30 2 30 30 7 2 11 31 2
split_gain=8651.14 4802.45 4095.98 3943.05 2886.12 2609.52 2281.38 2068.83 1795.77 1771.27 1747.32 1736.62 1941.78 1773.83 2070.41 1731.43 1432.48 3110.75 1695.5 1404.87 1354.86 1353.28 1326.68 1280.57 1236.1 1194.74 1267.95 1119.2 1095.25 1063.98
threshold=0.62313979864120495 0.057565789473684216 12.123578839701079 -0.25653846153846149 0.17269736842105265 1.0000000180025095e-35 3930.0000000000005 0.55048076923076927 2.5000000000000004 0.069711538461538478 0.67251744866371166 3.5000000000000004 0.59242764115333568 1.0000000180025095e-35 25.500000000000004 0.60958421230316173 7436.5000000000009 6728.0000000000009 3511.0000000000005 6952.0000000000009 50.500000000000007 1.0000000180025095e-35 0.59306803345680248 1.5000000000000002 1.0000000180025095e-35 4853.0000000000009 0.66240668296813976 1.0000000180025095e-35 52.500000000000007 0.61558911204338085
decision_type=2 2 2 2 2 2 2 2 2 2 2 2 2 2 2 2 2 2 2 2 2 2 2 2 2 2 2 2 2 2
left_child=11 2 4 5 24 -3 20 -4 9 -5 21 13 -13 14 22 23 17 18 -16 -19 -6 27 -1 -14 -2 -8 -27 -10 -20 -17
right_child=1 3 7 8 6 -7 25 -9 10 -11 -12 12 15 -15 16 29 -18 19 28 -21 -22 -23 -24 -25 -26 26 -28 -29 -30 -31
leaf_value=-0.17627365088525407 -0.081305310512795076 0.15702152956842949 -0.26492108710105861 0.18854199403065131 0.21627971520164674 -0.35800400857784392 -0.28418588114600957 0.22981381990108254 -0.2015173650556995 -0.15010820759553303 0.38824382339205066 0.16448254972110948 -0.2024237687095771 -0.24231834437156757 0.13210515875509732 0.21959464752164015 -0.23173087826209837 0.50714042415822524 -0.24624277426133268 0.043132569909553088 0.62127121725116341 0.25278624737808258 0.16563210844671694 0.079183027409983731 -0.50579859854409059 0.037147401343232474 0.33892020060343175 0.17135067790321812 0.12642523368559272 -0.034710725036644512
leaf_weight=38 77 45 172 115 79 54 24 24 34 58 177 117 208 249 45 63 216 28 184 39 28 240 111 50 22 228 41 49 22 118
leaf_count=38 77 45 172 115 79 54 24 24 34 58 177 117 208 249 45 63 216 28 184 39 28 240 111 50 22 228 41 49 22 118
internal_value=-0.00142161 0.0847355 -0.0106052 0.170564 0.0654633 -0.123929 0.125292 -0.20423 0.213903 0.0749561 0.261945 -0.0863661 -0.0164167 -0.128084 -0.0864011 -0.0646669 -0.132384 -0.0648357 -0.145645 0.237588 0.322787 0.19262 0.0783414 -0.14782 -0.176103 0.0530674 0.0832699 0.0184907 -0.206377 0.0538492
internal_weight=2955 1467 695 772 499 99 400 196 673 173 500 1488 556 932 683 439 534 318 251 67 107 323 149 258 99 293 269 83 206 181
internal_count=2955 1467 695 772 499 99 400 196 673 173 500 1488 556 932 683 439 534 318 251 67 107 323 149 258 99 293 269 83 206 181
is_linear=0
shrinkage=0.05


Tree=28
num_leaves=31
num_cat=0
split_feature=27 27 27 14 27 2 31 16 31 27 15 31 2 5 2 35 2 27 5 2 10 16 5 14 9 15 6 27 29 6
split_gain=42115.6 8331.4 5405.12 1770.52 1654.65 1237.95 1166.27 1463.84 1608.05 972.829 945.852 1004.63 1007.98 965.313 915.688 1047.22 906.437 868.805 858.128 1471.24 1440.12 948.161 847.958 833.874 811.528 802.363 755.467 706.345 1067.73 697.953
threshold=59.000000000000007 49.000000000000007 68.500000000000014 -0.30384615384615382 39.500000000000007 0.58118742704391491 24.500000000000004 300750.00000000006 36.500000000000007 79.500000000000014 12.120625624008893 65.500000000000014 0.60852640867233287 0.42927631578947373 0.59215146303176891 2.5000000000000004 0.68735969066619884 66.500000000000014 0.37171052631578955 0.62927025556564342 1.0000000180025095e-35 251950.00000000003 0.22064777327935226 -0.021034615384615384 1.0000000180025095e-35 12.191090970656875 1.0000000180025095e-35 56.000000000000007 2.5000000000000004 0.069711538461538478
decision_type=2 2 2 2 2 2 2 2 2 2 2 2 2 2 2 2 2 2 2 2 2 2 2 2 2 2 2 2 2 2
left_child=1 4 3 -2 -1 -3 27 8 23 22 14 12 17 26 -5 -16 29 -12 19 -10 -21 -20 -4 -8 -15 -24 -14 -7 -29 -17
right_child=2 5 9 10 -6 6 7 -9 18 -11 11 -13 13 24 15 16 -18 -19 21 20 -22 -23 25 -25 -26 -27 -28 28 -30 -31
leaf_value=-0.38533479131281434 -0.20743670241227227 0.30160031076117511 0.021800481937730404 0.40829437065683849 -0.23892420397536004 -0.12485783438840917 -0.42055710502376126 -0.41582291876116106 -0.24454628530934397 0.36589039253759537 -0.025501986563842068 -0.28395000752820149 -0.36225045304281434 0.17603503800043027 -0.15083533857286591 0.17404791641562989 0.46402139044427254 0.31330490183604565 0.021555473658710342 0.38591832756006866 -0.12549566978246346 0.35380721880620225 0.29055439951008322 -0.14093774465245365 -0.18215157528059178 0.028063151639569957 0.033818372321354838 0.45330317871911191 0.034898245390793697 0.010225368703631672
leaf_weight=314 44 23 39 34 504 27 31 34 75 275 28 22 28 63 29 331 23 58 149 24 32 25 330 190 21 32 21 23 45 81
leaf_count=314 44 23 39 34 504 27 31 34 75 275 28 22 28 63 29 331 23 58 149 24 32 25 330 190 21 32 21 23 45 81
internal_value=-0.00134823 -0.187756 0.189783 0.100333 -0.295172 -0.0581276 -0.070811 -0.0982947 -0.0776854 0.293354 0.11869 0.0373283 0.0697405 -0.0165008 0.158038 0.139606 0.15901 0.203036 -0.00324065 -0.0998719 0.0938899 0.0694973 0.243518 -0.180355 0.0863188 0.267379 -0.192682 0.0910785 0.176949 0.141863
internal_weight=2955 1496 1459 783 818 678 655 560 526 676 739 241 219 133 498 464 435 86 305 131 56 174 401 221 84 362 49 95 68 412
internal_count=2955 1496 1459 783 818 678 655 560 526 676 739 241 219 133 498 464 435 86 305 131 56 174 401 221 84 362 49 95 68 412
is_linear=0
shrinkage=0.05


Tree=29
num_leaves=31
num_cat=0
split_feature=27 27 27 14 27 27 27 7 5 15 2 35 2 32 27 8 6 2 15 29 6 16 2 14 29 5 6 11 14 5
split_gain=38010.6 7519.39 4878.3 1598.2 1526.52 1131.66 2794.2 1053.57 998.078 853.892 826.728 945.361 818.552 788.972 779.28 750.634 858.276 958.693 815.679 695.395 656.756 652.797 671.472 1591.56 850.93 814.213 629.892 894.635 1111.24 1212.22
threshold=59.000000000000007 49.000000000000007 68.500000000000014 -0.30384615384615382 33.500000000000007 57.500000000000007 56.000000000000007 15078.000000000002 0.31009615384615391 12.120625624008893 0.59215146303176891 2.5000000000000004 0.68735969066619884 1.0000000180025095e-35 79.500000000000014 74.500000000000014 1.0000000180025095e-35 0.62873792648315441 12.110607503874594 2.5000000000000004 0.069711538461538478 215404.50000000003 0.60852640867233287 0.51483461538461539 4.5000000000000009 0.42927631578947373 0.069711538461538478 1.0000000180025095e-35 -0.059288461538461533 0.28542510121457493
decision_type=2 2 2 2 2 2 2 2 2 2 2 2 2 2 2 2 2 2 2 2 2 2 2 2 2 2 2 2 2 2
left_child=1 4 3 20 -1 6 -3 14 -7 10 -5 -12 26 -6 15 -4 17 -17 -19 -10 -2 -11 23 -23 -25 -24 27 28 -13 -30
right_child=2 5 7 9 13 8 -8 -9 19 21 11 12 -14 -15 -16 16 -18 18 -20 -21 -22 22 25 24 -26 -27 -28 -29 29 -31
leaf_value=-0.41144443685704818 -0.011999239962854428 -0.088065341569657882 -0.039380727634171012 0.38793951691595341 -0.25461561299837759 -0.21816940360573464 0.23426198947255614 -0.061200648465307587 0.13975273770584432 -0.19572811135506718 -0.14331948761268171 0.33149708491437746 0.44092075060972402 0.063940674274121936 0.35474106737384209 0.33774774324170764 0.32334666808051687 0.14687624031760213 -0.21441053312216232 -0.089569338836896814 -0.39855048645164165 0.44475221466441889 -0.16013857179308591 0.1910260751781622 -0.24381013131960874 0.092354757048968852 0.009714731393995181 0.24062711884749063 0.16109202261177358 -0.15919719336493499
leaf_weight=175 23 209 22 34 623 142 99 22 40 27 29 33 23 20 273 51 218 70 20 188 21 33 51 24 21 85 81 180 60 58
leaf_count=175 23 209 22 34 623 142 99 22 40 27 29 33 23 20 273 51 218 70 20 188 21 33 51 24 21 85 81 180 60 58
internal_value=-0.00127958 -0.17837 0.180298 0.0953188 -0.280418 -0.0552203 0.0155661 0.278693 -0.114147 0.11276 0.150147 0.132632 0.151069 -0.244691 0.290142 0.24376 0.261131 0.164743 0.0663859 -0.0492718 -0.197088 0.035453 0.0647218 0.18157 -0.0118773 -0.0023416 0.134772 0.165348 0.0754787 0.0036179
internal_weight=2955 1496 1459 783 818 678 308 676 370 739 498 464 435 643 654 381 359 141 90 228 44 241 214 78 45 136 412 331 151 118
internal_count=2955 1496 1459 783 818 678 308 676 370 739 498 464 435 643 654 381 359 141 90 228 44 241 214 78 45 136 412 331 151 118
is_linear=0
shrinkage=0.05


Tree=30
num_leaves=31
num_cat=0
split_feature=27 27 27 27 14 27 7 7 29 7 5 27 27 5 31 29 5 30 8 7 7 15 35 7 7 31 7 14 29 35
split_gain=32423.6 6980.04 5741.39 1251.45 1155.34 907.905 967.772 926.938 898.589 1275.52 824.207 714.92 3656.94 972.197 666.656 874.915 1064.29 1147 973.156 2331.81 1068.43 1335 880.984 1221.82 724.232 664.027 623.277 622.314 598.811 575.39
threshold=59.000000000000007 44.500000000000007 74.500000000000014 31.500000000000004 -0.31307692307692303 77.000000000000014 13539.000000000002 515.00000000000011 6.5000000000000009 7436.5000000000009 0.31009615384615391 57.500000000000007 56.000000000000007 0.31009615384615391 30.500000000000004 5.5000000000000009 0.57072368421052644 1.0000000180025095e-35 820.50000000000011 6814.0000000000009 1219.5000000000002 11.852523202651957 5.5000000000000009 5330.0000000000009 5174.5000000000009 45.500000000000007 9649.5000000000018 0.40500000000000008 2.5000000000000004 3.5000000000000004
decision_type=2 2 2 2 2 2 2 2 2 2 2 2 2 2 2 2 2 2 2 2 2 2 2 2 2 2 2 2 2 2
left_child=1 3 4 -1 10 -4 7 -7 14 -10 -2 12 -3 -13 -6 16 17 22 20 -20 21 -19 27 -24 -22 -21 -25 -16 -15 -14
right_child=2 11 5 -5 8 6 -8 -9 9 -11 -12 13 29 28 15 -17 -18 18 19 25 24 -23 23 26 -26 -27 -28 -29 -30 -31
leaf_value=-0.39608608668639905 -0.40003148839248354 -0.095869626422841428 0.4488862784572149 -0.24320183074546745 0.18129531731212303 0.026462174650405471 -0.011164330802486584 0.3019206616051639 0.15750197375796446 -0.30381445711089816 0.026048208150827108 -0.21625380776227968 0.48769298471929706 0.12034885834132691 0.16128523349761964 0.22852484564364453 -0.23448094452338364 -0.21549338937824608 -0.43658820411503485 0.18513017988087407 0.51270727953074668 0.29549884238646396 0.022130252443528745 0.4107980495423898 0.11399750861513663 -0.073867710682013671 0.092946460650334906 -0.2321379521148122 -0.08908780376992842 0.19370647386423695
leaf_weight=179 20 319 77 537 240 33 30 420 28 32 26 144 23 42 20 84 30 35 35 43 21 20 46 69 25 58 20 20 180 61
leaf_count=179 20 319 77 537 240 33 30 420 28 32 26 144 23 42 20 84 30 35 35 43 21 20 46 69 25 58 20 20 180 61
internal_value=-0.00545284 -0.169146 0.164295 -0.28148 0.0840401 0.289218 0.263665 0.281875 0.0976301 -0.0885464 -0.159561 -0.0645248 -0.0185582 -0.115106 0.112229 0.0806782 0.052524 0.0734864 0.00176432 -0.0855022 0.11929 -0.0293882 0.170534 0.231566 0.296843 0.0364233 0.339611 -0.03539 -0.0494058 0.274746
internal_weight=2917 1485 1432 716 872 560 483 453 826 60 46 769 403 366 766 526 442 412 237 136 101 55 175 135 46 101 89 40 222 84
internal_count=2917 1485 1432 716 872 560 483 453 826 60 46 769 403 366 766 526 442 412 237 136 101 55 175 135 46 101 89 40 222 84
is_linear=0
shrinkage=0.05


Tree=31
num_leaves=31
num_cat=0
split_feature=2 6 14 16 15 5 14 7 16 10 14 2 29 6 7 2 35 5 7 7 7 20 5 2 15 14 35 7 35 29
split_gain=6216.22 3713.78 2974.44 2562.51 2103.21 2233.76 1845.12 1516.08 1432.82 1408.63 2409.93 1391.6 1516.55 1304.2 1256.28 1231.33 1209.83 1054.51 1012.45 934.35 952.07 921.574 1076.26 919.982 971.255 2281.08 917.637 808.501 782.663 804.215
threshold=0.62040513753891002 0.057565789473684216 -0.25653846153846149 131320.00000000003 12.123578839701079 0.17269736842105265 0.63269230769230778 3930.0000000000005 199840.00000000003 1.0000000180025095e-35 -0.075769230769230755 0.66212293505668651 4.5000000000000009 1.0000000180025095e-35 6035.0000000000009 0.59891644120216381 6.5000000000000009 0.48684210526315791 3134.5000000000005 2428.5000000000005 11453.500000000002 1.0000000180025095e-35 0.31009615384615391 0.60082709789276134 12.01066730890957 0.36280384615384625 4.5000000000000009 4021.5000000000005 8.5000000000000018 2.5000000000000004
decision_type=2 2 2 2 2 2 2 2 2 2 2 2 2 2 2 2 2 2 2 2 2 2 2 2 2 2 2 2 2 2
left_child=9 4 3 -3 5 -2 -6 -7 13 10 16 12 -4 -9 -14 21 -1 -8 -17 -12 23 22 -11 -21 27 -26 -24 -25 29 -13
right_child=1 2 11 -5 6 7 17 8 -10 15 19 28 14 -15 -16 18 -18 -19 -20 20 -22 -23 26 24 25 -27 -28 -29 -30 -31
leaf_value=0.25912148357129955 -0.17232775805051911 -0.3949886318849618 0.011274793012746694 0.14104379701033201 -0.22789229906373254 0.25933906024435421 -0.079651363459196448 -0.042632101274989273 0.29734936831054354 -0.24941711482123952 0.21787897636150491 0.14607800255267542 0.41705724472479544 0.27075227057839946 0.10634752125745861 0.11567331930091479 -0.15568171858248128 0.34231297955569995 -0.23569660698089945 -0.15330354684409472 0.12721452702087202 -0.20159916428890831 -0.040030584958001103 0.1439776163196089 0.19750622473178114 -0.1212841165623525 0.33740221586418945 -0.19977090997826941 0.080967652192726725 0.33086738878969091
leaf_weight=86 101 45 190 44 166 100 36 258 46 20 26 82 54 38 82 22 22 25 287 390 49 49 29 20 101 126 36 115 60 212
leaf_count=86 101 45 190 44 166 100 36 258 46 20 26 82 54 38 82 22 22 25 287 390 49 49 29 20 101 126 36 115 60 212
internal_value=-0.00517794 0.0638853 0.1416 -0.130067 -0.0137302 0.0396937 -0.141507 0.0881813 0.0380594 -0.0823129 -0.0474995 0.177177 0.102568 -0.00230559 0.22997 -0.155752 0.174512 0.0934802 -0.210634 -0.0765162 -0.0861044 -0.0290938 0.0704118 -0.100026 -0.0425869 0.020559 0.169129 -0.148739 0.245824 0.279412
internal_weight=2917 1539 769 89 770 543 227 442 342 1378 935 680 326 296 136 443 108 61 309 827 801 134 85 752 362 227 65 135 354 294
internal_count=2917 1539 769 89 770 543 227 442 342 1378 935 680 326 296 136 443 108 61 309 827 801 134 85 752 362 227 65 135 354 294
is_linear=0
shrinkage=0.05


Tree=32
num_leaves=31
num_cat=0
split_feature=27 27 27 2 27 6 6 8 35 31 11 2 27 7 7 8 27 31 16 35 2 16 8 7 6 35 31 5 2 2
split_gain=27574.4 6081.56 4864.71 1108.12 1095.06 992.284 965.974 826.757 798.666 1774.18 1003.86 1319.44 794.398 887.557 789.295 705.159 761.615 757.072 959.953 1216.46 855.172 1225.03 673.306 865.044 769.099 893.013 663.771 630.963 1312.11 1185.1
threshold=59.000000000000007 44.500000000000007 74.500000000000014 0.58118742704391491 39.500000000000007 0.13942307692307696 0.069711538461538478 69.500000000000014 9.5000000000000018 65.500000000000014 1.0000000180025095e-35 0.59662175178527843 77.000000000000014 13539.000000000002 515.00000000000011 73.500000000000014 54.000000000000007 24.500000000000004 299150.00000000006 4.5000000000000009 0.62873792648315441 251950.00000000003 1696.5000000000002 11617.500000000002 0.069711538461538478 2.5000000000000004 81.000000000000014 0.25657894736842107 0.63791161775589 0.65570423007011425
decision_type=2 2 2 2 2 2 2 2 2 2 2 2 2 2 2 2 2 2 2 2 2 2 2 2 2 2 2 2 2 2
left_child=1 4 5 -3 -1 8 7 -5 9 10 11 -2 -4 14 -14 -9 -17 -18 19 -19 21 -21 23 24 25 -12 -10 28 -13 -30
right_child=2 3 12 6 -6 -7 -8 15 26 -11 22 27 13 -15 -16 16 17 18 -20 20 -22 -23 -24 -25 -26 -27 -28 -29 29 -31
leaf_value=-0.3291900396124986 0.34762227281779545 0.25581389318093167 0.41596694290251435 0.23560225894342321 -0.20469475639740609 -0.24557757150559201 -0.25367446577494046 -0.35421492157883905 0.48716342211848468 -0.36675176393931808 -0.11548378694625128 0.34721148368229171 0.02445241844005815 -0.020447931208483802 0.27865080823405769 -0.15389087774552057 0.11927639654481 -0.14145995031370656 -0.32738812113135951 -0.12844967042214792 0.16136471295461435 0.19527884387114333 0.39953385675596498 -0.18444334668288298 -0.00058158762577337306 0.20911945737219972 0.10254524982336795 -0.046825782515039993 -0.27219389214138806 0.11549017249855005
leaf_weight=322 30 27 77 24 394 23 65 20 22 22 23 36 33 30 420 145 78 148 29 101 91 41 24 21 72 258 23 228 29 61
leaf_count=322 30 27 77 24 394 23 65 20 22 22 23 36 33 30 420 145 78 148 29 101 91 41 24 21 72 258 23 228 29 61
internal_value=-0.00491591 -0.155873 0.151625 -0.0582169 -0.260728 0.0777498 -0.0696836 -0.051976 0.0865427 0.0750383 0.0875189 0.0298162 0.266615 0.242714 0.260154 -0.0625876 -0.0533111 -0.0233901 -0.0505662 -0.0294022 0.0417847 -0.0348719 0.143158 0.12659 0.145155 0.182501 0.291355 0.00277882 0.0925451 -0.00953821
internal_weight=2917 1485 1432 769 716 872 742 677 849 804 782 384 560 483 453 653 633 488 410 381 233 142 398 374 353 281 45 354 126 90
internal_count=2917 1485 1432 769 716 872 742 677 849 804 782 384 560 483 453 653 633 488 410 381 233 142 398 374 353 281 45 354 126 90
is_linear=0
shrinkage=0.05


Tree=33
num_leaves=31
num_cat=0
split_feature=27 27 27 27 2 14 2 6 8 29 7 27 27 5 29 7 31 31 31 14 2 8 27 2 2 5 16 31 16 5
split_gain=24887.4 5488.67 4390.49 1006.71 1000.42 946.034 961.846 871.929 746.443 732.371 1083.41 717.104 850.646 1420.77 663.928 721.878 734.38 643.835 1015.36 1165.69 930.322 761.656 618.829 610.89 1568.4 1175.15 624.481 1107.99 683.62 663.495
threshold=59.000000000000007 44.500000000000007 74.500000000000014 33.500000000000007 0.58118742704391491 -0.31307692307692303 0.6394614875316621 0.069711538461538478 69.500000000000014 6.5000000000000009 7436.5000000000009 77.000000000000014 79.500000000000014 0.22064777327935226 5.5000000000000009 11067.000000000002 25.500000000000004 35.500000000000007 43.500000000000007 0.31584615384615389 0.60082709789276134 773.50000000000011 56.000000000000007 0.66212293505668651 0.65755760669708263 0.11513157894736843 241250.00000000003 47.500000000000007 228732.00000000003 0.28542510121457493
decision_type=2 2 2 2 2 2 2 2 2 2 2 2 2 2 2 2 2 2 2 2 2 2 2 2 2 2 2 2 2 2
left_child=1 3 5 -1 -3 6 -2 8 -6 23 -11 -4 13 -13 15 16 22 -18 19 20 -19 -22 -10 24 25 -7 28 -28 29 -27
right_child=2 4 11 -5 7 9 -8 -9 14 10 -12 12 -14 -15 -16 -17 17 18 -20 -21 21 -23 -24 -25 -26 26 27 -29 -30 -31
leaf_value=-0.34751112722318361 0.053881847213282888 0.24307039571424252 0.39519557398001048 -0.21234272880167435 0.2238710310449244 -0.24216650684839461 -0.40636089702150713 -0.24101022700285585 -0.12106229582276946 0.14484801266965494 -0.28030764075616993 -0.21160913241374027 0.29336726104615019 0.20206697927647133 0.16225766795817939 0.10537181446107768 -0.18931128591554131 -0.089546366703456337 -0.15022398202628146 -0.14814137185453044 0.091690521488362306 0.49941625021305325 0.11506027532147244 0.18327405541906128 -0.20136311735064108 0.25861249957934279 0.097984410201146913 -0.25979517600714525 0.39252111268911327 0.094081684119556475
leaf_weight=187 26 27 77 529 24 24 20 65 45 28 32 23 255 205 32 53 181 22 156 46 22 24 72 169 47 77 94 28 26 301
leaf_count=187 26 27 77 529 24 24 20 65 45 28 32 23 255 205 32 53 181 22 156 46 22 24 72 169 47 77 94 28 26 301
internal_value=-0.00466917 -0.148083 0.144049 -0.247696 -0.0553086 0.0738665 -0.146563 -0.0662041 -0.0493801 0.0861645 -0.0819076 0.253291 0.230581 0.16024 -0.0594635 -0.070921 -0.0873954 -0.116349 -0.0673675 0.0460035 0.177435 0.305147 0.0241754 0.0993449 0.075551 0.0992559 0.114887 0.0156846 0.14482 0.12767
internal_weight=2917 1485 1432 716 769 872 46 742 677 826 60 560 483 228 653 621 568 451 270 114 68 46 117 766 597 550 526 122 404 378
internal_count=2917 1485 1432 716 769 872 46 742 677 826 60 560 483 228 653 621 568 451 270 114 68 46 117 766 597 550 526 122 404 378
is_linear=0
shrinkage=0.05


Tree=34
num_leaves=31
num_cat=0
split_feature=27 27 27 27 2 35 31 11 2 7 33 24 27 27 27 27 35 16 7 2 8 27 18 2 16 5 18 31 18 7
split_gain=22461.3 4953.94 4012.59 923.876 903.155 853.655 1388.46 955.439 1514.28 756.383 1206.61 716.402 829.33 2740.84 711.468 702.187 673.147 1036.01 649.048 1233.32 609.03 589.382 557.163 556.738 1228.95 695.757 673.383 541.765 782.786 1125.22
threshold=59.000000000000007 44.500000000000007 68.500000000000014 39.500000000000007 0.58118742704391491 9.5000000000000018 65.500000000000014 1.0000000180025095e-35 0.60057252645492565 13495.500000000002 1.0000000180025095e-35 1.0000000180025095e-35 57.500000000000007 56.000000000000007 67.500000000000014 67.500000000000014 4.5000000000000009 265250.00000000006 515.00000000000011 0.67043229937553417 508.00000000000006 66.500000000000014 85600.000000000015 0.59907418489456188 215404.50000000003 0.55048076923076927 177626.00000000003 36.500000000000007 98645.000000000015 4853.0000000000009
decision_type=2 2 2 2 2 2 2 2 2 2 2 2 2 2 2 2 2 2 2 2 2 2 2 2 2 2 2 2 2 2
left_child=1 3 5 -1 -3 6 7 8 14 18 -11 12 13 -6 -2 21 17 -10 19 -4 -20 -9 -13 24 -14 26 -25 -18 29 -29
right_child=2 4 9 -5 11 -7 -8 15 16 10 -12 22 23 -15 -16 -17 27 -19 20 -21 -22 -23 -24 25 -26 -27 -28 28 -30 -31
leaf_value=-0.29819810870122332 0.056802212605379279 0.23096172576460894 0.34780283567324211 -0.18384817384903701 -0.065594959367068092 0.28108219308574706 -0.34342462288308467 0.16512188391721683 0.15064396979628714 -0.1368342047562697 0.32534664385793616 -0.41382998570597551 -0.1697347926987777 0.28384301294101183 0.4468879570167853 0.065939222764141964 -0.25898516367920832 -0.23655924786269936 0.3515123096088435 -0.18258753621726609 0.22892952389144053 0.46200243826974091 -0.12377058990666126 -0.12607505766944965 0.21070941059369397 0.094736152553261385 -0.34934120534293156 -0.034229178387275745 0.039815205011044921 -0.45620257978122764
leaf_weight=322 22 27 20 394 253 41 22 102 79 34 24 22 45 72 25 232 39 22 134 24 425 20 67 173 40 28 42 46 97 24
leaf_count=322 22 27 20 394 253 41 22 102 79 34 24 22 45 72 25 232 39 22 134 24 425 20 67 173 40 28 42 46 97 24
internal_value=-0.00443459 -0.140679 0.136849 -0.235315 -0.0525393 0.0593308 0.0468326 0.0590131 0.000910716 0.227236 0.0545578 -0.0628918 -0.0447272 0.0118671 0.264909 0.117085 -0.0395628 0.0661027 0.243826 0.0586276 0.258381 0.21417 -0.195911 -0.100806 0.00927624 -0.13932 -0.169855 -0.0914008 -0.0521029 -0.179422
internal_weight=2917 1485 1432 716 769 771 730 708 354 661 58 742 653 325 47 354 307 101 603 44 559 122 89 328 85 243 215 206 167 70
internal_count=2917 1485 1432 716 769 771 730 708 354 661 58 742 653 325 47 354 307 101 603 44 559 122 89 328 85 243 215 206 167 70
is_linear=0
shrinkage=0.05


Tree=35
num_leaves=31
num_cat=0
split_feature=27 27 27 14 27 2 14 7 8 7 14 14 30 16 7 5 16 2 5 7 27 27 27 29 11 16 5 16 14 15
split_gain=22172.1 3985.6 3309.15 884.703 818.04 699.461 896.209 1059.93 639.289 1728.57 573.153 555.023 1114.22 557.381 604.053 536.42 509.522 701.083 542.45 1494.11 851.474 622.21 1520.95 695.924 587.206 728.743 632.258 784.835 584.466 933.827
threshold=59.000000000000007 44.500000000000007 68.500000000000014 -0.30384615384615382 39.500000000000007 0.59620219469070446 0.78587307692307706 9791.5000000000018 778.00000000000011 6273.5000000000009 -0.34153846153846151 0.18096153846153848 1.0000000180025095e-35 173030.50000000003 13495.500000000002 0.48684210526315791 299150.00000000006 0.5978313982486726 0.069711538461538478 543.00000000000011 50.500000000000007 57.500000000000007 56.000000000000007 3.5000000000000004 1.0000000180025095e-35 126965.50000000001 0.42927631578947373 219750.00000000003 0.40500000000000008 12.175553989777745
decision_type=2 2 2 2 2 2 2 2 2 2 2 2 2 2 2 2 2 2 2 2 2 2 2 2 2 2 2 2 2 2
left_child=1 4 3 -2 -1 15 -7 -8 -4 -10 -3 13 -13 14 -11 -5 18 -18 -12 -20 -21 22 -22 -24 25 -23 27 -27 29 -26
right_child=2 10 8 5 -6 6 7 -9 9 11 16 12 -14 -15 -16 -17 17 -19 19 20 21 24 23 -25 28 26 -28 -29 -30 -31
leaf_value=-0.28068112608258983 -0.14735281069735551 -0.32131361344560466 0.26712508804021962 0.3458239210614682 -0.17217217639653098 0.081991966627230378 -0.37487685017565969 0.11690886465471183 -0.24739735446451033 0.2262063891478813 0.14151321792846447 -0.22498670324895054 0.23235568209368107 0.31430665903582744 -0.048766664187406696 0.084352097292794692 -0.018144333566026936 -0.37840589115540479 -0.47467034275258951 -0.153164338643489 -0.035140610904857032 -0.1161458179179703 0.11883329620911119 0.43658532858743365 -0.12655746740520518 0.20414586390676873 0.3534264255104359 -0.19933574662954323 -0.30418781365782838 0.22033009983244398
leaf_weight=319 44 20 363 42 384 605 24 20 23 76 39 21 36 116 27 37 27 27 20 127 156 51 45 28 121 28 22 21 33 23
leaf_count=319 44 20 363 42 384 605 24 20 23 76 39 21 36 116 27 37 27 27 20 127 156 51 45 28 121 28 22 21 33 23
internal_value=9.17702e-05 -0.134906 0.140459 0.0700998 -0.22145 0.0832679 0.0661357 -0.151466 0.222478 0.168187 -0.0576726 0.202914 0.0636746 0.239086 0.1541 0.223687 -0.0507595 -0.198734 -0.0395348 -0.0500222 -0.0369777 -0.00899817 0.0529986 0.24121 -0.0564992 0.0278558 0.131382 0.0310695 -0.114653 -0.0710027
internal_weight=2925 1491 1434 772 703 728 649 44 662 299 788 276 57 219 103 79 768 54 714 675 655 528 229 73 299 122 71 49 177 144
internal_count=2925 1491 1434 772 703 728 649 44 662 299 788 276 57 219 103 79 768 54 714 675 655 528 229 73 299 122 71 49 177 144
is_linear=0
shrinkage=0.05


Tree=36
num_leaves=31
num_cat=0
split_feature=27 27 27 27 2 34 18 7 6 5 5 5 16 2 2 5 18 16 15 8 8 2 8 2 7 8 7 18 30 16
split_gain=20011.4 3596.91 2986.6 761.044 750.474 941.556 707.939 957.049 685.856 581.19 1082.27 851.315 826.713 794.868 1225.76 838.329 754.061 1150.24 945.453 939.014 1046.72 730.097 728.188 622.117 584.714 578.192 1701.47 527.892 1006 523.571
threshold=59.000000000000007 44.500000000000007 68.500000000000014 31.500000000000004 0.59620219469070446 1.0000000180025095e-35 232663.50000000003 9791.5000000000018 0.13942307692307696 0.55048076923076927 0.44951923076923084 0.42927631578947373 202550.00000000003 0.66508311033248912 0.65681865811347973 0.48684210526315791 169802.00000000003 173469.50000000003 11.815810944872601 829.00000000000011 89.000000000000014 0.63868457078933727 1157.5000000000002 0.6562495529651643 3902.0000000000005 760.50000000000011 6273.5000000000009 153525.00000000003 1.0000000180025095e-35 173030.50000000003
decision_type=2 2 2 2 2 2 2 2 2 2 2 2 2 2 2 2 2 2 2 2 2 2 2 2 2 2 2 2 2 2
left_child=1 3 4 -1 5 -2 8 -8 9 10 11 16 22 14 15 -12 17 18 19 20 -6 24 -11 -23 -22 -4 -27 29 -29 -28
right_child=2 -3 25 -5 6 -7 7 -9 -10 12 13 -13 -14 -15 -16 -17 -18 -19 -20 -21 21 23 -24 -25 -26 26 27 28 -30 -31
leaf_value=-0.30083302016397129 0.47324273836068587 -0.054794019352242422 0.25580022315104367 -0.18034131545852114 -0.15689046930992742 0.098025739998869377 -0.35621078113302651 0.11109250300559237 -0.19862673445855927 0.21952818450652398 -0.22801107877210491 0.31532443895601575 0.31900589159091763 0.19257405416262105 -0.46893328819701924 0.057161782113589799 0.2985881973092801 -0.13342670841430965 0.37805961665192211 -0.15147485927007442 0.50492145749202288 -0.15171207990219343 -0.0857056886733433 0.20298668699472491 0.16194798941631242 -0.22463065436059948 0.14640135896011869 -0.21379067546100977 0.22077008032567616 0.29821431704045831
leaf_weight=175 24 788 348 528 26 55 24 20 24 38 40 40 53 26 20 72 32 69 27 40 25 20 40 32 25 26 103 21 36 128
leaf_count=175 24 788 348 528 26 55 24 20 24 38 40 40 53 26 20 72 32 69 27 40 25 20 40 32 25 26 103 21 36 128
internal_value=8.60204e-05 -0.128165 0.133438 -0.210381 0.0665958 0.212533 0.0499239 -0.143917 0.0630935 0.0731817 0.0483191 0.0990649 0.166792 -0.0595589 -0.109367 -0.0447536 0.0697272 0.0418649 0.103953 0.0596722 0.125761 0.197942 0.0630247 0.0664388 0.3342 0.211358 0.162022 0.197012 0.0604872 0.230637
internal_weight=2925 1491 1434 703 772 79 693 44 649 625 494 336 131 158 132 112 296 264 195 168 128 102 78 52 50 662 314 288 57 231
internal_count=2925 1491 1434 703 772 79 693 44 649 625 494 336 131 158 132 112 296 264 195 168 128 102 78 52 50 662 314 288 57 231
is_linear=0
shrinkage=0.05


Tree=37
num_leaves=31
num_cat=0
split_feature=27 27 27 14 27 31 2 2 2 35 34 16 15 15 14 5 16 2 5 8 27 27 27 14 34 11 16 5 16 14
split_gain=18061.7 3246.34 2695.15 721.064 691.76 636.872 1129.36 734.039 570.167 909.358 850.14 670.737 912.768 607.375 517.646 483.899 460.138 632.987 489.633 1095.77 745.959 551.307 1385.23 625.307 791.341 537.825 651.008 570.84 708.645 527.767
threshold=59.000000000000007 44.500000000000007 68.500000000000014 -0.30384615384615382 39.500000000000007 57.500000000000007 0.65016961097717296 0.71002638339996349 0.59620219469070446 2.5000000000000004 1.0000000180025095e-35 289250.00000000006 12.292820110684987 12.213301423816644 -0.34153846153846151 0.31009615384615391 299150.00000000006 0.5978313982486726 0.069711538461538478 81.500000000000014 50.500000000000007 57.500000000000007 56.000000000000007 0.13343076923076927 1.0000000180025095e-35 1.0000000180025095e-35 126965.50000000001 0.42927631578947373 219750.00000000003 0.40500000000000008
decision_type=2 2 2 2 2 2 2 2 2 2 2 2 2 2 2 2 2 2 2 2 2 2 2 2 2 2 2 2 2 2
left_child=1 4 3 15 -1 7 -7 -4 10 -10 -5 12 13 -11 -3 -2 18 -18 -16 -20 -21 22 -22 24 -24 26 -23 28 -28 -27
right_child=2 14 5 8 -6 6 -8 -9 9 11 -12 -13 -14 -15 16 -17 17 -19 19 20 21 25 23 -25 -26 29 27 -29 -30 -31
leaf_value=-0.2543332431279765 -0.29098982062690698 -0.30260178793722126 0.20269730729032692 0.44967879171317054 -0.1545510910437834 0.26728825183330235 -0.21674811712068145 0.46934661636493308 -0.22381740318013296 0.092163170593163743 0.093133347133975725 -0.061102745508668489 0.39313832313687969 -0.13241256865385539 0.13718835155067541 0.040286114331449588 -0.014510882698081956 -0.35682582440356492 -0.36897308695838749 -0.14143380875818132 -0.030646757191568522 -0.10913347393092217 0.33716261534101938 0.46409929623536023 -0.059927423446776852 -0.064709744487141341 0.19670485216209474 0.33856237007482021 -0.18668947943013992 -0.28629294500610264
leaf_weight=319 23 20 587 24 384 24 24 27 27 484 55 82 24 32 39 21 27 27 25 126 156 49 25 21 25 144 28 22 21 33
leaf_count=319 23 20 587 24 384 24 24 27 27 484 55 82 24 32 39 21 27 27 25 126 156 49 25 21 25 144 28 22 21 33
internal_value=8.41949e-05 -0.121759 0.126774 0.0632761 -0.199866 0.200794 0.0252187 0.214506 0.0751645 0.0596956 0.201946 0.0720444 0.0922799 0.0782033 -0.0520547 -0.133035 -0.0454849 -0.186104 -0.0348183 -0.0447827 -0.0322513 -0.00596603 0.0526734 0.235599 0.138794 -0.0508042 0.0308662 0.127574 0.0322456 -0.106188
internal_weight=2925 1491 1434 772 703 662 48 614 728 649 79 622 540 516 788 44 768 54 714 675 650 524 227 71 50 297 120 71 49 177
internal_count=2925 1491 1434 772 703 662 48 614 728 649 79 622 540 516 788 44 768 54 714 675 650 524 227 71 50 297 120 71 49 177
is_linear=0
shrinkage=0.05


Tree=38
num_leaves=31
num_cat=0
split_feature=2 14 7 29 29 11 14 13 7 6 15 14 16 7 11 9 6 8 2 2 14 14 33 7 14 31 20 15 8 14
split_gain=3167.09 1525.47 1461.32 1925.46 1283.67 1690.62 1489.45 1266.52 1235.47 1218.04 1210.06 1365.31 1172.47 1079.19 1071.7 962.22 936.8 889.165 987.111 819.721 771.216 1030.85 900.764 772.775 731.983 588.601 565.828 552.535 535.082 526.008
threshold=0.66088238358497631 -0.24538461538461537 3902.0000000000005 2.5000000000000004 3.5000000000000004 1.0000000180025095e-35 -0.075769230769230755 1.0000000180025095e-35 2408.5000000000005 1.0000000180025095e-35 12.085321091471039 0.33380384615384623 145638.00000000003 2428.5000000000005 1.0000000180025095e-35 1.0000000180025095e-35 0.091093117408906896 295.00000000000006 0.66508311033248912 0.68735969066619884 0.42692307692307702 0.31969230769230778 1.0000000180025095e-35 13794.500000000002 0.83458461538461548 28.500000000000004 1.0000000180025095e-35 12.270222405963869 1115.0000000000002 0.37384615384615388
decision_type=2 2 2 2 2 2 2 2 2 2 2 2 2 2 2 2 2 2 2 2 2 2 2 2 2 2 2 2 2 2
left_child=2 -2 3 7 5 16 -7 13 -5 20 12 -12 17 14 -1 25 -4 18 -3 -19 21 23 24 -6 -22 26 -8 -11 -29 -17
right_child=1 10 4 8 9 6 15 -9 -10 27 11 -13 -14 -15 -16 29 -18 19 -20 -21 22 -23 -24 -25 -26 -27 -28 28 -30 -31
leaf_value=0.077323060566443197 -0.14799840461511846 0.24314093160446576 -0.16474339829119738 0.0042857959086163673 -0.075657897991075182 0.26393908994214837 -0.10394525835755551 -0.13699800657002803 0.34468373027112753 0.085320309308292208 -0.17505570622401478 0.25469664141563253 0.27132146584972483 -0.20840754168374198 0.46900450672422134 0.21809377073027694 0.16169892972681946 0.08113590574103266 -0.11706227840119697 0.31335573666588817 0.093258445667770681 -0.32100595763496625 0.27456235806367402 0.18442964519335145 -0.27021215699646811 -0.11166468182808736 0.082059912627352127 -0.20670414892109959 0.11363494754967529 -0.056353757786134953
leaf_weight=72 53 26 455 40 349 42 70 111 80 372 58 27 167 23 23 49 23 96 70 63 37 40 36 31 22 310 98 34 21 27
leaf_count=72 53 26 455 40 349 42 70 111 80 372 58 27 167 23 23 49 23 96 70 63 37 40 36 31 22 310 98 34 21 27
internal_value=7.98588e-05 0.106991 -0.0252365 0.0692075 -0.0415913 -0.0789546 -0.0227573 -0.015804 0.231357 0.00100618 0.13368 -0.0383485 0.168343 0.0981777 0.172597 -0.0445452 -0.148995 0.100803 -0.0193037 0.173318 -0.0507549 -0.079859 0.0778118 -0.0543841 -0.0424162 -0.0708297 0.00451228 0.0634436 -0.0843179 0.120581
internal_weight=2925 560 2365 349 2016 1074 596 229 120 942 507 85 422 118 95 554 478 255 96 159 515 420 95 380 59 478 168 427 55 76
internal_count=2925 560 2365 349 2016 1074 596 229 120 942 507 85 422 118 95 554 478 255 96 159 515 420 95 380 59 478 168 427 55 76
is_linear=0
shrinkage=0.05


Tree=39
num_leaves=31
num_cat=0
split_feature=27 27 27 27 14 31 0 8 31 30 7 30 5 16 1 16 5 16 8 7 34 29 33 29 5 29 5 16 31 14
split_gain=15322.5 2810.04 2267.06 611.859 598.275 575.391 605.62 517.613 770.671 548.674 721.916 457.601 432.95 397.829 524.435 441.947 432.966 659.365 527.31 592.976 541.316 483.425 480.228 435.082 397.449 389.798 432.313 373.202 363.64 754.171
threshold=59.000000000000007 44.500000000000007 68.500000000000014 31.500000000000004 -0.30384615384615382 57.500000000000007 1.0000000180025095e-35 413.50000000000006 48.500000000000007 1.5000000000000002 804.00000000000011 1.5000000000000002 0.31009615384615391 299150.00000000006 1.0000000180025095e-35 251950.00000000003 0.48684210526315791 151676.50000000003 69.500000000000014 543.00000000000011 1.0000000180025095e-35 3.5000000000000004 1.0000000180025095e-35 4.5000000000000009 0.40283400809716602 6.5000000000000009 0.46761133603238875 254150.00000000003 28.500000000000004 0.16792692307692311
decision_type=2 2 2 2 2 2 2 2 2 2 2 2 2 2 2 2 2 2 2 2 2 2 2 2 2 2 2 2 2 2
left_child=1 3 4 -1 12 7 -7 8 9 10 -4 13 -2 15 -15 16 18 22 -3 -20 21 24 -18 -22 -21 -6 -27 -17 -9 -30
right_child=2 11 5 -5 25 6 -8 28 -10 -11 -12 -13 -14 14 -16 27 17 -19 19 20 23 -23 -24 -25 -26 26 -28 -29 29 -31
leaf_value=-0.26591785859544237 -0.26970086835679558 0.17302376185607049 -0.061399066541663966 -0.15787906510724736 0.079298070083895444 0.21044519562527064 -0.14523230165607115 0.23858774336770747 0.46552428294272313 0.38787428662446044 0.277663394537839 -0.25320826127154622 0.043628815282577588 -0.332197474953772 -0.020375734615368353 0.27391557616380913 -0.14498485578111855 0.13665617829394566 -0.30398142699605868 0.0019326424194897396 -0.086207843227704584 0.17929166925844747 0.12883102582320907 -0.29161912329827799 -0.21605451095151712 0.09372674985365434 -0.20063732123462918 0.012758912274013262 0.17965930303221439 -0.016014673170353131
leaf_weight=175 23 22 29 528 678 22 26 149 41 28 34 26 21 26 28 20 58 75 27 125 230 32 22 29 25 23 27 43 273 60
leaf_count=175 23 22 29 528 678 22 26 149 41 28 34 26 21 26 28 20 58 75 27 125 230 32 22 29 25 23 27 43 273 60
internal_value=7.86691e-05 -0.112146 0.116767 -0.184815 0.0585291 0.184655 0.0177812 0.197687 0.285533 0.203961 0.121658 -0.0472937 -0.120284 -0.0402289 -0.170941 -0.0302295 -0.0425843 0.0302155 -0.0656245 -0.0768882 -0.0629074 0.00315249 -0.0695562 -0.109331 -0.034485 0.0693584 -0.0652132 0.0960477 0.173565 0.144393
internal_weight=2925 1491 1434 703 772 662 48 614 132 91 63 788 44 762 54 708 645 155 490 468 441 182 80 259 150 728 50 63 482 333
internal_count=2925 1491 1434 703 772 662 48 614 132 91 63 788 44 762 54 708 645 155 490 468 441 182 80 259 150 728 50 63 482 333
is_linear=0
shrinkage=0.05


Tree=40
num_leaves=31
num_cat=0
split_feature=27 27 27 14 16 31 2 27 5 7 27 27 5 2 2 29 5 27 8 8 5 27 31 2 16 7 7 2 16 2
split_gain=14045.2 2466.88 1714.4 903.096 900.621 844.445 1244.72 881.83 699.698 698.385 646.776 1930.23 862.353 717.465 670.93 676.928 613.291 610.261 483.172 575.622 476.632 461.671 451.079 483.928 439.864 2323.24 620.166 423.007 577.149 423.227
threshold=59.000000000000007 44.500000000000007 68.500000000000014 -0.2961538461538461 252752.00000000003 47.500000000000007 0.62098920345306408 66.500000000000014 0.48684210526315791 15078.000000000002 57.500000000000007 56.000000000000007 0.31009615384615391 0.59597772359848034 0.61083373427391063 1.5000000000000002 0.19901315789473686 33.500000000000007 1696.5000000000002 1556.0000000000002 0.34210526315789475 81.500000000000014 57.500000000000007 0.71002638339996349 105710.00000000001 831.50000000000011 500.50000000000006 0.62609851360321056 277737.50000000006 0.63524180650711071
decision_type=2 2 2 2 2 2 2 2 2 2 2 2 2 2 2 2 2 2 2 2 2 2 2 2 2 2 2 2 2 2
left_child=1 17 3 -2 18 6 7 -6 20 21 11 -3 14 -13 16 -16 -12 -1 19 -5 -9 22 23 27 25 -19 -26 -4 29 -29
right_child=2 10 9 4 5 -7 -8 8 -10 -11 12 13 -14 -15 15 -17 -18 24 -20 -21 -22 -23 -24 -25 26 -27 -28 28 -30 -31
leaf_value=-0.2550750213312874 -0.16814540587252327 -0.063354233158609788 0.26157674222749788 0.1014766761898071 -0.1752560868785156 -0.2764405127379585 -0.29377802917695145 0.16300639889457011 -0.031971537162907314 -0.095702147508557892 0.14022632634491347 -0.020873220620206245 -0.029395417916143775 0.27892295248084065 -0.13509399840798139 -0.40835726858506977 -0.17889512673280483 0.40922545177676667 0.32390913482094225 -0.13891325250439263 0.49783658809329739 0.34100715612262994 -0.0040345251106159181 0.40288483301798506 -0.41966668769004811 -0.14976095157430233 -0.16157504657744226 0.042354324139224575 -0.09529650616439389 0.18179064512603094
leaf_weight=177 41 307 101 542 20 30 24 23 21 24 24 28 220 69 46 45 40 21 23 26 20 41 36 23 25 156 335 64 23 370
leaf_count=177 41 307 101 542 20 30 24 23 21 24 24 28 220 69 46 45 40 21 23 26 20 41 36 23 25 156 335 64 23 370
internal_value=0.00031498 -0.107362 0.111036 0.0598821 0.0727348 -0.0422244 0.0229849 0.11379 0.204327 0.168765 -0.0458131 -0.00190311 -0.0930923 0.1924 -0.183391 -0.270579 -0.0591145 -0.174491 0.0995892 0.0904416 0.319651 0.178432 0.167567 0.178207 -0.147878 -0.0832187 -0.179624 0.168867 0.148314 0.161255
internal_weight=2945 1493 1452 770 729 138 108 84 64 682 779 404 375 97 155 91 64 714 591 568 43 658 617 581 537 177 360 558 457 434
internal_count=2945 1493 1452 770 729 138 108 84 64 682 779 404 375 97 155 91 64 714 591 568 43 658 617 581 537 177 360 558 457 434
is_linear=0
shrinkage=0.05


Tree=41
num_leaves=31
num_cat=0
split_feature=27 27 27 27 27 14 16 5 27 32 7 7 10 2 7 2 2 29 27 0 7 5 27 27 2 8 8 2 16 5
split_gain=12676.7 2231.83 1547.49 1172.36 1098.43 827.077 856.65 778.466 732.572 923.836 775.326 861.308 682.159 647.657 630.466 609.981 605.681 611.02 602.518 996.347 933.641 866.236 589.681 1655.01 780.264 1125.87 824.091 771.412 659.356 553.694
threshold=59.000000000000007 50.500000000000007 68.500000000000014 57.500000000000007 56.000000000000007 -0.27615384615384614 252752.00000000003 0.31009615384615391 39.500000000000007 1.0000000180025095e-35 500.50000000000006 831.50000000000011 1.0000000180025095e-35 0.59597772359848034 15078.000000000002 0.68735969066619884 0.61083373427391063 1.5000000000000002 64.000000000000014 1.0000000180025095e-35 7794.0000000000009 0.46761133603238875 65.500000000000014 67.500000000000014 0.63589826226234447 820.50000000000011 851.50000000000011 0.60082709789276134 183875.00000000003 0.19901315789473686
decision_type=2 2 2 2 2 2 2 2 2 2 2 2 2 2 2 2 2 2 2 2 2 2 2 2 2 2 2 2 2 2
left_child=1 8 5 4 -3 -2 15 16 -1 10 -10 -12 -8 -6 -4 18 29 -18 19 20 21 -7 -20 -24 25 -25 28 -27 -26 -5
right_child=2 3 14 7 13 6 12 -9 9 -11 11 -13 -14 -15 -16 -17 17 -19 22 -21 -22 -23 23 24 26 27 -28 -29 -30 -31
leaf_value=-0.21497990436518091 -0.12449743908520615 -0.028198067169792909 0.16951971503380503 0.13324410272337095 -0.019833268474429528 0.11930676292950193 0.054475567394055985 -0.027926316639168974 -0.39777556625819299 0.21346376286217228 0.16162479830427645 -0.13363635124110704 -0.17055008627871845 0.26499698650302145 -0.090936906530649342 0.35629363113938411 -0.12835394821560048 -0.38798467536723269 -0.088954552413058996 0.3971646933339712 0.34143284044582467 -0.26279801405393161 0.4038796160194682 0.29957358491608638 -0.064667087966001832 -0.19393853724412494 0.087278701327241498 0.099530584546981965 -0.39881374681766946 -0.16997267825347825
leaf_weight=319 58 169 658 24 28 45 80 220 26 20 26 461 58 69 24 22 46 45 58 38 27 22 36 57 56 29 67 97 20 40
leaf_count=319 58 169 658 24 28 45 80 220 26 20 26 461 58 69 24 22 46 45 58 38 27 22 36 57 56 29 67 97 20 40
internal_value=0.000298624 -0.101998 0.105487 -0.0315019 0.0487624 0.056887 0.0716852 -0.0884472 -0.15502 -0.119091 -0.132105 -0.117833 -0.0401192 0.182791 0.160335 0.098576 -0.174242 -0.257083 0.0882329 0.181398 0.093791 -0.00629063 0.0589043 0.0826262 0.047022 0.115382 -0.0404443 0.0318462 -0.153075 -0.0561579
internal_weight=2945 1493 1452 641 266 770 712 375 852 533 513 487 138 97 682 574 155 91 552 132 94 67 420 362 326 183 143 126 76 64
internal_count=2945 1493 1452 641 266 770 712 375 852 533 513 487 138 97 682 574 155 91 552 132 94 67 420 362 326 183 143 126 76 64
is_linear=0
shrinkage=0.05


Tree=42
num_leaves=31
num_cat=0
split_feature=27 27 27 6 16 15 5 18 31 14 2 5 8 30 27 5 27 27 6 27 29 8 14 10 16 8 8 15 2 31
split_gain=11441.5 2019.51 1404.88 1013.64 942.063 1127.66 834.975 1759.43 798.704 610.313 823.869 546.229 1098.71 606.62 514.618 480.323 467.997 754.693 661.655 633.39 508.291 617.563 458.345 752.525 606.647 435.367 574.471 560.292 495.736 419
threshold=59.000000000000007 44.500000000000007 79.500000000000014 0.13942307692307696 252752.00000000003 12.313809204848747 0.11513157894736843 108269.50000000001 76.500000000000014 1.0846153846153848 0.61893150210380565 0.069711538461538478 80.500000000000014 1.5000000000000002 31.500000000000004 0.48684210526315791 50.500000000000007 57.500000000000007 0.069711538461538478 56.000000000000007 2.5000000000000004 1134.0000000000002 0.3663538461538462 1.0000000180025095e-35 260295.00000000003 1718.0000000000002 1639.5000000000002 11.899039171032728 0.6863645911216737 34.500000000000007
decision_type=2 2 2 2 2 2 2 2 2 2 2 2 2 2 2 2 2 2 2 2 2 2 2 2 2 2 2 2 2 2
left_child=1 14 3 4 6 -6 7 -2 25 10 -7 -3 -13 16 -1 -12 -14 19 22 -18 -21 -22 24 -24 29 26 28 -27 -8 -19
right_child=2 11 -4 -5 5 9 8 -9 -10 -11 15 12 13 -15 -16 -17 17 18 -20 20 21 -23 23 -25 -26 27 -28 -29 -30 -31
leaf_value=-0.23334665333298063 -0.40031182226798345 0.13849785852610619 0.20335241075354588 -0.17358576099738443 -0.35783880981384897 0.18250368441281206 0.10474008837038543 0.21036780950052916 -0.18992560768579422 -0.22204680732358689 -0.21070204991042815 -0.36346943202493814 -0.11692688073114239 -0.26265831715987414 -0.13375062314192251 0.096245853360152345 -0.0020795224833833944 -0.082360605652526717 -0.25194763778268225 -0.0068794649905384239 0.12522784499478831 0.47041311173642414 -0.27805704954476834 0.08382097782053019 0.2560577785799289 0.054864251360982309 -0.15293436204060096 0.34678826287157521 0.23509037927913901 0.065225428655724532
leaf_weight=171 24 40 269 39 22 69 740 23 21 21 30 27 125 29 543 22 150 125 39 27 34 21 41 22 21 26 20 45 81 78
leaf_count=171 24 40 269 39 22 69 740 23 21 21 30 27 125 29 543 22 150 125 39 27 34 21 41 22 21 26 20 45 81 78
internal_value=0.000283689 -0.0969015 0.100216 0.0767449 0.0852977 -0.025579 0.103858 -0.10155 0.114221 0.0260782 0.0693304 -0.0412116 -0.050963 -0.0390559 -0.15764 -0.080808 -0.0295175 -0.0099101 -0.0589642 0.0589936 0.17064 0.257731 -0.032644 -0.151675 0.00086396 0.12125 0.111176 0.240184 0.117634 -0.0256239
internal_weight=2945 1493 1452 1183 1144 164 980 47 933 142 121 779 739 712 714 52 683 558 326 232 82 55 287 63 224 912 841 71 821 203
internal_count=2945 1493 1452 1183 1144 164 980 47 933 142 121 779 739 712 714 52 683 558 326 232 82 55 287 63 224 912 841 71 821 203
is_linear=0
shrinkage=0.05


Tree=43
num_leaves=31
num_cat=0
split_feature=27 27 27 14 16 35 2 27 5 5 5 30 27 27 27 6 2 27 18 5 2 5 5 5 27 16 5 5 6 5
split_gain=10326.1 1822.63 1292.82 756.88 674.019 588.616 1101.73 797.444 606.225 493.091 934.971 661.907 494.931 796.102 933.938 592.252 471.632 468.795 504.93 985.791 630.607 548.55 460.524 966.858 446.936 435.438 573.951 1094.64 818.442 806.486
threshold=59.000000000000007 44.500000000000007 68.500000000000014 -0.2961538461538461 252752.00000000003 6.5000000000000009 0.62098920345306408 66.500000000000014 0.48684210526315791 0.069711538461538478 0.13942307692307696 1.5000000000000002 50.500000000000007 57.500000000000007 56.000000000000007 0.069711538461538478 0.62911051511764537 39.500000000000007 69875.000000000015 0.19901315789473686 0.62960797548294078 0.13942307692307696 0.19901315789473686 0.31009615384615391 81.500000000000014 239500.00000000003 0.44951923076923084 0.48684210526315791 0.069711538461538478 0.11513157894736843
decision_type=2 2 2 2 2 2 2 2 2 2 2 2 2 2 2 2 2 2 2 2 2 2 2 2 2 2 2 2 2 2
left_child=1 17 3 -2 25 6 7 -6 -9 -3 -11 12 -12 14 -14 22 -16 -1 19 21 -20 -19 -15 -24 -4 26 29 28 -28 -5
right_child=2 9 24 4 5 -7 -8 8 -10 10 11 -13 13 15 16 -17 -18 18 20 -21 -22 -23 23 -25 -26 -27 27 -29 -30 -31
leaf_value=-0.19488025539461554 -0.15796728076145888 0.1315902300903625 0.13504445793498218 -0.12008162838750305 -0.1631844718379997 -0.23244341340571939 -0.28046898631382872 0.30136212734284318 -0.027198172773795104 -0.26399471637043476 -0.11547468641171468 -0.28075756668131013 -0.0064565529725079812 0.1584453828453608 0.13410073173621331 -0.23765374620247376 0.41462347021150353 -0.027236022300647134 -0.12378280829253595 -0.13553416717691755 -0.35013255108756702 0.29698986459052423 -0.22432472099063827 0.0050519390517734051 0.30540004128957321 0.29871468876863455 -0.41394257308131427 0.072259933362685172 -0.0067203714011826975 0.15299800284618456
leaf_weight=319 41 40 641 30 21 30 24 42 21 47 121 26 151 29 60 39 20 26 212 95 36 26 61 185 41 23 22 222 28 266
leaf_count=319 41 40 641 30 21 30 24 42 21 47 121 26 151 29 60 39 20 26 212 95 36 26 61 185 41 23 22 222 28 266
internal_value=0.000267696 -0.0920589 0.0952045 0.0507824 0.0625497 -0.0368977 0.017539 0.102976 0.191893 -0.0391528 -0.048418 -0.033733 -0.0240412 -0.0037146 0.0667148 -0.055548 0.204724 -0.149761 -0.11327 -0.0397602 -0.156788 0.13504 -0.0296269 -0.0518737 0.145336 0.0857817 0.0770996 0.0246305 -0.186467 0.125273
internal_weight=2945 1493 1452 770 729 138 108 84 63 779 739 692 666 545 231 314 80 714 395 147 248 52 275 246 682 591 568 272 50 296
internal_count=2945 1493 1452 770 729 138 108 84 63 779 739 692 666 545 231 314 80 714 395 147 248 52 275 246 682 591 568 272 50 296
is_linear=0
shrinkage=0.05


Tree=44
num_leaves=31
num_cat=0
split_feature=2 14 7 5 31 6 7 5 2 16 14 6 7 31 7 31 8 11 2 8 8 8 2 2 7 35 33 7 18 31
split_gain=2213.84 1453.18 1146.72 3258.5 990.442 904.091 942.618 891.5 964.229 836.537 1019.4 742.877 731.523 693.892 686.492 684.89 570.022 547.653 980.703 857.384 596.472 510.668 548.857 508.031 656.745 525.343 490.434 828.779 507.589 474.63
threshold=0.66088238358497631 -0.24538461538461537 3902.0000000000005 0.17269736842105265 50.500000000000007 1.0000000180025095e-35 8335.5000000000018 0.55048076923076927 0.65818580985069286 126125.00000000001 0.76119615384615391 0.11513157894736843 489.50000000000006 15.500000000000002 858.50000000000011 49.500000000000007 598.50000000000011 1.0000000180025095e-35 0.599673092365265 1411.5000000000002 941.50000000000011 904.50000000000011 0.60786306858062755 0.59489214420318615 9543.0000000000018 7.5000000000000009 1.0000000180025095e-35 2899.5000000000005 123791.50000000001 56.500000000000007
decision_type=2 2 2 2 2 2 2 2 2 2 2 2 2 2 2 2 2 2 2 2 2 2 2 2 2 2 2 2 2 2
left_child=2 -2 3 12 14 6 -3 8 11 -9 -11 13 -1 -4 -5 26 -15 19 -19 23 21 -20 -23 24 -18 29 27 -7 -29 -25
right_child=1 5 7 4 -6 15 -8 9 -10 10 -12 -13 -14 16 -16 -17 17 18 20 -21 -22 22 -24 25 -26 -27 -28 28 -30 -31
leaf_value=0.15578341291979025 -0.15066391722333411 -0.10183657210566728 0.14329135653788813 0.30291162313729741 0.38931257377791056 -0.033410879701862753 0.2224916568906361 -0.10164721359036161 -0.38581119109104028 0.11898749918697743 -0.2530572459611356 0.11994866470129627 -0.16213626852193094 -0.18139219646100019 0.067020829883143382 0.020939662465292525 0.18707607586578301 -0.087351043920318117 0.044073991673761276 0.13345311262828438 -0.027944805024255677 0.3892933864517516 0.042356554139846875 -0.11793468714825223 -0.1520389723825265 0.017645905643656468 0.2532631079994041 0.25265874294687546 0.011066216308610296 -0.29983273082986822
leaf_weight=21 57 80 44 42 48 55 31 77 21 219 20 65 127 88 116 82 33 350 173 42 265 25 21 447 25 66 140 98 28 39
leaf_count=21 57 80 44 42 48 55 31 77 21 219 20 65 127 88 116 82 33 350 173 42 265 25 21 447 25 66 140 98 28 39
internal_value=0.00025201 0.0886388 -0.0210077 0.0619857 0.190537 0.11521 -0.0110947 -0.0355569 -0.0498623 0.0415587 0.0877403 -0.0456447 -0.116918 -0.0523072 0.12991 0.150005 -0.057787 -0.0504521 -0.023601 -0.0847819 0.0224975 0.0835427 0.231453 -0.0998355 0.0408096 -0.114627 0.182943 0.128414 0.199063 -0.1326
internal_weight=2945 571 2374 354 206 514 111 2020 1704 316 239 1683 148 1618 158 403 1574 1486 834 652 484 219 46 610 58 552 321 181 126 486
internal_count=2945 571 2374 354 206 514 111 2020 1704 316 239 1683 148 1618 158 403 1574 1486 834 652 484 219 46 610 58 552 321 181 126 486
is_linear=0
shrinkage=0.05


Tree=45
num_leaves=31
num_cat=0
split_feature=27 27 27 29 14 27 27 29 15 33 10 32 14 16 7 14 33 7 16 30 16 31 14 29 31 14 15 16 15 15
split_gain=8274.88 1651.8 1548.13 846.242 654.914 670.924 834.35 1112.32 776.324 871.243 774.224 697.164 542.414 478.772 1071.74 1501.28 625.638 643.025 566.867 518.141 513.136 609.643 463.992 452.529 517.674 781.993 569.23 504.152 447.975 428.504
threshold=61.500000000000007 68.500000000000014 39.500000000000007 6.5000000000000009 -0.35269230769230764 50.500000000000007 57.500000000000007 3.5000000000000004 12.184393105807702 1.0000000180025095e-35 1.0000000180025095e-35 1.0000000180025095e-35 -0.35269230769230764 177455.00000000003 6656.0000000000009 0.33653846153846162 1.0000000180025095e-35 7384.0000000000009 241250.00000000003 1.0000000180025095e-35 154250.00000000003 42.500000000000007 -0.013269230769230768 5.5000000000000009 53.500000000000007 -0.079749999999999988 12.364202383521368 241950.00000000003 12.23441533507197 12.01066730890957
decision_type=2 2 2 2 2 2 2 2 2 2 2 2 2 2 2 2 2 2 2 2 2 2 2 2 2 2 2 2 2 2
left_child=2 3 -1 12 -4 11 7 8 9 -7 29 -6 -2 20 15 19 17 -16 -18 -15 -14 22 -22 24 25 -8 27 -27 -19 -9
right_child=1 -3 4 -5 5 6 23 10 -10 -11 -12 -13 13 14 16 -17 18 28 -20 -21 21 -23 -24 -25 -26 26 -28 -29 -30 -31
leaf_value=-0.18122640905317489 -0.15648540043754211 0.14261184929875872 -0.29598175019980327 -0.17346899293387338 -0.10621475500075828 -0.14454907989307061 0.14199403024466575 0.40478382750340569 0.1784621047684446 0.15513678320542792 -0.028392508538932732 0.18722314905216345 0.062162846863874924 -0.092149941217853637 0.15484351903010327 0.16816802818545773 0.32969392962605187 0.016445103773093682 0.075600520678986552 -0.3824121007456241 0.22585424444332336 0.34955347486774024 -0.079119959099468215 0.10856167752721793 -0.21588880762879345 -0.086919059297735496 -0.2693851542280048 0.14027245521969642 -0.20669499855197346 0.14898055175847355
leaf_weight=319 31 658 28 46 497 110 43 34 37 31 29 21 256 26 47 29 35 57 59 38 27 39 23 34 60 186 37 28 37 32
leaf_count=319 31 658 28 46 497 110 43 34 37 31 29 21 256 26 47 29 35 57 59 38 27 39 23 34 60 186 37 28 37 32
internal_value=-0.00261552 0.0847968 -0.0832721 0.0340548 -0.0573666 -0.0516709 -0.0182668 0.0486819 -0.0250374 -0.078562 0.186742 -0.0942751 0.0476444 0.0570764 0.0137997 -0.129767 0.0706678 0.00399547 0.170513 -0.264899 0.0981902 0.201577 0.0855884 -0.0653857 -0.0821326 -0.0547543 -0.0885232 -0.0571181 -0.0714598 0.281247
internal_weight=2934 1408 1526 750 1207 1179 661 273 178 141 95 518 704 673 328 93 235 141 94 64 345 89 50 388 354 294 251 214 94 66
internal_count=2934 1408 1526 750 1207 1179 661 273 178 141 95 518 704 673 328 93 235 141 94 64 345 89 50 388 354 294 251 214 94 66
is_linear=0
shrinkage=0.05


Tree=46
num_leaves=31
num_cat=0
split_feature=27 27 27 29 14 27 5 8 14 30 29 18 27 31 2 5 5 5 7 31 2 29 2 33 30 2 5 5 27 2
split_gain=7468.2 1490.7 1397.28 763.906 591.334 605.564 870.935 641.187 630.976 694.091 572.513 734.979 609.822 1024.96 542.849 541.422 863.994 625.631 987.433 955.483 887.549 777.213 666.364 725.884 715.215 990.305 808.582 687.635 926.754 738.472
threshold=61.500000000000007 68.500000000000014 39.500000000000007 6.5000000000000009 -0.35269230769230764 50.500000000000007 0.31009615384615391 68.500000000000014 -0.14923076923076919 1.0000000180025095e-35 3.5000000000000004 129500.00000000001 57.500000000000007 41.500000000000007 0.6049691140651704 0.55048076923076927 0.57072368421052644 0.44951923076923084 6814.0000000000009 36.500000000000007 0.59759381413459789 4.5000000000000009 0.67251744866371166 1.0000000180025095e-35 1.0000000180025095e-35 0.62770020961761486 0.31009615384615391 0.31009615384615391 67.500000000000014 0.63424724340438854
decision_type=2 2 2 2 2 2 2 2 2 2 2 2 2 2 2 2 2 2 2 2 2 2 2 2 2 2 2 2 2 2
left_child=2 3 -1 15 -4 7 -7 -6 9 -8 11 -10 -12 -14 -13 17 -17 20 19 -19 -2 -20 24 -24 25 26 -22 28 -26 -30
right_child=1 -3 4 -5 5 6 8 -9 10 -11 12 14 13 -15 -16 16 -18 18 21 -21 22 -23 23 -25 27 -27 -28 -29 29 -31
leaf_value=-0.17216792786169935 0.29994592825688227 0.1354823399929517 -0.2812353298757424 -0.16481435935047339 0.17395294635004588 -0.096159638127532393 0.36953556393754894 -0.10129097710939705 -0.15052379617351452 -0.011457499592012949 0.16667837637569644 0.15185491205291421 -0.13900528653886596 0.18328411177804049 -0.086497680900318563 0.24943260102075204 0.010218930078007078 -0.5127917858832215 0.13869846982464507 -0.063736403152295396 0.40930205211290888 -0.12902927140931827 0.036365521337441691 0.40696236664082586 0.065394897159488721 -0.061445787448238066 0.078357467990903013 0.027689970538565908 -0.52740370350143928 -0.13762080540362095
leaf_weight=319 34 658 28 46 22 229 26 496 101 22 83 52 64 40 44 75 76 20 62 29 30 48 31 23 26 62 48 90 21 29
leaf_count=319 34 658 28 46 22 229 26 496 101 22 83 52 64 40 44 75 76 20 62 29 30 48 31 23 26 62 48 90 21 29
internal_value=-0.00248343 0.0805588 -0.0791079 0.0323543 -0.0544965 -0.0490841 -0.0173483 -0.0895601 0.0244301 0.195149 0.00303193 -0.0564224 0.0656891 -0.0149428 0.0425816 0.0452662 0.129153 0.0223321 -0.0613449 -0.247797 0.0561199 0.0218153 0.0330011 0.194765 0.00438384 0.0876032 0.206069 -0.0657815 -0.176428 -0.302155
internal_weight=2934 1408 1526 750 1207 1179 661 518 432 48 384 197 187 104 96 704 151 553 159 49 394 110 360 54 306 140 78 166 76 50
internal_count=2934 1408 1526 750 1207 1179 661 518 432 48 384 197 187 104 96 704 151 553 159 49 394 110 360 54 306 140 78 166 76 50
is_linear=0
shrinkage=0.05


Tree=47
num_leaves=31
num_cat=0
split_feature=27 27 27 29 14 8 27 27 29 10 14 29 14 2 7 14 10 16 7 31 8 35 14 16 2 29 11 2 31 2
split_gain=6740.21 1345.33 1261.11 689.576 539.668 928.86 689.756 632.113 778.077 633.463 472.536 614.888 456.89 792.204 442.666 459.242 633.813 609.182 907.717 564.445 476.872 446.367 456.162 439.568 397.589 791.123 699.74 658.41 973.321 1364.29
threshold=61.500000000000007 68.500000000000014 39.500000000000007 6.5000000000000009 -0.25653846153846149 68.500000000000014 50.500000000000007 57.500000000000007 3.5000000000000004 1.0000000180025095e-35 0.3061692307692308 1.5000000000000002 -0.35269230769230764 0.68386945128440868 543.00000000000011 0.3663538461538462 1.0000000180025095e-35 158161.00000000003 5912.5000000000009 31.500000000000004 630.00000000000011 6.5000000000000009 0.008461538461538463 147310.00000000003 0.60786306858062755 4.5000000000000009 1.0000000180025095e-35 0.61558911204338085 61.500000000000007 0.63610014319419872
decision_type=2 2 2 2 2 2 2 2 2 2 2 2 2 2 2 2 2 2 2 2 2 2 2 2 2 2 2 2 2 2
left_child=2 3 -1 12 23 -6 -7 8 10 -10 11 -8 -2 24 -9 17 -17 19 -19 -16 -21 22 -20 -4 25 -14 27 -26 29 -29
right_child=1 -3 4 -5 5 6 7 14 9 -11 -12 -13 13 -15 15 16 -18 18 21 20 -22 -23 -24 -25 26 -27 -28 28 -30 -31
leaf_value=-0.16356222937563603 -0.14433748434594207 0.12870925208096573 -0.32254743728310892 -0.15659151860793605 0.21359924317891998 -0.096292201856705256 0.11972643501628921 -0.25700238933965164 0.24905145588181854 -0.033024980122690756 0.14354367430958231 -0.13046711916231271 0.19372135600427223 0.28295727896894146 -0.22666129100595345 -0.28459062015921099 0.049011032930596381 0.26769092666508332 0.22780559068763409 0.19969970319994645 -0.073372059072178253 -0.19277041192644198 -0.045394129829766212 -0.072268645412019453 -0.29493471737719179 -0.015464687773684538 0.076279286048360651 0.11692168140109359 0.26053292377408582 -0.16860352547170343
leaf_weight=319 31 658 32 46 34 481 33 26 63 29 34 95 102 35 48 40 22 38 23 20 78 27 45 39 24 81 226 67 27 111
leaf_count=319 31 658 32 46 34 481 33 26 63 29 34 95 102 35 48 40 22 38 23 20 78 27 45 39 24 81 226 67 27 111
internal_value=-0.00235863 0.0765324 -0.0751528 0.0307381 -0.0517712 -0.0433971 -0.0513494 -0.0165208 0.0440948 0.160142 -0.0218361 -0.065882 0.043006 0.0516631 -0.0584869 -0.0432652 -0.166247 -0.0158682 0.061495 -0.086371 -0.0174454 -0.0211256 0.0471371 -0.185436 0.0389243 0.101146 0.0138714 -0.0477036 -0.0186054 -0.0610972
internal_weight=2934 1408 1526 750 1207 1136 1102 621 254 92 162 128 704 673 367 341 62 279 133 146 98 95 68 71 638 183 455 229 205 178
internal_count=2934 1408 1526 750 1207 1136 1102 621 254 92 162 128 704 673 367 341 62 279 133 146 98 95 68 71 638 183 455 229 205 178
is_linear=0
shrinkage=0.05


Tree=48
num_leaves=31
num_cat=0
split_feature=27 27 27 29 14 27 5 32 14 30 2 29 15 5 7 5 2 5 5 5 7 5 2 2 33 30 14 2 31 5
split_gain=6083.28 1214.15 1138.16 622.474 500.737 490.424 757.539 595.017 555.661 619.136 537.478 548.056 663.977 526.623 726.564 503.146 495.853 480.584 757.123 554.638 858.493 847.084 773.654 564.621 658.936 626.843 931.965 1300.48 602.66 540.158
threshold=61.500000000000007 68.500000000000014 39.500000000000007 6.5000000000000009 -0.35269230769230764 50.500000000000007 0.31009615384615391 1.0000000180025095e-35 -0.14923076923076919 1.0000000180025095e-35 0.58118742704391491 3.5000000000000004 12.423906077845034 0.057565789473684216 831.50000000000011 0.28542510121457493 0.59597772359848034 0.55048076923076927 0.57072368421052644 0.44951923076923084 6235.0000000000009 0.48684210526315791 0.59759381413459789 0.67251744866371166 1.0000000180025095e-35 1.0000000180025095e-35 0.70000000000000007 0.6215009093284608 44.500000000000007 0.31009615384615391
decision_type=2 2 2 2 2 2 2 2 2 2 2 2 2 2 2 2 2 2 2 2 2 2 2 2 2 2 2 2 2 2
left_child=2 3 -1 17 -4 7 15 13 9 -8 -10 16 -13 -6 -15 -7 -12 19 -19 22 -21 -22 -2 25 -25 26 27 -24 -27 -30
right_child=1 -3 4 -5 5 6 8 -9 10 -11 11 12 -14 14 -16 -17 -18 18 -20 20 21 -23 23 24 -26 28 -28 -29 29 -31
leaf_value=-0.15538668079982915 0.27870891772188749 0.12227476759624237 -0.25783366499422283 -0.14877892913632176 -0.31977759139666423 -0.061373407878296586 0.34822993133488289 0.17941923282722727 0.23706751654158423 -0.011589453150244322 -0.26130428107845821 0.089123018278669183 -0.19843342821577412 0.14965390485023786 -0.096716785481623158 -0.28739805730636431 -0.036380895420498459 0.23248589048372922 0.008552527386553186 -0.25633879041439717 -0.17779934052517291 0.10490720927161995 0.3074551328781816 0.027484180881279453 0.38055152325403124 0.0072537821437560455 -0.22523978089834276 -0.023164527015025679 -0.32031001193432518 -0.010420164799789175
leaf_weight=319 34 658 28 46 24 201 26 21 23 22 29 153 23 32 441 28 156 75 76 41 40 78 57 31 23 108 21 62 34 24
leaf_count=319 34 658 28 46 24 201 26 21 23 22 29 153 23 32 441 28 156 75 76 41 40 78 57 31 23 108 21 62 34 24
internal_value=-0.00224112 0.0727067 -0.071397 0.0292019 -0.0491841 -0.0442032 -0.0156425 -0.0806288 0.0233206 0.183528 0.00323918 -0.0117061 0.0514249 -0.0916607 -0.0800103 -0.0891448 -0.0717883 0.0408579 0.119891 0.0192506 -0.059535 0.00896274 0.0510645 0.0294794 0.178383 0.00313639 0.0810465 0.135283 -0.0625501 -0.192404
internal_weight=2934 1408 1526 750 1207 1179 661 518 432 48 384 361 176 497 473 229 185 704 151 553 159 118 394 360 54 306 140 119 166 58
internal_count=2934 1408 1526 750 1207 1179 661 518 432 48 384 361 176 497 473 229 185 704 151 553 159 118 394 360 54 306 140 119 166 58
is_linear=0
shrinkage=0.05


Tree=49
num_leaves=31
num_cat=0
split_feature=27 27 27 29 14 7 5 7 27 34 2 5 7 7 5 5 5 7 5 2 2 33 30 14 2 5 27 2 8 16
split_gain=5490.5 1095.75 1027.17 561.906 465.365 849.095 560.628 776.394 719.428 642.12 510.965 561.487 434.818 490.635 433.803 683.376 500.714 774.961 764.659 698.446 509.865 594.933 565.795 841.424 1173.93 554.588 806.545 653.063 469.84 437.191
threshold=61.500000000000007 68.500000000000014 39.500000000000007 6.5000000000000009 -0.25653846153846149 499.00000000000006 0.13942307692307696 864.50000000000011 50.500000000000007 1.0000000180025095e-35 0.58118742704391491 0.37171052631578955 5996.5000000000009 5431.0000000000009 0.55048076923076927 0.57072368421052644 0.44951923076923084 6235.0000000000009 0.48684210526315791 0.59759381413459789 0.67251744866371166 1.0000000180025095e-35 1.0000000180025095e-35 0.70000000000000007 0.6215009093284608 0.31009615384615391 67.500000000000014 0.63424724340438854 1089.5000000000002 236825.00000000003
decision_type=2 2 2 2 2 2 2 2 2 2 2 2 2 2 2 2 2 2 2 2 2 2 2 2 2 2 2 2 2 2
left_child=2 3 -1 14 -4 -6 -7 9 -9 -8 -10 12 13 -12 16 -16 19 -18 -19 -2 22 -22 23 24 -21 26 -24 -28 -17 -20
right_child=1 -3 4 -5 5 6 7 8 10 -11 11 -13 -14 -15 15 28 17 18 29 20 21 -23 25 -25 -26 -27 27 -29 -30 -31
leaf_value=-0.14761978164058387 0.26481434439808743 0.11616195815205949 -0.17085028894392335 -0.14135611945532925 0.28311747021936068 -0.1482731016306644 0.29409439006698468 -0.092685450292586749 0.22526545731020181 -0.061087389466886834 -0.070470168348061482 0.024662335227918605 -0.16847627998532355 0.19983440985753076 0.22087707466355339 0.10307347297575518 -0.2435530341744713 -0.16893154058670465 0.2008858949763746 0.29210930259705842 0.026114397531920304 0.36160631799078607 0.0667692674530877 -0.21403116304162553 -0.022008170751365869 0.024506233091756587 -0.4879048910751162 -0.12139515372895704 -0.15425217972531438 -0.03839392941163746
leaf_weight=319 34 658 71 46 20 117 32 412 23 21 82 324 84 21 75 48 41 40 45 57 31 23 26 21 62 90 21 29 28 33
leaf_count=319 34 658 71 46 20 117 32 412 23 21 82 324 84 21 75 48 41 40 45 57 31 23 26 21 62 90 21 29 28 33
internal_value=-0.00212988 0.0690727 -0.0678301 0.027743 -0.0467277 -0.0389513 -0.0447525 -0.0326098 -0.0430525 0.153418 -0.00473929 -0.0151436 -0.0841152 -0.0151707 0.0388177 0.113906 0.0182884 -0.0565686 0.0085094 0.0485166 0.0280068 0.169506 0.0029728 0.0769927 0.128528 -0.0594323 -0.1588 -0.276096 0.00812546 0.0996686
internal_weight=2934 1408 1526 750 1207 1136 1116 999 946 53 534 511 187 103 704 151 553 159 118 394 360 54 306 140 119 166 76 50 76 78
internal_count=2934 1408 1526 750 1207 1136 1116 999 946 53 534 511 187 103 704 151 553 159 118 394 360 54 306 140 119 166 76 50 76 78
is_linear=0
shrinkage=0.05


Tree=50
num_leaves=31
num_cat=0
split_feature=27 27 27 27 7 2 6 29 6 16 7 8 2 29 18 2 2 31 16 2 16 27 30 7 2 27 7 31 2 7
split_gain=5303.59 1149.57 697.439 626.429 577.781 511.333 497.258 521.961 1078.23 958.998 1097.33 694.338 567.048 1072.57 973.013 1820.66 776.585 1369.83 749.55 498.334 476.871 451.053 440.574 429.776 411.987 399.532 596.217 398.923 581.011 580.255
threshold=56.000000000000007 68.500000000000014 57.500000000000007 61.500000000000007 15078.000000000002 0.59597772359848034 0.13942307692307696 4.5000000000000009 1.0000000180025095e-35 202665.00000000003 7249.0000000000009 1065.5000000000002 0.6102467179298402 2.5000000000000004 109200.00000000001 0.64561811089515697 0.65570423007011425 24.500000000000004 260870.00000000003 0.63610014319419872 280500.00000000006 39.500000000000007 1.5000000000000002 4235.0000000000009 0.61965721845626842 64.000000000000014 6127.0000000000009 36.500000000000007 0.59916791319847118 10014.500000000002
decision_type=2 2 2 2 2 2 2 2 2 2 2 2 2 2 2 2 2 2 2 2 2 2 2 2 2 2 2 2 2 2
left_child=21 2 5 20 -3 -2 7 12 9 10 -9 -10 25 16 19 18 17 -14 -16 24 27 -1 -23 -19 -15 -5 -27 28 -4 -29
right_child=1 4 3 6 -6 -7 -8 8 11 -11 -12 -13 13 14 15 -17 -18 23 -20 -21 -22 22 -24 -25 -26 26 -28 29 -30 -31
leaf_value=-0.14055740368768402 -0.023578176110289818 0.11129772298295826 0.053284209183761415 0.011680108605825228 -0.15462602816557436 0.2234108501357901 -0.20208316524446857 -0.024914108013314954 0.15081041977320317 0.030213707020604681 -0.45189309543178924 -0.066896048684045029 0.0980871967943832 0.19638552937219153 -0.37574720042243975 0.2732507313126164 0.056362282890667838 -0.20653615116557003 0.013674481206350198 0.1194725411403897 -0.20856216895220472 -0.061331707569859888 -0.27480038482829394 -0.52508243538847021 0.48333098960645277 0.46290558641822782 0.15326312738716519 0.069913530612034716 -0.14150979183517995 -0.1554679361503688
leaf_weight=323 30 640 57 30 21 69 21 27 102 51 34 57 27 28 28 33 68 23 22 68 38 672 25 20 23 20 70 153 116 35
leaf_count=323 30 640 57 30 21 69 21 27 102 51 34 57 27 28 28 33 68 23 22 68 38 672 25 20 23 20 70 153 116 35
internal_value=0.000354911 0.049494 0.0212854 0.0103213 0.10282 0.148567 0.0371919 0.0440992 -0.0109289 -0.129713 -0.263334 0.0727403 0.0765242 0.0434991 0.116887 -0.0144608 -0.0638936 -0.180699 -0.204617 0.208476 -0.040306 -0.0916995 -0.0690339 -0.355688 0.326583 0.169939 0.222565 -0.0225282 -0.0773065 0.0278673
internal_weight=2931 1911 1250 1151 661 99 752 731 271 112 61 159 460 340 202 83 138 70 50 119 399 1020 697 43 51 120 90 361 173 188
internal_count=2931 1911 1250 1151 661 99 752 731 271 112 61 159 460 340 202 83 138 70 50 119 399 1020 697 43 51 120 90 361 173 188
is_linear=0
shrinkage=0.05


Tree=51
num_leaves=31
num_cat=0
split_feature=27 27 27 27 5 31 35 16 16 16 16 31 2 31 31 29 29 6 20 8 5 35 8 27 10 7 8 8 2 2
split_gain=4793.48 1262.36 1534.43 798.558 875.292 901.451 1150.87 716.868 649.137 1113.86 1090.01 893.327 554.798 538.791 573.828 517.639 505.368 1355.56 716.861 628.776 501.298 642.612 600.886 498.005 490.571 527.003 487.995 627.474 454.679 448.941
threshold=50.500000000000007 65.500000000000014 67.500000000000014 79.500000000000014 0.11513157894736843 57.500000000000007 8.5000000000000018 280500.00000000006 155200.00000000003 173175.00000000003 187046.50000000003 24.500000000000004 0.59759381413459789 35.500000000000007 58.500000000000007 1.5000000000000002 4.5000000000000009 1.0000000180025095e-35 1.0000000180025095e-35 1375.0000000000002 0.37171052631578955 4.5000000000000009 722.00000000000011 56.000000000000007 1.0000000180025095e-35 7218.5000000000009 80.500000000000014 630.00000000000011 0.63572326302528392 0.62911051511764537
decision_type=2 2 2 2 2 2 2 2 2 2 2 2 2 2 2 2 2 2 2 2 2 2 2 2 2 2 2 2 2 2
left_child=-1 7 28 4 -4 16 -7 8 11 -10 -11 15 -9 -13 26 -2 29 18 19 -18 22 -22 -12 -23 -19 -26 -15 -28 -3 -6
right_child=1 2 3 -5 5 6 -8 12 9 10 20 13 -14 14 -16 -17 17 24 -20 -21 21 23 -24 -25 25 -27 27 -29 -30 -31
leaf_value=-0.10003693395966462 0.33959650400478697 0.18254787274615258 -0.22928035068757757 0.13992724806592524 0.15539355297461854 -0.37412598579572137 0.021551361090247561 0.02707685801003484 0.22579802068349683 -0.18630502739115481 0.14065906850232821 -0.15351714792491278 -0.27519272959580388 -0.16768312362559853 -0.13818386930031717 0.030489364665324294 -0.11977306211940182 0.14583022155278966 -0.35075520725839171 0.1836163465523612 -0.0076855065390718695 -0.039369160489798667 -0.11609789296556597 0.22452202690775161 0.12897615489081957 -0.23306051391867266 0.27602522767263393 0.010696996263856812 0.49288458390254164 0.056213646415933953
leaf_weight=846 21 22 29 261 202 27 57 24 75 57 33 122 41 24 70 38 75 143 25 22 83 22 73 94 20 20 30 86 26 263
leaf_count=846 21 22 29 261 202 27 57 24 75 57 33 122 41 24 70 38 75 143 25 22 83 22 73 94 20 20 30 86 26 263
internal_value=0.000336302 0.0410685 0.0747407 0.0630974 0.0403689 0.0495572 -0.105865 -0.0038757 0.00867827 0.0505543 0.0141807 -0.0381125 -0.163639 -0.0699877 -0.0213873 0.140984 0.0665304 0.0164871 -0.112539 -0.0507934 0.0517137 0.0984872 -0.0360598 0.17444 0.102546 -0.0520473 0.0370322 0.0795381 0.351426 0.0993331
internal_weight=2931 2085 1192 1144 883 854 84 893 828 437 362 391 65 332 210 59 770 305 122 97 305 199 106 116 183 40 140 116 48 465
internal_count=2931 2085 1192 1144 883 854 84 893 828 437 362 391 65 332 210 59 770 305 122 97 305 199 106 116 183 40 140 116 48 465
is_linear=0
shrinkage=0.05


Tree=52
num_leaves=31
num_cat=0
split_feature=27 27 14 15 14 14 5 33 7 31 7 15 29 5 30 27 2 2 27 8 2 2 27 2 7 2 30 14 6 5
split_gain=4326.24 1143.16 559.554 637.137 632.478 869.369 763.127 550.6 729.289 865.815 1002.48 814.849 577.551 1107.59 742.963 866.242 904.333 572.521 735.216 651.654 987.487 736.936 616.101 783.247 535.176 456.618 407.5 388.399 837.258 506.379
threshold=50.500000000000007 68.500000000000014 -0.35269230769230764 11.711169561286807 -0.13846153846153844 -0.16715769230769228 0.28542510121457493 1.0000000180025095e-35 7384.0000000000009 65.500000000000014 7587.0000000000009 12.308179835362655 3.5000000000000004 0.46761133603238875 1.0000000180025095e-35 65.500000000000014 0.63424724340438854 0.66161078214645397 57.500000000000007 823.50000000000011 0.635846108198166 0.62682512402534496 61.500000000000007 0.62219041585922252 15078.000000000002 0.65241101384162914 1.0000000180025095e-35 0.11923076923076925 1.0000000180025095e-35 0.53238866396761142
decision_type=2 2 2 2 2 2 2 2 2 2 2 2 2 2 2 2 2 2 2 2 2 2 2 2 2 2 2 2 2 2
left_child=-1 2 3 -2 5 6 -4 8 12 10 -10 27 13 14 15 -6 -17 18 -9 20 21 -20 -21 -24 -3 -16 -8 28 29 -12
right_child=1 24 4 -5 7 -7 26 17 9 -11 11 -13 -14 -15 25 16 -18 -19 19 22 -22 -23 23 -25 -26 -27 -28 -29 -30 -31
leaf_value=-0.095035678277538685 -0.32730658529289219 0.10151340326760183 -0.20981902655724172 0.050569784937806388 -0.0032333084913171405 0.30541527564338722 0.23345820761415276 0.19891114750850469 -0.36592351014995989 -0.34397989416914232 -0.063439554729515429 -0.21342807036296577 0.090987860925617114 -0.33121425506027269 -0.22807716607979908 0.37672739762018259 -0.035566255294881159 0.17528816250631754 -0.15324910896104427 -0.092600341263169544 -0.34954141405234385 0.24325239842210836 0.043782389884927275 0.38482371288187367 -0.1544096228565085 0.0066375467192638874 0.034222643682085614 0.081332144549628685 0.13842924832210055 -0.34248611538658319
leaf_weight=846 25 640 24 20 153 42 38 49 23 27 62 47 190 26 44 36 21 81 28 50 31 20 71 22 21 39 79 113 41 22
leaf_count=846 25 640 24 20 153 42 38 49 23 27 62 47 190 26 44 36 21 81 28 50 31 20 71 22 21 39 79 113 41 22
internal_value=0.000320154 0.0390164 0.0137858 -0.159511 0.0194557 0.105997 0.0463865 0.00620202 -0.0157028 -0.0729859 -0.0491098 -0.0234055 0.0219953 -0.0190974 0.00868549 0.0587548 0.224946 0.0587276 0.0238182 -0.014878 -0.130059 0.0120182 0.0487649 0.124839 0.093353 -0.117854 0.0991184 0.0141729 -0.0465156 -0.136903
internal_weight=2931 2085 1424 45 1379 183 141 1196 844 335 308 285 509 319 293 210 57 352 271 222 79 48 143 93 661 83 117 238 125 84
internal_count=2931 2085 1424 45 1379 183 141 1196 844 335 308 285 509 319 293 210 57 352 271 222 79 48 143 93 661 83 117 238 125 84
is_linear=0
shrinkage=0.05


Tree=53
num_leaves=31
num_cat=0
split_feature=27 27 27 31 27 31 2 2 27 27 16 11 16 16 16 31 29 7 31 5 5 2 8 8 31 27 5 27 27 16
split_gain=3911.73 1096.19 1365.31 767.805 694.313 699.849 663.362 576.805 781.689 555.784 550.131 638.563 526.219 909.619 945.539 723.839 518.128 509.093 882.267 764.15 586.129 830.641 484.403 439.266 436.947 458.706 418.14 597.658 604.816 583.397
threshold=49.000000000000007 65.500000000000014 67.500000000000014 76.500000000000014 68.500000000000014 50.500000000000007 0.71547985076904308 0.68166601657867443 79.500000000000014 77.000000000000014 280500.00000000006 1.0000000180025095e-35 155200.00000000003 173175.00000000003 187046.50000000003 24.500000000000004 1.5000000000000002 6789.5000000000009 16.500000000000004 0.34210526315789475 0.28542510121457493 0.63589826226234447 413.50000000000006 1095.0000000000002 30.500000000000004 56.000000000000007 0.37171052631578955 56.000000000000007 57.500000000000007 245917.50000000003
decision_type=2 2 2 2 2 2 2 2 2 2 2 2 2 2 2 2 2 2 2 2 2 2 2 2 2 2 2 2 2 2
left_child=-1 10 -3 4 5 17 7 22 9 -9 12 -12 15 -14 -15 16 -2 19 -19 20 21 -4 -6 -24 25 -17 29 -28 -29 -16
right_child=1 2 3 -5 6 -7 -8 8 -10 -11 11 -13 13 14 26 24 -18 18 -20 -21 -22 -23 23 -25 -26 -27 27 28 -30 -31
leaf_value=-0.093319150865586911 0.32295261286728755 0.32868102114810266 0.35493034308229515 -0.24209629506296457 0.22033415655269939 -0.10481095518583881 0.36544239013982577 0.0101235361996612 0.15543125659074428 -0.31018676511475962 -0.2736137272604286 0.032815593182793083 0.19591647001092652 -0.17328299954659646 -0.10980026689291621 -0.032728114700125106 0.017831665078073815 -0.3102097495613505 0.029806160093820741 0.22798925210201168 -0.20443658632633488 -0.035752109025832875 0.048596958497022585 0.15018920936403629 -0.033665395443240577 -0.27993432136159613 -0.058949076075619 0.36570498958168191 0.093046985902766416 0.14113859511754304
leaf_weight=808 21 48 20 21 79 95 22 27 34 27 39 30 80 59 77 34 41 21 199 77 23 42 288 169 266 42 53 24 132 33
leaf_count=808 21 48 20 21 79 95 22 27 34 27 39 30 80 59 77 34 41 21 199 77 23 42 288 169 266 42 53 24 132 33
internal_value=0.000302535 0.0359394 0.0676899 0.0567071 0.0623202 0.0165497 0.0961012 0.0865401 -0.0320262 -0.150217 -0.00470972 -0.140457 0.00616556 0.042857 0.0104069 -0.0354181 0.121613 0.0467637 -0.00275338 0.114 0.0105341 0.0905626 0.106018 0.0862017 -0.0639276 -0.169596 0.0444403 0.0859627 0.135234 -0.0344134
internal_weight=2931 2123 1192 1144 1123 477 646 624 88 54 931 69 862 458 378 404 62 382 220 162 85 62 536 457 342 76 319 209 156 110
internal_count=2931 2123 1192 1144 1123 477 646 624 88 54 931 69 862 458 378 404 62 382 220 162 85 62 536 457 342 76 319 209 156 110
is_linear=0
shrinkage=0.05


Tree=54
num_leaves=31
num_cat=0
split_feature=27 27 27 7 27 5 15 31 2 5 30 6 5 35 7 2 6 16 11 31 6 16 16 16 31 29 6 8 29 27
split_gain=3530.51 989.383 1232.48 696.421 638.376 786.103 674.18 973.812 618.234 807.551 1033.64 576.172 513.897 601.826 542.387 762.087 529.198 496.609 576.49 486.228 609.424 474.978 821.012 853.528 653.553 467.827 456.772 575.619 444.322 600.583
threshold=49.000000000000007 65.500000000000014 67.500000000000014 15431.500000000002 79.500000000000014 0.11513157894736843 12.110607503874594 54.500000000000007 0.63424724340438854 0.53238866396761142 1.0000000180025095e-35 0.13942307692307696 0.28542510121457493 2.5000000000000004 6302.5000000000009 0.63589826226234447 0.091093117408906896 280500.00000000006 1.0000000180025095e-35 33.500000000000007 1.0000000180025095e-35 155200.00000000003 173175.00000000003 187046.50000000003 24.500000000000004 1.5000000000000002 0.11513157894736843 576.00000000000011 4.5000000000000009 74.500000000000014
decision_type=2 2 2 2 2 2 2 2 2 2 2 2 2 2 2 2 2 2 2 2 2 2 2 2 2 2 2 2 2 2
left_child=-1 17 -3 4 5 -4 11 8 -8 10 -10 12 14 -14 15 -7 -17 21 -19 20 -15 24 -23 -24 25 -2 27 -21 -29 -30
right_child=1 2 3 -5 -6 6 7 -9 9 -11 -12 -13 13 19 -16 16 -18 18 -20 26 -22 22 23 -25 -26 -27 -28 28 29 -31
leaf_value=-0.088653770474540233 0.30688151736960029 0.31228113474320474 -0.21688186931855902 -0.23069841768151211 0.12806830734664387 0.46011529047990635 0.093011777302704698 -0.25500769927080852 -0.39809977121624662 0.19166106947915473 0.0089151962360425555 -0.14087763166509545 -0.17490986409890225 0.031322013949471608 -0.024969266248176775 0.0423075090203512 0.3483183087895832 -0.25996802898928945 0.0311802643781336 -0.10929802339480815 0.2226009163599533 0.18613287911712006 -0.1646335089115927 0.042225007439952722 -0.060737725762387389 0.016942253578318297 -0.16944589589340278 0.19877058589879637 -0.03969125138021707 0.20049114027341677
leaf_weight=808 21 48 29 21 259 27 120 38 28 20 35 29 25 72 25 43 21 39 30 43 99 80 59 319 342 41 25 65 82 38
leaf_count=808 21 48 29 21 259 27 120 38 28 20 35 29 25 72 25 43 21 39 30 43 99 80 59 319 342 41 25 65 82 38
internal_value=0.000288941 0.0341449 0.0643089 0.0538738 0.0592198 0.0385629 0.0474655 -0.0230459 0.0204551 -0.0843718 -0.172245 0.0760812 0.087249 0.0629682 0.181054 0.237674 0.143182 -0.00447285 -0.133448 0.0770438 0.142157 0.00585959 0.0407191 0.00988934 -0.0336472 0.115564 0.0329759 0.0552577 0.0935712 0.0364285
internal_weight=2931 2123 1192 1144 1123 864 835 241 203 83 63 594 565 449 116 91 64 931 69 424 171 862 458 378 404 62 253 228 185 120
internal_count=2931 2123 1192 1144 1123 864 835 241 203 83 63 594 565 449 116 91 64 931 69 424 171 862 458 378 404 62 253 228 185 120
is_linear=0
shrinkage=0.05


Tree=55
num_leaves=31
num_cat=0
split_feature=27 27 27 6 35 15 5 35 35 30 29 15 7 8 35 5 14 16 7 5 29 8 5 8 0 16 16 7 27 5
split_gain=3176.55 780.857 639.215 494.917 483.26 597.64 1028.5 813.056 565.986 448.042 635.708 709.445 557.581 462.036 394.663 390.444 358.39 352.584 417.624 338.202 334.973 571.091 688.15 661.811 319.747 280.574 373.702 924.03 254.802 242.62
threshold=59.000000000000007 79.500000000000014 39.500000000000007 0.13942307692307696 9.5000000000000018 12.123578839701079 0.11513157894736843 7.5000000000000009 10.500000000000002 1.5000000000000002 1.0000000180025095e-35 11.815810944872601 543.00000000000011 97.000000000000014 3.5000000000000004 0.17269736842105265 0.33938461538461545 192275.00000000003 9928.0000000000018 0.37171052631578955 2.5000000000000004 1418.0000000000002 0.55048076923076927 1023.5000000000001 1.0000000180025095e-35 184100.00000000003 173030.50000000003 11870.000000000002 29.000000000000004 0.59716599190283415
decision_type=2 2 2 2 2 2 2 2 2 2 2 2 2 2 2 2 2 2 2 2 2 2 2 2 2 2 2 2 2 2
left_child=2 3 28 4 5 6 -2 14 -6 10 11 -4 24 -14 16 -8 -7 25 19 -19 -16 22 23 -22 -12 26 27 -17 -1 -15
right_child=1 -3 9 -5 8 7 15 -9 -10 -11 12 -13 13 29 20 17 -18 18 -20 -21 21 -23 -24 -25 -26 -27 -28 -29 -30 -31
leaf_value=-0.24626116939901946 -0.21686983130129442 0.12875054994701249 0.31333247075301474 -0.14205457519671424 0.3818087423279275 -0.011375953124511284 0.22391490619874063 -0.27040117561242205 0.05023277526619542 -0.19442375842437609 -0.35346685024552155 -0.038944331067534248 0.17021091413879735 -0.040631912729964262 0.079656666219854066 0.056879361031264092 0.2389992747315017 -0.088135591530686869 0.31819983110484851 0.13685679702313802 -0.36115829706801783 0.10102283597162308 0.037164973893894608 -0.038915709639827267 -0.07360288729122029 -0.093687558394891249 0.15502500656047413 -0.19098590980771105 -0.099283493042586685 0.082025555165533226
leaf_weight=33 33 276 28 38 22 28 38 31 31 42 21 29 28 943 48 441 29 21 25 80 39 35 38 27 20 35 76 41 280 42
leaf_count=33 33 276 28 38 22 28 38 31 31 42 21 29 28 943 48 441 29 21 25 80 39 35 38 27 20 35 76 41 280 42
internal_value=0.000229288 0.0531948 -0.0515045 0.0351416 0.041181 0.0338318 0.055931 -0.0296321 0.188422 -0.0342903 -0.0282152 0.134262 -0.0370186 -0.0296849 0.00103516 0.0678569 0.116116 0.0595721 0.135522 0.0899858 -0.0340595 -0.0733934 -0.13218 -0.229666 -0.217581 0.0434057 0.052029 0.0357498 -0.114869 -0.035389
internal_weight=2898 1432 1466 1156 1118 1065 790 275 53 1153 1111 57 1054 1013 244 757 57 719 126 101 187 139 104 66 41 593 558 482 313 985
internal_count=2898 1432 1466 1156 1118 1065 790 275 53 1153 1111 57 1054 1013 244 757 57 719 126 101 187 139 104 66 41 593 558 482 313 985
is_linear=0
shrinkage=0.05


Tree=56
num_leaves=31
num_cat=0
split_feature=27 27 27 6 18 5 13 30 29 31 7 31 8 35 31 31 27 6 29 30 30 18 35 5 27 35 5 20 31 31
split_gain=2867.08 704.722 576.965 446.779 447.698 419.792 935.409 404.471 573.878 972.771 503.545 417.733 417.12 368.245 927.242 893.04 345.814 262.65 794.097 734.65 751.101 882.361 452.324 409.231 367.883 455.808 342.844 332.277 324.103 279.961
threshold=59.000000000000007 79.500000000000014 39.500000000000007 0.13942307692307696 273500.00000000006 0.11513157894736843 1.0000000180025095e-35 1.5000000000000002 1.0000000180025095e-35 30.500000000000004 543.00000000000011 44.500000000000007 97.000000000000014 9.5000000000000018 78.500000000000014 58.500000000000007 67.500000000000014 0.057565789473684216 4.5000000000000009 1.0000000180025095e-35 1.5000000000000002 168639.50000000003 5.5000000000000009 0.62828947368421062 65.500000000000014 3.5000000000000004 0.46761133603238875 1.0000000180025095e-35 41.500000000000007 44.500000000000007
decision_type=2 2 2 2 2 2 2 2 2 2 2 2 2 2 2 2 2 2 2 2 2 2 2 2 2 2 2 2 2 2
left_child=2 3 -1 4 5 6 -2 8 9 -4 11 -10 -12 15 -15 17 -17 18 19 22 21 -21 24 26 -7 27 -20 -26 -28 -19
right_child=1 -3 7 -5 -6 13 -8 -9 10 -11 12 -13 -14 14 -16 16 -18 29 23 20 -22 -23 -24 -25 25 -27 28 -29 -30 -31
leaf_value=-0.10913207052767525 -0.34718599144316398 0.12231535429336678 0.37797461179492275 -0.13497049135798858 -0.1786840645007757 -0.091190783344071727 0.11827640446467635 -0.18472565904507446 -0.042520675552425093 -0.042288773869440133 0.16173065508387693 -0.36199810463952797 -0.033619064000940876 0.42330154431351713 -0.016970347901413725 0.010686408361392235 -0.25090571852548382 0.11052378157228081 -0.014911499559155363 -0.27410356855595491 0.17435939898047123 0.055574813418257568 0.22505992387474053 0.1212984224417113 0.31911835811591227 0.017029630121547509 -0.27101096730990554 0.094146971775989033 -0.056871101863223431 0.023213788156644641
leaf_weight=313 21 276 23 38 23 27 22 42 20 34 28 21 985 22 26 20 34 298 74 41 32 40 76 27 32 65 37 34 34 133
leaf_count=313 21 276 23 38 23 27 22 42 20 34 28 21 985 22 26 20 34 298 74 41 32 40 76 27 32 65 37 34 34 133
internal_value=0.000217675 0.0505371 -0.0489314 0.0333863 0.0391247 0.0437201 -0.109205 -0.0325766 -0.0268042 0.127569 -0.0351687 -0.20676 -0.0281991 0.0499854 0.185178 0.0434993 -0.154087 0.0547508 0.0307682 0.074311 -0.0303286 -0.11137 0.124855 -0.0570399 0.0765115 0.111157 -0.0903429 0.203617 -0.16876 0.0836045
internal_weight=2898 1432 1466 1156 1118 1095 43 1153 1111 57 1054 41 1013 1052 48 1004 54 950 519 347 113 81 234 172 158 131 145 66 71 431
internal_count=2898 1432 1466 1156 1118 1095 43 1153 1111 57 1054 41 1013 1052 48 1004 54 950 519 347 113 81 234 172 158 131 145 66 71 431
is_linear=0
shrinkage=0.05


Tree=57
num_leaves=31
num_cat=0
split_feature=27 27 27 2 5 14 7 5 31 35 8 31 7 30 8 8 5 7 31 35 2 8 24 7 7 5 2 30 15 14
split_gain=2587.67 636.028 531.852 403.484 719.854 412.056 423.363 738.557 480.873 1120.28 497.449 485.172 409.14 360.277 383.348 991.261 591.267 748.927 636.999 326.085 294.933 348.861 460.818 430.835 341.7 304.761 304.355 559.62 434.887 334.368
threshold=59.000000000000007 79.500000000000014 36.000000000000007 0.69367411732673656 0.24038461538461542 1.0846153846153848 506.50000000000006 0.11513157894736843 76.500000000000014 9.5000000000000018 1824.5000000000002 58.500000000000007 13495.500000000002 1.5000000000000002 118.00000000000001 112.00000000000001 0.069711538461538478 543.00000000000011 39.500000000000007 8.5000000000000018 0.68735969066619884 991.50000000000011 1.0000000180025095e-35 8464.0000000000018 5879.5000000000009 0.51315789473684215 0.6118772327899934 1.0000000180025095e-35 11.751284254797715 0.27846153846153854
decision_type=2 2 2 2 2 2 2 2 2 2 2 2 2 2 2 2 2 2 2 2 2 2 2 2 2 2 2 2 2 2
left_child=2 3 -1 5 -5 6 -2 -8 9 10 11 12 20 14 15 16 18 -18 -4 -13 21 22 26 25 -24 -23 27 -9 -29 -28
right_child=1 -3 13 4 -6 -7 7 8 -10 -11 -12 19 -14 -15 -16 -17 17 -19 -20 -21 -22 23 24 -25 -26 -27 29 28 -30 -31
leaf_value=-0.12405392300921265 0.22250890150619818 0.11620180109965761 0.30365813554995569 -0.32088820311278776 0.026186869123752617 -0.16978853997730076 -0.23545379762332966 0.19889455614653145 -0.16719555768016656 0.40223223367427813 0.18020696956146076 -0.2439786983438697 -0.16538957527705603 -0.17523065223918211 -0.039988315867024116 0.37236461746158889 -0.27443108452410858 0.048757078580539244 -0.04012680192865252 9.2719916093389045e-05 0.23719923938091717 0.22840455575778382 -0.0021326196658146847 0.040192314245817956 -0.28097950330277754 0.047384767325600326 0.036354548310399373 -0.15990452494788435 0.10671876406143195 -0.078585209556721908
leaf_weight=192 32 276 25 22 46 23 24 67 26 22 61 25 23 44 1084 20 33 39 29 30 20 70 23 176 21 35 265 27 35 83
leaf_count=192 32 276 25 22 46 23 24 67 26 22 61 25 23 44 1084 20 33 39 29 30 20 70 23 176 21 35 265 27 35 83
internal_value=0.000206521 0.0480112 -0.0464862 0.0317175 -0.086335 0.0391076 0.0436392 0.0380724 0.0446061 0.0502297 0.0421251 0.0327417 0.0421156 -0.0347835 -0.0297414 0.0462792 -0.00569499 -0.0994767 0.119208 -0.111 0.0479472 0.0431925 0.018955 0.0880905 -0.135667 0.168215 0.0332538 0.0988245 -0.00938138 0.00891169
internal_weight=2898 1432 1466 1156 68 1088 1065 1033 1009 983 961 900 845 1274 1230 146 126 72 54 55 822 802 521 281 44 105 477 129 62 348
internal_count=2898 1432 1466 1156 68 1088 1065 1033 1009 983 961 900 845 1274 1230 146 126 72 54 55 822 802 521 281 44 105 477 129 62 348
is_linear=0
shrinkage=0.05


Tree=58
num_leaves=31
num_cat=0
split_feature=27 27 27 6 14 30 29 31 7 8 31 14 15 29 15 16 14 6 16 15 15 31 8 8 7 2 2 7 7 2
split_gain=2335.39 574.039 482.061 391.2 365.651 330.608 480.766 819.701 425.707 362.746 360.63 297.815 402.865 532.672 607.277 502.521 421.928 496.581 488.539 565.639 543.64 1052.37 441.65 439.616 436.478 415.855 579.96 395.157 565.453 455.185
threshold=59.000000000000007 79.500000000000014 39.500000000000007 0.13942307692307696 1.0846153846153848 1.5000000000000002 1.0000000180025095e-35 30.500000000000004 543.00000000000011 97.000000000000014 44.500000000000007 0.72692307692307701 12.123578839701079 2.5000000000000004 12.15433836492346 248500.00000000003 0.076742307692307707 0.069711538461538478 194500.00000000003 11.857227206788016 11.800083434659255 19.500000000000004 863.50000000000011 78.500000000000014 4645.5000000000009 0.6457839608192445 0.62911051511764537 8915.0000000000018 8000.5000000000009 0.60829156637191784
decision_type=2 2 2 2 2 2 2 2 2 2 2 2 2 2 2 2 2 2 2 2 2 2 2 2 2 2 2 2 2 2
left_child=2 3 -1 4 11 6 7 -4 10 -10 -8 12 16 15 -15 -14 17 18 19 20 21 -2 -21 -19 -25 26 -18 28 -23 -30
right_child=1 -3 5 -5 -6 -7 8 -9 9 -11 -12 -13 13 14 -16 -17 25 23 -20 22 -22 27 -24 24 -26 -27 -28 -29 29 -31
leaf_value=-0.09918936887845671 -0.23948485861188945 0.11039381611705019 0.34716477285731928 -0.12740438741648916 -0.1613358619667235 -0.16677059473385791 -0.036818160628204914 -0.038610185965720856 0.15187634516016868 -0.0302951435980954 -0.33365880106862689 0.17009874671485248 0.29399943896548242 -0.25771547608361567 -0.021665645082782979 -0.0087410005506055842 0.12646494000968042 -0.25919231509710378 0.21329816565611412 0.033911994982954538 0.22767197269029471 0.050593870471168416 -0.21515861946633061 0.12632331605762473 -0.074399398194803582 0.19113568622820817 -0.18195337467064146 -0.1343143895066162 0.090670042251419405 0.36919406983351793
leaf_weight=313 30 276 23 38 23 42 20 34 28 985 21 42 22 34 136 36 49 21 45 36 45 240 35 39 88 94 22 22 31 28
leaf_count=313 30 276 23 38 23 42 20 34 28 985 21 42 22 34 136 36 49 21 45 36 45 240 35 39 88 94 22 22 31 28
internal_value=0.000196349 0.0456111 -0.0441618 0.0301314 0.0355013 -0.029212 -0.0239928 0.117301 -0.0316491 -0.0252404 -0.189422 0.0396547 0.0344314 -0.0243751 -0.0690288 0.106314 0.0506904 0.0327913 0.0561118 0.0409122 0.064221 0.0431926 -0.0889289 -0.0478346 -0.0126699 0.122193 0.0307069 0.069693 0.0847602 0.223337
internal_weight=2898 1432 1466 1156 1118 1153 1111 57 1054 1013 41 1095 1053 228 170 58 825 660 512 467 396 351 71 148 127 165 71 321 299 59
internal_count=2898 1432 1466 1156 1118 1153 1111 57 1054 1013 41 1095 1053 228 170 58 825 660 512 467 396 351 71 148 127 165 71 321 299 59
is_linear=0
shrinkage=0.05


Tree=59
num_leaves=31
num_cat=0
split_feature=2 14 16 2 6 7 29 7 14 16 14 16 2 5 5 29 2 14 31 31 33 31 2 7 7 31 7 7 7 24
split_gain=843.681 456.817 1266.78 1476.12 582.749 591.129 401.998 395.988 376.909 660.346 651.933 728.992 543.779 461.591 889.781 521.269 447.186 382.842 362.74 362.585 500.112 470.197 361.495 312.868 454.417 363.449 330.405 406.698 840.599 349.251
threshold=0.61965721845626842 -0.27615384615384614 131320.00000000003 0.71547985076904308 0.057565789473684216 11735.000000000002 3.5000000000000004 7414.0000000000009 0.72692307692307701 275092.50000000006 0.27846153846153854 221500.00000000003 0.63868457078933727 0.17269736842105265 0.19901315789473686 2.5000000000000004 0.63353851437568676 0.3115384615384616 53.500000000000007 35.500000000000007 1.0000000180025095e-35 29.500000000000004 0.63524180650711071 2428.5000000000005 4583.5000000000009 30.500000000000004 5775.0000000000009 6709.5000000000009 6789.5000000000009 1.0000000180025095e-35
decision_type=2 2 2 2 2 2 2 2 2 2 2 2 2 2 2 2 2 2 2 2 2 2 2 2 2 2 2 2 2 2
left_child=18 2 3 -2 5 8 -6 -4 9 10 13 12 -12 15 -15 16 -3 -11 23 21 -21 -16 -8 25 -25 -1 29 -28 -29 -26
right_child=1 4 7 -5 6 -7 22 -9 -10 17 11 -13 -14 14 19 -17 -18 -19 -20 20 -22 -23 -24 24 26 -27 27 28 -30 -31
leaf_value=0.23195705341881723 -0.47541297540020705 -0.15755719961562833 -0.053225661506509009 0.046175109697080746 0.026533445697639518 -0.25129714241900331 0.0090620614998471877 0.15648055534707006 0.1528573922931202 -0.32155053780708481 -0.076478175552587166 0.021929377772040286 -0.42837859257314004 0.28257573777741757 0.043677193734613429 -0.23978126774479064 0.095989969446039602 -0.046127248372471626 -0.09998798187560555 0.05500773245585603 0.2914489629083894 -0.11512465785833786 0.13099597813134717 -0.11666466461263479 0.079003788158421642 -0.04034967433068562 -0.096853176669762037 0.20942399176947971 -0.023985991871192054 -0.10506732744131825
leaf_weight=26 31 26 43 24 314 22 78 47 44 23 22 53 22 41 158 28 52 28 158 129 27 66 277 120 150 23 167 41 627 31
leaf_count=26 31 26 43 24 314 22 78 47 44 23 22 53 22 41 158 28 52 28 158 129 27 66 277 120 150 23 167 41 627 31
internal_value=0.000186387 0.025259 -0.0592096 -0.248049 0.0339526 0.0034013 0.0677789 0.0562842 0.0112354 0.00197505 0.016131 -0.102913 -0.253114 0.0380672 0.0615513 -0.0551274 0.0113167 -0.170822 -0.0288401 0.0376227 0.0961228 -0.00312082 0.104229 -0.0193418 -0.0246845 0.104216 -0.0138053 -0.0270847 -0.00962324 0.0474096
internal_weight=2898 1555 145 55 1410 741 669 90 719 675 624 97 44 527 421 106 78 51 1343 380 156 224 355 1185 1136 49 1016 835 668 181
internal_count=2898 1555 145 55 1410 741 669 90 719 675 624 97 44 527 421 106 78 51 1343 380 156 224 355 1185 1136 49 1016 835 668 181
is_linear=0
shrinkage=0.05


Tree=60
num_leaves=31
num_cat=0
split_feature=27 27 14 7 34 2 31 11 7 5 5 6 8 7 7 2 2 2 7 8 7 7 33 31 7 7 14 7 31 18
split_gain=1590.37 587.142 750.93 512.058 930.706 423.349 642.336 508.373 552.99 532.394 395.501 609.627 391.279 450.899 328.007 1393.97 322.798 1035.39 641.687 578.061 536.403 702.259 543.25 606.91 751.506 721.781 523.38 573.685 576.548 519.306
threshold=49.000000000000007 68.500000000000014 -0.35269230769230764 13495.500000000002 1.0000000180025095e-35 0.59215146303176891 24.500000000000004 1.0000000180025095e-35 8254.0000000000018 0.37171052631578955 0.55048076923076927 0.091093117408906896 1069.0000000000002 8335.5000000000018 515.00000000000011 0.67043229937553417 0.66161078214645397 0.65681865811347973 8395.0000000000018 74.500000000000014 5860.5000000000009 5505.0000000000009 1.0000000180025095e-35 22.500000000000004 6538.0000000000009 7648.5000000000009 0.077596153846153856 4945.0000000000009 39.500000000000007 122292.50000000001
decision_type=2 2 2 2 2 2 2 2 2 2 2 2 2 2 2 2 2 2 2 2 2 2 2 2 2 2 2 2 2 2
left_child=-1 2 -2 14 -5 6 -4 -8 9 -9 16 12 -12 -14 15 -3 17 19 -18 -7 21 26 23 -22 -25 -26 27 28 -21 -27
right_child=1 3 5 4 -6 10 7 8 -10 -11 11 -13 13 -15 -16 -17 18 -19 -20 20 22 -23 -24 24 25 29 -28 -29 -30 -31
leaf_value=-0.063567859779661742 -0.20643812324365074 0.20756048636812394 0.35129980612638878 0.088504492900063916 -0.31264754288581265 -0.2487123463216766 0.18770904994067558 0.015735679539070253 0.15393014927245546 -0.30117557419068886 0.17595415195562281 -0.18196289968955054 -0.16676937687448612 0.081098827930411926 0.083383362446169243 -0.34223084568437945 -0.0036764089416300564 -0.31143218392919497 0.2104653743389242 -0.036796605346986914 -0.29282663106099027 0.23832959197926107 0.047259344731112853 -0.2074312427835234 0.1143784621584114 0.039432817050932795 0.18105991488832343 -0.21640424338376027 0.16654293051823943 -0.13503054796238931
leaf_weight=795 42 24 20 34 25 26 42 31 28 23 78 23 23 89 550 22 169 31 44 134 29 40 125 64 75 68 39 31 47 114
leaf_count=795 42 24 20 34 25 26 42 31 28 23 78 23 23 89 550 22 169 31 44 134 29 40 125 64 75 68 39 31 47 114
internal_value=-0.00337942 0.0195148 0.00160561 0.0587371 -0.081632 0.00789624 0.0890447 0.0464562 -0.0259725 -0.11946 -0.00146192 0.0605688 0.0900345 0.0300494 0.0726524 -0.0554467 -0.0142248 -0.0284269 0.040614 -0.0173054 -0.00941288 0.0440262 -0.0421643 -0.0741199 -0.0542608 -0.0160318 0.0129591 -0.0180124 0.0160395 -0.0698331
internal_weight=2885 2090 1435 655 59 1393 144 124 82 54 1249 213 190 112 596 46 1036 823 213 792 766 291 475 350 321 257 251 212 181 182
internal_count=2885 2090 1435 655 59 1393 144 124 82 54 1249 213 190 112 596 46 1036 823 213 792 766 291 475 350 321 257 251 212 181 182
is_linear=0
shrinkage=0.05


Tree=61
num_leaves=31
num_cat=0
split_feature=27 31 27 14 2 16 27 15 15 2 2 8 33 8 31 14 8 15 2 8 8 14 8 31 8 5 18 8 2 2
split_gain=1437.3 560.212 519.339 654.431 374.628 371.982 762.582 420.238 876.336 360.871 968.339 610.476 587.365 458.038 743.098 493.748 415.484 432.273 400.286 525.785 358.669 344.755 338.193 329.201 322.296 311.486 374.445 646.506 303.548 337.516
threshold=50.500000000000007 15.500000000000002 68.500000000000014 -0.35269230769230764 0.58031651377677929 299150.00000000006 65.500000000000014 12.32197324481332 12.37581741410464 0.66161078214645397 0.65755760669708263 73.500000000000014 1.0000000180025095e-35 804.50000000000011 36.500000000000007 -0.059288461538461533 922.50000000000011 11.815810944872601 0.61430075764656078 118.00000000000001 1182.0000000000002 -1.0000000180025095e-35 2035.0000000000002 47.500000000000007 962.50000000000011 0.13942307692307696 109200.00000000001 644.50000000000011 0.62770020961761486 0.64725190401077282
decision_type=2 2 2 2 2 2 2 2 2 2 2 2 2 2 2 2 2 2 2 2 2 2 2 2 2 2 2 2 2 2
left_child=-1 24 3 -3 -5 7 -7 9 -9 10 11 -6 20 14 18 16 -15 -18 -13 -20 -11 -17 -4 -8 -2 -16 27 -27 -23 -30
right_child=1 2 22 4 5 6 23 8 -10 12 -12 13 -14 15 25 21 17 -19 19 -21 -22 28 -24 -25 -26 26 -28 -29 29 -31
leaf_value=-0.058881376213940788 0.30727498140828363 -0.19614073542187838 0.061298618513289438 0.17282164081977536 -0.24518345568284572 -0.23816073498613127 0.083918916746945946 0.33724816029833765 -0.019605912632726999 -0.034091714394018112 -0.25389218794140139 0.081518654536220661 0.16180944113275669 -0.12799069838048857 -0.032335539263298067 -0.22891132246524207 0.007339211370733973 0.20008952005582215 0.10372210420021291 -0.13726451754139651 0.18365044148798981 -0.01991605862927856 -0.10054412489849802 -0.14952158340345625 0.039976632291108219 0.23095734529114617 0.30104228958995954 -0.062629948746749542 -0.26670278981584045 -0.025373583642887495
leaf_weight=827 26 42 601 32 25 48 53 29 42 131 40 68 84 26 22 27 66 52 31 83 22 260 34 21 20 45 38 32 29 29
leaf_count=827 26 42 601 32 25 48 53 29 42 131 40 68 84 26 22 27 66 52 31 83 22 260 34 21 20 45 38 32 29 29
internal_value=-0.00321146 0.0191586 0.0152065 -0.00204128 0.00407571 -7.75816e-05 -0.0831641 0.00850753 0.12635 0.000954629 -0.0138961 -0.00233659 0.0556619 0.00520046 0.0518062 -0.025197 0.0525276 0.0924199 -0.014385 -0.0716558 -0.00265022 -0.0576589 0.0526107 0.0174924 0.191506 0.139722 0.17268 0.108959 -0.0430355 -0.146376
internal_weight=2885 2058 2012 1377 1335 1303 122 1181 71 1110 873 833 237 808 319 489 144 118 182 114 153 345 635 74 46 137 115 77 318 58
internal_count=2885 2058 2012 1377 1335 1303 122 1181 71 1110 873 833 237 808 319 489 144 118 182 114 153 345 635 74 46 137 115 77 318 58
is_linear=0
shrinkage=0.05


Tree=62
num_leaves=31
num_cat=0
split_feature=27 35 27 14 31 14 15 16 14 31 2 2 27 8 27 2 15 15 18 14 14 8 27 6 31 14 14 5 6 2
split_gain=1298.94 506.191 562.488 622.126 360.457 337.269 478.4 540.052 536.962 319.349 305.95 989.926 511.596 374.979 284.522 276.7 325.13 765.461 312.052 1270.14 472.4 463.908 429.8 319.294 422.828 497.194 571.657 409.308 351.712 277.633
threshold=49.000000000000007 11.500000000000002 68.500000000000014 -0.35269230769230764 15.500000000000002 1.0846153846153848 12.57763927865355 300750.00000000006 0.64423076923076927 17.500000000000004 0.68051502108573925 0.70216304063797008 79.500000000000014 551.50000000000011 29.000000000000004 0.58031651377677929 12.32197324481332 12.37581741410464 183500.00000000003 0.33653846153846162 0.31969230769230778 1696.5000000000002 57.500000000000007 0.069711538461538478 24.500000000000004 -0.14923076923076919 -0.16715769230769228 0.34210526315789475 0.11513157894736843 0.60829156637191784
decision_type=2 2 2 2 2 2 2 2 2 2 2 2 2 2 2 2 2 2 2 2 2 2 2 2 2 2 2 2 2 2
left_child=14 2 3 -2 -5 6 7 9 -9 -6 13 12 -12 -4 -1 -11 18 -18 19 20 21 23 -20 24 -17 26 27 -26 -25 -19
right_child=1 -3 10 4 5 -7 -8 8 -10 15 11 -13 -14 -15 -16 16 17 29 22 -21 -22 -23 -24 28 25 -27 -28 -29 -30 -31
leaf_value=-0.20334893840124302 -0.18635699035436129 -0.18942633579993987 0.15237020609090313 0.18287491815299106 -0.15760856592182304 -0.19827122873631284 0.25016399912573212 -0.30982369057748516 -0.025695472787621222 0.17698215643564863 -0.25680377428870066 0.15347841092926301 0.025936828550927316 0.052340463646835846 -0.051294649339997056 0.10925247460908544 0.30936598256972941 -0.14619399563396146 0.099762727994454931 0.37903877968912003 -0.21016753840731434 0.190680545131482 -0.15809828800330569 -0.14336682846369261 -0.15947776727415439 -0.018226616623940779 0.3183781797364677 0.095642052524711502 0.0075310841525504744 0.080967385263616506
leaf_weight=32 42 29 122 29 27 20 20 26 46 26 39 50 27 405 763 105 30 21 22 23 25 34 60 72 20 555 23 72 83 37
leaf_count=32 42 29 122 29 27 20 20 26 46 26 39 50 27 405 763 105 30 21 22 23 25 34 60 72 20 555 23 72 83 37
internal_value=-0.00305093 0.0176394 0.0205645 0.00297008 0.00876571 0.00500025 0.00808235 0.00435528 -0.128654 0.0121235 0.059351 -0.014116 -0.141197 0.0755313 -0.0574462 0.0159341 0.0123726 0.10478 0.00492605 0.0125349 0.00396901 0.00954876 -0.0888179 0.00290157 0.0160104 0.00137626 0.0959585 0.040014 -0.0625784 -0.0013047
internal_weight=2885 2090 2061 1418 1376 1347 1327 1307 72 1235 643 116 66 527 795 1208 1182 88 1094 1012 989 964 82 930 775 670 115 92 155 58
internal_count=2885 2090 2061 1418 1376 1347 1327 1307 72 1235 643 116 66 527 795 1208 1182 88 1094 1012 989 964 82 930 775 670 115 92 155 58
is_linear=0
shrinkage=0.05


Tree=63
num_leaves=31
num_cat=0
split_feature=27 31 35 27 2 6 16 27 31 29 7 35 31 2 2 6 15 18 2 31 27 16 18 10 8 15 15 29 2 2
split_gain=1175.27 467.743 443.223 497.47 330.695 329.338 412.912 413.391 367.584 318.862 568.018 307.48 400.298 527.233 537.394 363.212 452.029 477.6 796.121 500.569 501.95 466.081 461.101 413.286 520.898 379.489 366.799 357.564 299.208 298.675
threshold=50.500000000000007 15.500000000000002 11.500000000000002 68.500000000000014 0.58031651377677929 0.069711538461538478 334500.00000000006 66.500000000000014 67.500000000000014 2.5000000000000004 6127.0000000000009 2.5000000000000004 25.500000000000004 0.61365580558776867 0.65241101384162914 0.057565789473684216 12.25367568159783 157125.00000000003 0.59620219469070446 52.500000000000007 61.500000000000007 281375.00000000006 139976.50000000003 1.0000000180025095e-35 842.50000000000011 12.069681646240815 12.32197324481332 2.5000000000000004 0.60852640867233287 0.65110391378402721
decision_type=2 2 2 2 2 2 2 2 2 2 2 2 2 2 2 2 2 2 2 2 2 2 2 2 2 2 2 2 2 2
left_child=-1 -2 3 4 -3 6 11 -8 9 -7 -11 -6 13 -13 27 16 17 19 -19 22 -21 26 29 24 -17 -26 -18 -15 -12 -14
right_child=1 2 -4 -5 5 8 7 -9 -10 10 28 12 15 14 -16 23 21 18 -20 20 -22 -23 -24 -25 25 -27 -28 -29 -30 -31
leaf_value=-0.05323843039383519 0.17481309281512611 0.15819101805836427 -0.17998756984459985 0.053560713516300762 -0.13884461226864395 -0.22401760762388057 -0.25649286851645337 0.010057605869581611 0.1256146934963924 0.076868071346745448 0.044820050828492462 0.21906421056575023 -0.048038643605452014 0.058391798436191501 0.15733582950245567 0.20584874816465312 0.031670671686256972 0.0065919830793439637 -0.30095356592373157 -0.0048594104834752874 0.2528937963427455 -0.093293808324099309 0.088397006514222262 -0.030818464265281995 0.077711953812311024 -0.16124172865708858 0.23185856255882023 -0.16910454741475325 -0.17212652664303624 -0.19231029939329958
leaf_weight=827 46 32 29 623 32 34 29 29 23 53 20 53 216 33 48 69 49 42 42 48 31 33 54 93 78 21 43 36 76 43
leaf_count=827 46 32 29 623 32 34 29 29 23 53 20 53 216 33 48 69 49 42 42 48 31 33 54 93 78 21 43 36 76 43
internal_value=-0.00289791 0.0173304 0.0137189 0.0165632 -0.000383935 -0.00422041 0.00644633 -0.123344 -0.0623171 -0.0860199 -0.0543679 0.013537 0.0182798 0.0883789 0.0290004 0.00444073 -0.0169418 -0.0391699 -0.147296 -0.0159556 0.0964129 0.0676268 -0.0443547 0.0536846 0.100483 0.0268628 0.125441 -0.0603025 -0.126878 -0.0720754
internal_weight=2885 2058 2012 1983 1360 1328 1122 58 206 183 149 1064 1032 170 117 862 601 476 84 392 79 125 313 261 168 99 92 69 96 259
internal_count=2885 2058 2012 1983 1360 1328 1122 58 206 183 149 1064 1032 170 117 862 601 476 84 392 79 125 313 261 168 99 92 69 96 259
is_linear=0
shrinkage=0.05


Tree=64
num_leaves=31
num_cat=0
split_feature=7 2 16 18 15 5 14 2 33 5 15 7 7 14 14 7 14 5 7 2 2 2 5 5 29 2 5 8 29 6
split_gain=355.479 317.486 588.198 1134.08 970.208 745.289 518.507 427.195 477.226 357.201 316.54 299.895 680.928 562.797 513.098 454.052 407.256 371.251 859.334 450.601 402.643 1031.1 328.671 410.071 312.683 299.494 288.779 288.367 276.355 231.815
threshold=15551.000000000002 0.66088238358497631 146638.00000000003 81750.000000000015 12.043650765990259 0.13942307692307696 0.33380384615384623 0.65818580985069286 1.0000000180025095e-35 0.13942307692307696 12.142072503961316 5860.5000000000009 6235.0000000000009 -0.22692307692307692 -0.059288461538461533 5687.5000000000009 -0.031769230769230765 0.17269736842105265 3902.0000000000005 0.59555497765541088 0.64537152647972118 0.63454651832580578 0.37980769230769235 0.31414473684210531 3.5000000000000004 0.6920357644557954 0.46761133603238875 754.50000000000011 3.5000000000000004 0.057565789473684216
decision_type=2 2 2 2 2 2 2 2 2 2 2 2 2 2 2 2 2 2 2 2 2 2 2 2 2 2 2 2 2 2
left_child=1 7 3 5 9 -3 10 11 -9 -4 -6 13 -13 -1 26 17 -16 19 20 -15 21 -19 23 29 27 -5 -14 -17 -7 -20
right_child=-2 2 4 25 6 28 -8 8 -10 -11 -12 12 14 15 16 24 -18 18 22 -21 -22 -23 -24 -25 -26 -27 -28 -29 -30 -31
leaf_value=-0.16251286194634845 -0.21229147068155349 -0.21960154614838842 0.37344257843435108 -0.12611737974089196 -0.027810761719874202 0.0075281623607744794 0.16537164961952333 -0.30718616380159602 -0.024499461769736358 0.14479920494762091 -0.25587106676244026 -0.13490759679175454 0.0013747605668085001 0.16736850232155617 -0.2483042213750716 0.16430008654809075 -0.020969986894485426 0.091600216714724347 -0.044423174068963033 -0.072515319576046053 -0.001183593929929198 0.41998236091190588 -0.077096571363844332 0.14768795456858835 0.2624435070866174 -0.39441895805929428 0.10619887295593872 -0.066084701741013774 0.11557979588161944 0.11011253029009037
leaf_weight=41 20 28 20 22 63 143 28 25 37 118 20 118 134 22 20 31 1007 104 125 171 48 31 122 52 31 20 129 24 101 30
leaf_count=41 20 28 20 22 63 143 28 25 37 118 20 118 134 22 20 31 1007 104 125 171 48 31 122 52 31 20 129 24 101 30
internal_value=-0.00275276 -0.00128091 0.0323702 -0.0131277 0.0897473 0.0242249 -0.0202603 -0.00951417 -0.138878 0.178219 -0.083067 -0.0059253 -0.0199899 0.0178698 -0.00946451 0.0272453 -0.0254258 0.0139976 0.0362785 -0.0450726 0.123103 0.167299 -0.0120234 0.0263235 0.135646 -0.254632 0.0528302 0.0637403 0.052304 -0.0144291
internal_weight=2885 2865 563 314 249 272 111 2302 62 138 83 2240 1408 832 1290 791 1027 705 512 193 183 135 329 207 86 42 263 55 244 155
internal_count=2885 2865 563 314 249 272 111 2302 62 138 83 2240 1408 832 1290 791 1027 705 512 193 183 135 329 207 86 42 263 55 244 155
is_linear=0
shrinkage=0.05


Tree=65
num_leaves=31
num_cat=0
split_feature=27 14 8 30 27 27 7 31 14 7 31 14 9 16 7 31 15 15 27 29 27 15 30 8 15 7 8 8 15 15
split_gain=1357.92 538.485 465.397 455.689 438.815 788.447 671.102 689.788 547.752 502.516 509.518 496.16 544.161 412.307 505.986 404.854 402.964 538.966 400.99 391.682 386.739 353.225 657.883 352.216 339.068 337.876 331.344 427.073 329.585 835.844
threshold=54.000000000000007 -0.2961538461538461 68.500000000000014 1.0000000180025095e-35 71.500000000000014 77.000000000000014 8000.5000000000009 15.500000000000002 -0.075769230769230755 7384.0000000000009 23.500000000000004 0.3061692307692308 1.0000000180025095e-35 180650.00000000003 6814.0000000000009 49.500000000000007 11.84959587798839 11.918283894298842 79.500000000000014 3.5000000000000004 74.500000000000014 12.152202347921135 1.0000000180025095e-35 804.50000000000011 12.243373131203748 5037.5000000000009 489.00000000000006 915.50000000000011 12.129933377210286 12.175553989777745
decision_type=2 2 2 2 2 2 2 2 2 2 2 2 2 2 2 2 2 2 2 2 2 2 2 2 2 2 2 2 2 2
left_child=2 3 -1 -2 6 20 7 -3 -7 11 -11 13 26 16 21 -5 19 -18 -10 -9 -6 22 -15 -20 -23 -21 -13 -28 -8 -30
right_child=1 4 -4 15 5 8 28 9 18 10 -12 12 -14 14 -16 -17 17 -19 23 25 -22 24 -24 -25 -26 -27 27 -29 29 -31
leaf_value=0.18787739939654052 0.11547015154979144 0.28111537214535387 -0.055534122528183974 -0.23631342829219878 0.04723759194215138 0.1617348869911639 0.099395413168138089 -0.051819009310556899 -0.03956277073035748 -0.32991484688921563 -0.062049737564764867 -0.01797803153140911 -0.13088534366491153 -0.085436322088190172 0.085723123483568697 -0.034357955599050388 0.26255993168249592 -0.0043988212233497985 0.10540759624709706 0.14146332075314197 0.26666469740795479 0.071303770089477192 -0.417591607238192 -0.033235676640591134 -0.17946089892035938 -0.010915578346816777 0.28713623150518747 0.040172532084149393 -0.26183174592578062 0.056775729472779958
leaf_weight=20 25 20 845 44 29 79 280 259 172 21 113 24 22 37 32 57 33 44 149 60 66 29 25 66 25 92 47 28 24 141
leaf_count=20 25 20 845 44 29 79 280 259 172 21 113 24 22 37 32 57 33 44 149 60 66 29 25 66 25 92 47 28 24 141
internal_value=0.0026246 0.0248584 -0.0498793 -0.0752178 0.0314423 0.0686331 0.0160483 -0.00853197 0.0418341 -0.01507 -0.104281 0.000726636 0.093494 -0.0169266 -0.0900004 -0.122535 0.00523881 0.110139 0.0173098 -0.0144239 0.199854 -0.138551 -0.219907 0.0628284 -0.0448157 0.0492546 0.143488 0.195179 0.0663706 0.010272
internal_weight=2908 2043 865 126 1917 561 1356 911 466 891 134 757 121 636 148 101 488 77 387 411 95 116 62 215 54 152 99 75 445 165
internal_count=2908 2043 865 126 1917 561 1356 911 466 891 134 757 121 636 148 101 488 77 387 411 95 116 62 215 54 152 99 75 445 165
is_linear=0
shrinkage=0.05


Tree=66
num_leaves=31
num_cat=0
split_feature=27 14 8 30 27 27 7 31 14 2 2 7 31 14 9 2 29 31 27 2 16 8 14 2 27 8 8 8 29 6
split_gain=1225.49 486.052 420.201 411.415 396.125 711.727 605.673 622.859 494.419 462.901 552.061 453.663 460.093 447.846 491.294 440.789 373.11 365.448 361.909 718.968 354.34 409.705 351.838 367.867 349.034 317.937 313.2 304.369 300.712 431.844
threshold=54.000000000000007 -0.2961538461538461 68.500000000000014 1.0000000180025095e-35 71.500000000000014 77.000000000000014 8000.5000000000009 15.500000000000002 -0.075769230769230755 0.66161078214645397 0.59011620283126842 7384.0000000000009 23.500000000000004 0.3061692307692308 1.0000000180025095e-35 0.68735969066619884 4.5000000000000009 49.500000000000007 79.500000000000014 0.68166601657867443 161767.50000000003 1108.5000000000002 0.099615384615384633 0.62927025556564342 74.500000000000014 831.50000000000011 778.00000000000011 1045.0000000000002 3.5000000000000004 1.0000000180025095e-35
decision_type=2 2 2 2 2 2 2 2 2 2 2 2 2 2 2 2 2 2 2 2 2 2 2 2 2 2 2 2 2 2
left_child=2 3 -1 -2 6 24 7 -3 -7 10 -8 13 -13 15 -15 22 -11 -5 19 20 -10 26 28 -24 -6 -20 -22 -12 29 -9
right_child=1 4 -4 17 5 8 9 11 18 16 27 12 -14 14 -16 -17 -18 -19 25 -21 21 -23 23 -25 -26 -27 -28 -29 -30 -31
leaf_value=0.17853026579861619 0.1097196478767699 0.26712953101343184 -0.052757745533562252 -0.22452455315730471 0.044883827947054533 0.15365836715276265 0.25145752692455925 0.012254810002838439 0.10650271750495184 0.26445443371630029 0.12577328901548729 -0.31349728343328592 -0.058949992901239645 0.1363295278586184 -0.12437069192191592 0.18511912551676407 0.050917861447983354 -0.032643061758862273 0.099260729516799054 -0.26413730108451189 0.0086409379993628594 0.08736789778014209 -0.032449904477147205 -0.24297965068762797 0.25335163382451231 -0.033611709619298373 -0.23451341840795881 -0.00098900937843961613 0.039483866854587352 -0.10344062821628069
leaf_weight=20 25 20 845 44 29 79 28 183 56 46 57 21 113 99 22 26 37 57 151 29 22 32 51 35 66 64 33 277 197 144
leaf_count=20 25 20 845 44 29 79 28 183 56 46 57 21 113 99 22 26 37 57 151 29 22 32 51 35 66 64 33 277 197 144
internal_value=0.00249364 0.0236155 -0.0473842 -0.071463 0.0298708 0.0652064 0.0152445 -0.00810658 0.0397439 0.0630509 0.0385903 -0.0143196 -0.099083 0.000689247 0.0888246 -0.0160821 0.169499 -0.116424 0.0164435 -0.0375858 0.00847577 -0.0546145 -0.024695 -0.118371 0.189881 0.0596875 -0.137322 0.0206603 -0.00929149 -0.0386944
internal_weight=2908 2043 865 126 1917 561 1356 911 466 445 362 891 134 757 121 636 83 101 387 172 143 87 610 86 95 215 55 334 524 327
internal_count=2908 2043 865 126 1917 561 1356 911 466 445 362 891 134 757 121 636 83 101 387 172 143 87 610 86 95 215 55 334 524 327
is_linear=0
shrinkage=0.05


Tree=67
num_leaves=31
num_cat=0
split_feature=27 14 16 2 8 2 5 8 31 31 5 30 29 6 8 2 30 8 2 8 31 31 27 27 27 6 31 8 8 5
split_gain=1106.03 438.742 394.921 835.014 379.395 365.472 551.006 627.276 471.107 494.438 506.134 539.546 445.355 424.275 495.858 416.19 366.503 459.409 362.532 499.29 332.146 293.152 288.894 269.501 244.872 222.018 221.073 342.993 499.545 333.563
threshold=54.000000000000007 -0.2961538461538461 131320.00000000003 0.71547985076904308 68.500000000000014 0.66161078214645397 0.069711538461538478 1182.0000000000002 15.500000000000002 17.500000000000004 0.17269736842105265 1.0000000180025095e-35 1.5000000000000002 1.0000000180025095e-35 76.500000000000014 0.68735969066619884 1.5000000000000002 732.50000000000011 0.65497863292694103 1824.5000000000002 29.500000000000004 40.500000000000007 77.000000000000014 29.000000000000004 79.500000000000014 0.057565789473684216 75.000000000000014 1375.0000000000002 1274.0000000000002 0.37980769230769235
decision_type=2 2 2 2 2 2 2 2 2 2 2 2 2 2 2 2 2 2 2 2 2 2 2 2 2 2 2 2 2 2
left_child=4 2 3 -2 -1 8 -7 13 -3 -10 11 12 -11 -8 -15 -16 18 24 26 20 -20 -22 -17 -6 -18 -9 27 28 29 -12
right_child=1 5 -4 -5 23 6 7 25 9 10 16 -13 -14 14 15 22 17 -19 19 -21 21 -23 -24 -25 -26 -27 -28 -29 -30 -31
leaf_value=0.16964816445141884 -0.41594178083383637 0.21903205858112657 -0.0018054283062127017 0.014985087674683061 -0.18788397053469663 0.31128421714402976 -0.10977672703132897 0.27969185542837482 -0.20766180236026111 -0.082747631034673585 0.05675392796187087 -0.21229660988898036 0.15353025059367337 -0.12856446974128061 0.025382348927871452 0.2587482577250188 0.33893476933664624 0.034344900743983733 0.03698646691970494 0.15139555173430275 -0.32193671647938454 -0.099438077988831905 0.077345495183938892 -0.044316005904539581 0.13004096816283092 0.11355508186950768 -0.11925378315065099 0.1014162165917766 -0.23021885024670941 -0.0079971811966152856
leaf_weight=20 21 28 81 24 34 22 50 32 25 59 372 47 30 35 168 40 21 125 23 20 24 39 49 811 43 55 26 137 20 427
leaf_count=20 21 28 81 24 34 22 50 32 25 59 372 47 30 35 168 40 21 125 23 20 24 39 49 811 43 55 26 137 20 427
internal_value=0.00237043 0.0224365 -0.0678957 -0.18648 -0.045014 0.0283797 0.0677393 0.0551685 0.0162639 0.0122973 0.016207 -0.0754467 -0.00296436 0.0246355 0.0476981 0.0717629 0.0259771 0.0902318 0.0148033 -0.0729903 -0.125346 -0.184655 0.15913 -0.0501202 0.199084 0.174971 0.0242916 0.0282128 0.0159506 0.0221468
internal_weight=2908 2043 126 45 865 1917 451 429 1466 1438 1413 136 89 342 292 257 1277 189 1088 106 86 63 89 845 64 87 982 956 819 799
internal_count=2908 2043 126 45 865 1917 451 429 1466 1438 1413 136 89 342 292 257 1277 189 1088 106 86 63 89 845 64 87 982 956 819 799
is_linear=0
shrinkage=0.05


Tree=68
num_leaves=31
num_cat=0
split_feature=27 14 30 27 7 27 14 7 2 29 2 31 31 15 5 27 7 13 2 29 5 5 15 27 14 16 6 27 27 2
split_gain=1000.87 385.442 368.768 358.544 619.77 614.535 446.944 378.481 458.136 447.842 511.845 452.811 434.927 426.341 369.279 360.733 357.562 571.445 500.156 340.327 677.514 551.286 470.667 574.366 335.402 702.491 430.546 433.824 318.009 647.244
threshold=49.000000000000007 -0.2961538461538461 1.0000000180025095e-35 71.500000000000014 8000.5000000000009 77.000000000000014 -0.075769230769230755 7384.0000000000009 0.68735969066619884 5.5000000000000009 0.6118772327899934 25.500000000000004 33.500000000000007 12.378961826715329 0.42927631578947373 61.500000000000007 2428.5000000000005 1.0000000180025095e-35 0.64091029763221752 4.5000000000000009 0.44951923076923084 0.46761133603238875 12.126018516866305 56.000000000000007 0.34846153846153854 180650.00000000003 0.057565789473684216 61.500000000000007 79.500000000000014 0.68166601657867443
decision_type=2 2 2 2 2 2 2 2 2 2 2 2 2 2 2 2 2 2 2 2 2 2 2 2 2 2 2 2 2 2
left_child=16 2 -2 4 7 -5 -7 8 9 10 11 -3 -13 -14 -9 -11 17 18 -1 21 -21 22 -6 -24 25 -12 27 -27 29 -8
right_child=1 3 -4 5 19 6 28 14 -10 15 24 12 13 -15 -16 -17 -18 -19 -20 20 -22 -23 23 -25 -26 26 -28 -29 -30 -31
leaf_value=0.34799234463800843 0.10354017919586021 0.17492510303780587 -0.1072451051158792 0.17549128226865354 0.12488791993734037 0.14428739492344647 0.0068845572742776045 -0.20571243115647986 0.19412809944776602 0.28292925032959165 -0.028434001363472024 -0.14512147992223579 0.079563062343816229 -0.15377939578661803 -0.03217038721229392 0.04430270092256728 -0.056737823066866748 -0.11603914806126064 0.033074148973761416 0.15279174113867361 -0.050936382470950003 0.1766871000762863 0.14897401240109409 -0.14531873570099166 0.092915507548750234 -0.12146824466517246 -0.047686297208332944 -0.40650155724528725 0.054365016319037784 -0.25177164528378099
leaf_weight=20 26 50 101 95 71 79 143 44 30 21 329 38 128 23 101 64 718 32 34 58 137 119 24 53 38 25 34 29 215 29
leaf_count=20 26 50 101 95 71 79 143 44 30 21 329 38 128 23 101 64 718 32 34 58 137 119 24 53 38 25 34 29 215 29
internal_value=0.00225261 0.0203872 -0.0640054 0.0258139 0.0124051 0.0596416 0.0359808 -0.0106109 0.0027197 -0.00466916 -0.0179475 0.0412771 0.00582018 0.0439095 -0.0849714 0.103579 -0.0451944 0.0510757 0.150231 0.0599343 0.0096813 0.0965998 0.0320957 -0.053452 -0.0490699 -0.0620398 -0.187448 -0.275103 0.0138273 -0.036818
internal_weight=2908 2104 127 1977 1416 561 466 954 809 779 694 239 189 151 145 85 804 86 54 462 195 267 148 77 455 417 88 54 387 172
internal_count=2908 2104 127 1977 1416 561 466 954 809 779 694 239 189 151 145 85 804 86 54 462 195 267 148 77 455 417 88 54 387 172
is_linear=0
shrinkage=0.05


Tree=69
num_leaves=31
num_cat=0
split_feature=27 14 16 2 31 2 31 33 27 2 7 30 7 7 16 7 2 7 13 34 7 14 15 27 27 27 7 14 15 31
split_gain=909.586 357.909 349.342 761.447 317.62 348.588 442.729 387.266 372.317 559.126 462.003 365.387 323.508 424.625 356.174 307.689 281.896 280.865 882.54 268.545 246.047 388.149 259.316 244.961 258.409 230.241 215.467 208.042 204.153 202.818
threshold=54.000000000000007 -0.2961538461538461 131320.00000000003 0.71547985076904308 15.500000000000002 0.66161078214645397 17.500000000000004 1.0000000180025095e-35 71.500000000000014 0.65607500076293956 678.00000000000011 1.0000000180025095e-35 5307.5000000000009 7011.5000000000009 173030.50000000003 6273.5000000000009 0.63183832168579113 831.50000000000011 1.0000000180025095e-35 1.0000000180025095e-35 2800.5000000000005 0.023076923076923082 12.085321091471039 77.000000000000014 79.500000000000014 29.000000000000004 10768.000000000002 0.15371538461538464 11.812511265982243 34.500000000000007
decision_type=2 2 2 2 2 2 2 2 2 2 2 2 2 2 2 2 2 2 2 2 2 2 2 2 2 2 2 2 2 2
left_child=17 2 3 -2 16 6 -6 20 9 10 -8 -9 -10 19 26 -11 -3 18 -1 -14 21 -7 28 29 -25 -19 -15 -16 -22 -13
right_child=1 4 -4 -5 5 7 8 11 12 15 -12 23 13 14 27 -17 -18 25 -20 -21 22 -23 -24 24 -26 -27 -28 -29 -30 -31
leaf_value=0.28121928949465697 -0.39190438607292721 0.29676884389042263 0.00078803730437258758 0.019578949408412476 -0.19740439641523172 -0.13380764061343409 -0.12673466436552316 0.30144317644760327 0.12036863279664721 -0.29123991042762609 0.017283001640140846 0.20497867006829973 -0.22721836892041294 0.055828953930080187 0.19178853476356841 -0.058236130999747629 0.039950250534268164 -0.17568874904487142 -0.11025526606915897 -0.0047658845197037988 0.03968969121120957 0.098329547768810033 -0.061467594041286183 -0.111635472005107 0.11101575645573465 -0.042848889978747674 -0.16028187142777769 0.042488369475754482 0.16014152906848361 0.055934566752463943
leaf_weight=26 21 20 81 24 25 50 59 24 135 23 963 52 23 24 50 37 23 34 32 33 95 28 38 25 27 773 22 44 56 41
leaf_count=26 21 20 81 24 25 50 59 24 135 23 963 52 23 24 50 37 23 34 32 33 95 28 38 25 27 773 22 44 56 41
internal_value=0.00214095 0.0203382 -0.0612484 -0.172779 0.0257062 0.0226154 0.0107351 0.0617757 0.0144349 0.000232915 0.00895239 0.120991 0.0608303 0.0197557 0.066314 -0.147973 0.159928 -0.0408298 0.0653292 -0.0964616 0.0242449 -0.0503931 0.0550847 0.0909013 0.00386711 -0.0484729 -0.0475434 0.122076 0.0844701 0.139455
internal_weight=2908 2043 126 45 1917 1874 1438 436 1413 1082 1022 169 331 196 140 60 43 865 58 56 267 78 189 145 52 807 46 94 151 93
internal_count=2908 2043 126 45 1917 1874 1438 436 1413 1082 1022 169 331 196 140 60 43 865 58 56 267 78 189 145 52 807 46 94 151 93
is_linear=0
shrinkage=0.05


Tree=70
num_leaves=31
num_cat=0
split_feature=6 31 30 15 6 5 11 14 31 5 14 2 5 5 29 2 16 15 2 31 31 8 8 16 2 15 15 2 31 15
split_gain=368.317 439.715 407.497 489.003 344.312 903.859 491.486 624.171 512.007 474.139 416.278 370.237 334.496 487.986 273.842 259.905 258.625 791.955 661.809 486.313 470.383 445.437 534.505 420.406 500.171 360.408 475.287 283.907 356.414 261.872
threshold=0.057565789473684216 24.500000000000004 1.0000000180025095e-35 12.06178028647326 0.069711538461538478 0.11513157894736843 1.0000000180025095e-35 -0.25653846153846149 30.500000000000004 0.65789473684210542 0.15294615384615387 0.71547985076904308 1.0000000180025095e-35 0.057565789473684216 1.0000000180025095e-35 0.63031327724456798 229732.00000000003 12.120625624008893 0.63589826226234447 26.500000000000004 34.500000000000007 535.00000000000011 432.50000000000006 300750.00000000006 0.61689087748527538 12.313809204848747 12.329385019294504 0.60593992471694957 57.500000000000007 12.167882600718103
decision_type=2 2 2 2 2 2 2 2 2 2 2 2 2 2 2 2 2 2 2 2 2 2 2 2 2 2 2 2 2 2
left_child=1 2 14 -4 15 -6 7 11 -9 -8 -10 -7 -3 -14 -1 -2 17 20 29 -18 -15 22 -22 25 -25 27 -27 -21 -29 -19
right_child=4 12 3 -5 5 6 9 8 10 -11 -12 -13 13 16 -16 -17 19 18 -20 23 21 -23 -24 24 -26 26 -28 28 -30 -31
leaf_value=0.2291636571352616 0.0039538150935403268 0.15288882544442614 -0.24226262402146259 0.040189724201662842 -0.30498258044858195 -0.21470431982480809 -0.080040209300388743 -0.04155130055827707 0.098459278562076105 0.14459333406190811 0.30754319612269654 0.037655260893797955 -0.25570097409543541 -0.065998784625028312 0.049246794913367163 0.075981214354900531 0.20425681108256796 -0.21582193145543915 -0.41725416924822983 0.054626214604838574 0.04266978501191885 -0.014764383320831617 0.31852554740948918 -0.031873189857292254 -0.27469219623676527 0.26737984860271113 0.035998734793804915 -0.022301845811501256 -0.23402485965613826 -0.051684755981762157
leaf_weight=23 192 26 26 37 24 30 176 54 133 27 29 28 23 352 255 361 29 36 20 81 86 416 22 98 27 29 94 96 25 75
leaf_count=23 192 26 26 37 24 30 176 54 133 27 29 28 23 352 255 361 29 36 20 81 86 416 22 98 27 29 94 96 25 75
internal_value=0.000138632 -0.0131472 0.0381985 -0.0764979 0.0237897 -0.00622562 0.00885647 0.052543 0.0916544 -0.0500817 0.136085 -0.0929344 -0.0245587 -0.0276293 0.064227 0.0509878 -0.0240789 -0.0384648 -0.153085 0.00615559 -0.0213028 0.00871937 0.0991516 -0.00664237 -0.0845397 0.0233196 0.0907655 -0.0177489 -0.0662447 -0.10511
internal_weight=2930 1876 341 63 1054 501 477 274 216 203 162 58 1535 1509 278 553 1486 1007 131 479 876 524 108 450 125 325 123 202 121 111
internal_count=2930 1876 341 63 1054 501 477 274 216 203 162 58 1535 1509 278 553 1486 1007 131 479 876 524 108 450 125 325 123 202 121 111
is_linear=0
shrinkage=0.05


Tree=71
num_leaves=31
num_cat=0
split_feature=27 29 35 35 18 16 16 27 14 5 7 31 18 7 7 6 2 6 30 16 2 6 27 18 34 5 27 2 7 16
split_gain=1095.58 277.453 252.929 259.554 322.374 379.313 514.629 832.502 416.895 574.11 624.049 579.692 504.535 492.071 624.39 324.48 288.044 266.308 1122.1 761.176 265.106 256.631 256.563 253.704 245.804 320.048 240.557 240.701 385.6 767.003
threshold=59.000000000000007 7.5000000000000009 9.5000000000000018 4.5000000000000009 183500.00000000003 229732.00000000003 202250.00000000003 67.500000000000014 0.079919230769230784 0.22064777327935226 8915.0000000000018 45.500000000000007 108269.50000000001 4235.0000000000009 5996.5000000000009 0.069711538461538478 0.61528077721595775 1.0000000180025095e-35 1.0000000180025095e-35 184600.00000000003 0.60382923483848583 0.057565789473684216 77.000000000000014 90500.000000000015 1.0000000180025095e-35 0.46761133603238875 30.500000000000004 0.60593992471694957 543.00000000000011 173030.50000000003
decision_type=2 2 2 2 2 2 2 2 2 2 2 2 2 2 2 2 2 2 2 2 2 2 2 2 2 2 2 2 2 2
left_child=26 2 3 17 5 6 8 -8 9 15 23 -12 -13 -10 -15 -5 -7 18 -2 -20 -6 -19 -16 -11 -25 -26 -1 -28 29 -29
right_child=1 -3 -4 4 20 16 7 -9 13 10 11 12 -14 14 22 -17 -18 21 19 -21 -22 -23 -24 24 25 -27 27 28 -30 -31
leaf_value=-0.09568708237961436 0.074651540056515087 -0.11438438505444944 0.1446223130721056 -0.052008387784298317 0.034278321685679146 0.28923630665869732 0.07958377173968724 -0.2722438085658031 0.23181040766525657 0.08873438748884388 -0.24699436312559941 -0.12003892313955916 0.17919257970682656 -0.17655120266386237 0.23061874629763945 -0.28717877360490651 0.056907131625585188 0.20537893574537922 -0.3186765171056799 0.051028930315207603 -0.14188778553869177 0.071516423696727394 0.02329251935177503 -0.089618176626804782 -0.076932973192201395 0.18070435347930391 0.00056686198457775742 -0.31916390426478158 -0.031006735772630953 0.011452070866682252
leaf_weight=128 222 32 50 44 34 22 30 38 49 230 35 32 25 25 28 22 34 43 35 23 57 215 32 47 21 28 574 35 705 35
leaf_count=128 222 32 50 44 34 22 30 38 49 230 35 32 25 25 28 22 34 43 35 23 57 215 32 47 21 28 574 35 705 35
internal_value=0.00013101 0.0309576 0.0342419 0.0302025 0.0127083 0.023609 0.0133764 -0.117063 0.0277537 0.0061269 0.0277834 -0.0871337 0.0111994 0.105768 0.032863 -0.13079 0.148621 0.0572725 0.0234678 -0.172148 -0.0760472 0.0939171 0.120351 0.0602462 -0.00797617 0.0702547 -0.0301913 -0.0239664 -0.0421411 -0.154004
internal_weight=2930 1453 1421 1371 833 742 686 68 618 484 418 92 57 134 85 66 56 538 280 58 91 258 60 326 96 49 1477 1349 775 70
internal_count=2930 1453 1421 1371 833 742 686 68 618 484 418 92 57 134 85 66 56 538 280 58 91 258 60 326 96 49 1477 1349 775 70
is_linear=0
shrinkage=0.05


Tree=72
num_leaves=31
num_cat=0
split_feature=27 8 2 31 27 31 8 2 16 29 35 14 16 15 2 2 14 10 29 8 35 6 31 2 8 2 2 27 27 2
split_gain=988.838 255.164 700.319 425.306 450.425 413.074 541.802 307.834 389.174 409.432 276.453 261.219 717.774 700.572 395.299 493.52 412.467 371.393 424.537 751.158 391.333 303.713 302.002 243.627 599.096 228.197 219.63 219.078 218.585 212.251
threshold=59.000000000000007 748.50000000000011 0.61430075764656078 48.500000000000007 68.500000000000014 42.500000000000007 576.00000000000011 0.64959451556205761 199840.00000000003 2.5000000000000004 3.5000000000000004 0.16792692307692311 213225.00000000003 12.085321091471039 0.64857995510101329 0.65910908579826366 0.40500000000000008 1.0000000180025095e-35 4.5000000000000009 983.50000000000011 6.5000000000000009 0.057565789473684216 16.500000000000004 0.67043229937553417 118.00000000000001 0.59847760200500499 0.64988660812377941 67.500000000000014 29.000000000000004 0.60593992471694957
decision_type=2 2 2 2 2 2 2 2 2 2 2 2 2 2 2 2 2 2 2 2 2 2 2 2 2 2 2 2 2 2
left_child=28 2 -2 5 27 7 -7 8 9 -4 -11 17 13 -13 16 -16 -14 22 20 -20 -19 -18 -3 -9 -25 -24 -6 -5 -1 -30
right_child=1 11 3 4 26 6 -8 23 -10 10 -12 12 14 -15 15 -17 21 18 19 -21 -22 -23 25 24 -26 -27 -28 -29 29 -31
leaf_value=-0.16208322345220372 0.26542338820480593 -0.13205865320718682 -0.21626004650028327 0.10286519503661372 0.12866722410524981 -0.22725740218756935 0.096654738363490172 0.14100940262854622 0.15178544925028586 0.1559030589179613 -0.06125617949446998 -0.039074269655816424 0.16679574631883237 -0.40785903890208425 -0.25761866101039732 0.064899355017743396 0.03994929639534045 -0.039651857919446504 0.092578459127032331 -0.29285274161096891 0.20484339938019264 -0.13831499984751416 -0.04493256681609048 -0.16550436050590883 0.088881517153653833 0.073789393408183704 0.30249705350280204 -0.08095683710915702 -0.0038075962294336339 -0.042506234827539902
leaf_weight=30 37 21 32 35 47 36 20 80 25 20 54 31 50 22 27 21 103 56 20 34 23 31 45 30 100 393 30 30 621 826
leaf_count=30 37 21 32 35 47 36 20 80 25 20 54 31 50 22 27 21 103 56 20 34 23 31 45 30 100 393 30 30 621 826
internal_value=0.000123966 0.0294104 0.0552645 0.0407822 0.115019 0.0141943 -0.111519 0.0348806 -0.0252284 -0.0671278 -0.00236583 0.0124197 -0.0268935 -0.192729 0.0110364 -0.116572 0.0443978 0.0313556 -0.0421716 -0.150101 0.0316361 -0.00132606 0.0526764 0.0723951 0.0300566 0.061573 0.196762 0.0179534 -0.0286832 -0.025903
internal_weight=2930 1453 576 539 142 397 56 341 131 106 74 877 285 53 232 48 184 592 133 54 79 134 459 210 130 438 77 65 1477 1447
internal_count=2930 1453 576 539 142 397 56 341 131 106 74 877 285 53 232 48 184 592 133 54 79 134 459 210 130 438 77 65 1477 1447
is_linear=0
shrinkage=0.05


Tree=73
num_leaves=31
num_cat=0
split_feature=27 29 35 0 35 8 7 27 8 14 7 13 15 14 27 8 6 29 6 27 14 8 27 8 7 7 18 7 18 14
split_gain=892.463 244.134 219.452 239.052 230.858 299.895 485.595 797.547 363.316 362.195 498.747 536.829 338.579 275.38 276.429 258.467 310.854 600.572 260.365 228.883 215.48 225.22 207.588 203.035 246.43 245.568 410.868 350.351 348.661 327.456
threshold=59.000000000000007 7.5000000000000009 9.5000000000000018 1.0000000180025095e-35 4.5000000000000009 760.50000000000011 6235.0000000000009 67.500000000000014 820.50000000000011 0.15294615384615387 2041.0000000000002 1.0000000180025095e-35 12.110607503874594 -1.0000000180025095e-35 77.000000000000014 1418.0000000000002 1.0000000180025095e-35 5.5000000000000009 0.057565789473684216 68.500000000000014 0.023076923076923082 1050.5000000000002 30.500000000000004 950.00000000000011 14200.500000000002 8915.0000000000018 94100.000000000015 7137.5000000000009 84150.000000000015 -0.059288461538461533
decision_type=2 2 2 2 2 2 2 2 2 2 2 2 2 2 2 2 2 2 2 2 2 2 2 2 2 2 2 2 2 2
left_child=22 2 4 -4 15 9 7 -7 -9 10 11 -6 -11 -12 -15 16 17 20 -18 -13 21 -2 -1 -8 25 27 -27 -25 -29 -28
right_child=1 -3 3 -5 5 6 23 8 -10 12 13 19 -14 14 -16 -17 18 -19 -20 -21 -22 -23 -24 24 -26 26 29 28 -30 -31
leaf_value=-0.088092538756285685 0.019687815770147592 -0.10839410572953966 0.22286647888909147 0 -0.20433684990643877 0.046733113263816524 0.084926633555677894 -0.10631021981808675 -0.39309795638583456 0.3137301228704496 -0.099248581620591192 -0.0467989837574532 0.068301764759413727 0.1859571910053226 0.04635111096214909 0.17178733964713908 0.20411076804627895 -0.20497623594892384 0.061158040343187961 0.14906855940324143 0.078885656126854733 -0.15299612030510587 -0.021467267404485128 -0.15811828409696557 0.10533943729134468 -0.24162269580390078 0.13149075961386067 0.17561397238116611 -0.0022114269173240013 -0.071298111013827797
leaf_weight=128 87 32 30 20 41 37 71 20 25 22 20 39 39 56 97 42 38 30 197 24 120 24 1349 23 42 28 25 40 88 96
leaf_count=128 87 32 30 20 41 37 71 20 25 22 20 39 39 56 97 42 38 30 197 24 120 24 1349 23 42 28 25 40 88 96
internal_value=0.000117196 0.0279399 0.031021 0.133838 0.0272582 0.0107593 -0.0140232 -0.125089 -0.266266 0.0470615 0.0227263 -0.0637419 0.157267 0.0747429 0.0975695 0.0527878 0.0426685 0.00508229 0.0843721 0.027856 0.0324611 -0.0177084 -0.0272501 0.00804141 -0.00792568 -0.0238293 -0.0693557 0.0210772 0.0534137 -0.0292843
internal_weight=2930 1453 1421 50 1371 833 495 82 45 338 277 104 61 173 153 538 496 261 235 63 231 111 1477 413 342 300 149 151 128 121
internal_count=2930 1453 1421 50 1371 833 495 82 45 338 277 104 61 173 153 538 496 261 235 63 231 111 1477 413 342 300 149 151 128 121
is_linear=0
shrinkage=0.05


Tree=74
num_leaves=31
num_cat=0
split_feature=8 5 7 30 6 5 6 34 2 2 6 29 8 7 7 16 7 5 16 29 31 31 31 2 15 16 31 30 5 2
split_gain=291.779 468.223 358.878 440.903 397.015 420.362 494.823 348.323 344.13 685.315 305.774 473.455 548.354 458.352 404.333 375.685 341.816 329.665 305.218 305.18 515.64 420.942 439.42 325.73 321.047 286.973 280.9 252.134 238.296 335.401
threshold=65.500000000000014 0.057565789473684216 3744.0000000000005 1.5000000000000002 0.069711538461538478 0.17269736842105265 0.057565789473684216 1.0000000180025095e-35 0.64725190401077282 0.63454651832580578 1.0000000180025095e-35 4.5000000000000009 1418.0000000000002 4562.0000000000009 11870.000000000002 173030.50000000003 5330.0000000000009 0.37980769230769235 232500.00000000003 5.5000000000000009 35.500000000000007 39.500000000000007 43.500000000000007 0.68187245726585399 12.110607503874594 259800.00000000003 36.500000000000007 1.0000000180025095e-35 0.22064777327935226 0.71547985076904308
decision_type=2 2 2 2 2 2 2 2 2 2 2 2 2 2 2 2 2 2 2 2 2 2 2 2 2 2 2 2 2 2
left_child=-1 7 3 4 5 6 -3 -2 9 26 11 13 16 -4 27 -14 -13 -18 -19 20 24 -22 -23 -21 -12 -26 -7 -15 -6 -30
right_child=1 2 10 -5 28 8 -8 -9 -10 -11 19 12 15 14 -16 -17 17 18 -20 23 21 22 -24 -25 25 -27 -28 -29 29 -31
leaf_value=0.17711296695651432 -0.04002221204161234 -0.088544510627137973 -0.11901257338719695 0.14983866903568521 -0.14922978881026783 0.012119641854300839 0.14342430036550932 -0.30743644888296512 0.023860566195967672 0.3757018956644782 0.079175807765992118 0.069476261906898928 -0.11470251124889695 0.02077178984029282 -0.17903835986341751 0.15497345041039909 -0.31139897615706774 -0.16096776268394727 -0.018933607061147273 0.076548285497333432 -0.16120376259135749 0.10988714946864274 -0.047720077047828484 -0.078057475046962116 -0.10271755518622408 0.11464546672399574 0.21328352591472455 -0.037155049511290658 -0.12567614350185927 0.12798359543634957
leaf_weight=23 29 88 85 77 47 52 31 21 100 26 204 22 20 783 30 36 24 113 57 264 63 54 242 39 54 21 26 247 25 27
leaf_count=23 29 88 85 77 47 52 31 21 100 26 204 22 20 783 30 36 24 113 57 264 63 54 242 39 54 21 26 247 25 27
internal_value=0.000111655 -0.00129309 0.00136236 0.0398815 0.0197756 0.046633 -0.028004 -0.152825 0.0901881 0.153832 -0.00678828 -0.0214618 -0.0807491 -0.00736761 0.00159072 0.0585387 -0.116894 -0.13808 -0.113413 0.0153024 -0.00431486 -0.0439435 -0.0189231 0.0566129 0.0466563 -0.0417177 0.0794255 0.00687348 -0.0677582 0.00592868
internal_weight=2930 2907 2857 499 422 323 119 50 204 104 2358 1417 272 1145 1060 56 216 194 170 941 638 359 296 303 279 75 78 1030 99 52
internal_count=2930 2907 2857 499 422 323 119 50 204 104 2358 1417 272 1145 1060 56 216 194 170 941 638 359 296 303 279 75 78 1030 99 52
is_linear=0
shrinkage=0.05


Tree=75
num_leaves=31
num_cat=0
split_feature=27 31 31 6 2 7 30 7 13 2 29 2 8 14 16 7 31 2 29 29 7 7 7 27 2 35 5 35 27 10
split_gain=647.825 589.076 553.225 327.509 337.828 307.122 299.668 554.119 1326.61 324.898 863.983 312.166 293.596 242.338 213.116 397.374 212.28 210.305 359.542 337.854 311.97 305.653 361.993 267.293 369.02 221.548 183.135 182.707 170.849 336.6
threshold=61.500000000000007 76.500000000000014 68.500000000000014 0.15587044534412958 0.71002638339996349 499.00000000000006 1.0000000180025095e-35 815.50000000000011 1.0000000180025095e-35 0.65241101384162914 2.5000000000000004 0.69367411732673656 72.500000000000014 0.19000000000000003 179600.00000000003 8254.0000000000018 58.500000000000007 0.62682512402534496 4.5000000000000009 2.5000000000000004 3134.5000000000005 5912.5000000000009 4853.0000000000009 67.500000000000014 0.65110391378402721 4.5000000000000009 0.44951923076923084 4.5000000000000009 66.500000000000014 1.0000000180025095e-35
decision_type=2 2 2 2 2 2 2 2 2 2 2 2 2 2 2 2 2 2 2 2 2 2 2 2 2 2 2 2 2 2
left_child=5 2 3 4 6 -1 12 8 -8 10 -9 13 -2 14 15 -11 -12 18 28 20 -19 22 25 -23 -25 -21 -15 -20 -14 -30
right_child=1 -3 -4 -5 -6 -7 7 9 -10 11 16 -13 17 26 -16 -17 -18 19 27 21 -22 23 -24 24 -26 -27 -28 -29 29 -31
leaf_value=0.14738313698680638 0.23440526586312516 -0.18751121356939582 0.23449214770658411 -0.15906928536437809 0.18856972464081745 -0.022449336758492699 -0.46995648465939421 -0.32747094494786433 0.03446688909896943 0.11117722760781171 0.016004035975375849 -0.1172593009957361 0.012368517946404265 0.073234781793397458 0.17172328553424243 -0.092708196906654397 -0.14664535579664448 0.0093113106085484718 0.046107300050657794 0.15283034747272595 -0.25504253877336114 0.23867746314567154 -0.20851316482030968 0.16776976970536528 -0.020821306317724209 -0.058721933728647396 -0.14015192681580632 -0.16214589491412415 0.086408242634826257 0.24584533207432396
leaf_weight=27 22 31 33 23 33 1486 20 20 37 103 406 22 39 20 70 31 21 25 22 22 20 24 22 43 65 28 20 20 126 45
leaf_count=27 22 31 33 23 33 1486 20 20 37 103 406 22 39 20 70 31 21 25 22 22 20 24 22 43 65 28 20 20 126 45
internal_value=0.00332765 0.0276731 0.0325168 0.0275553 0.0308079 -0.0194058 0.0267633 0.0069159 -0.142949 0.0189221 -0.00710611 0.0626662 0.0559677 0.0789509 0.101014 0.0639385 0.00796072 0.048077 0.0802743 0.0154525 -0.108373 0.0428313 -0.0399539 0.0880207 0.0543054 0.0343805 -0.0334173 -0.0530917 0.106984 0.128514
internal_weight=2926 1413 1382 1349 1326 1513 1293 770 57 713 447 266 523 244 204 134 427 501 252 249 45 204 72 132 108 50 40 42 210 171
internal_count=2926 1413 1382 1349 1326 1513 1293 770 57 713 447 266 523 244 204 134 427 501 252 249 45 204 72 132 108 50 40 42 210 171
is_linear=0
shrinkage=0.05


Tree=76
num_leaves=31
num_cat=0
split_feature=27 6 30 31 16 2 7 5 8 8 2 34 5 27 15 14 5 16 6 15 6 27 5 2 8 2 5 27 2 15
split_gain=599.062 273.481 257.128 244.749 269.172 421.114 385.426 619.825 354.807 343.83 376.365 319.392 306.259 310.879 293.109 380.509 259.586 248.75 371.781 267.365 753.987 661.664 430.844 307.174 269.25 258.958 423.398 579.889 359.792 232.898
threshold=44.500000000000007 0.15587044534412958 1.5000000000000002 14.500000000000002 300750.00000000006 0.62098920345306408 506.50000000000006 0.069711538461538478 69.500000000000014 73.500000000000014 0.67700940370559703 1.0000000180025095e-35 0.53238866396761142 66.500000000000014 12.085321091471039 0.10983846153846155 0.091093117408906896 228732.00000000003 0.057565789473684216 12.138198560900538 0.057565789473684216 67.500000000000014 0.42927631578947373 0.62770020961761486 1702.0000000000002 0.60417041182518016 0.42927631578947373 72.500000000000014 0.59708714485168468 11.899039171032728
decision_type=2 2 2 2 2 2 2 2 2 2 2 2 2 2 2 2 2 2 2 2 2 2 2 2 2 2 2 2 2 2
left_child=2 3 -1 -2 6 12 7 -5 -9 -8 16 14 13 -6 15 -12 -11 19 25 24 21 22 -21 -22 -18 28 27 -27 -19 -26
right_child=1 -3 -4 4 5 -7 9 8 -10 10 11 -13 -14 -15 -16 -17 17 18 -20 20 23 -23 -24 -25 29 26 -28 -29 -30 -31
leaf_value=-0.032137120093367222 0.16990985528947752 -0.14510579925615671 -0.21368882703543896 0.25817624449453336 -0.062328140200129806 -0.21140154926019294 -0.14177548541438895 0.14542616287961391 -0.13273475469346066 -0.14016948441421329 0.11449895435578357 -0.010031338349184587 -0.15980802817004069 0.14711157139830702 -0.03095785821306294 0.35279481749036418 0.004326607827368923 0.076998690702336295 -0.075157875976567687 -0.20715279388258045 -0.026393742900832896 -0.37944249607525865 0.060934500312693762 0.25005644180288361 -0.0023771770398184622 -0.12701050246038115 0.12255079598365032 0.1753547409271223 0.29221515102996859 0.15205917804441516
leaf_weight=674 26 26 20 43 33 32 34 21 25 28 103 67 23 38 26 20 1172 59 46 28 20 23 32 20 41 56 79 22 29 60
leaf_count=674 26 26 20 43 33 32 34 21 25 28 103 67 23 38 26 20 1172 59 46 28 20 23 32 20 41 56 79 22 29 60
internal_value=0.0031611 0.0157782 -0.0374064 0.0176831 0.0158576 -0.055041 0.0202117 0.121933 -0.00559979 0.0155959 0.0183766 0.0805642 -0.00159061 0.0497453 0.121315 0.153542 0.0105371 0.0130496 0.0550949 0.00427819 -0.0660804 -0.151987 -0.0642262 0.111986 0.011085 0.0795916 0.0410173 -0.0415486 0.14823 0.0893774
internal_weight=2926 2232 694 2206 2180 126 2054 89 46 1965 1931 216 94 71 149 123 1715 1687 291 1396 123 83 60 40 1273 245 157 78 88 101
internal_count=2926 2232 694 2206 2180 126 2054 89 46 1965 1931 216 94 71 149 123 1715 1687 291 1396 123 83 60 40 1273 245 157 78 88 101
is_linear=0
shrinkage=0.05


Tree=77
num_leaves=31
num_cat=0
split_feature=27 7 35 33 14 2 5 10 29 27 0 29 2 29 14 27 7 5 5 27 2 5 2 2 2 5 14 27 5 15
split_gain=544.794 260.464 209.706 240.759 449.549 489.889 576.773 347.431 528.841 272.936 389.59 266.169 448.675 453.192 322.109 215.406 215.299 290.997 287.633 347.919 275.791 269.218 205.513 413.249 413.902 356.392 342.756 280.242 372.646 248.165
threshold=61.500000000000007 499.00000000000006 4.5000000000000009 1.0000000180025095e-35 0.46538461538461545 0.68674930930137645 0.22064777327935226 1.0000000180025095e-35 2.5000000000000004 64.000000000000014 1.0000000180025095e-35 4.5000000000000009 0.66347971558570873 3.5000000000000004 0.11923076923076925 77.000000000000014 9649.5000000000018 0.28542510121457493 0.34210526315789475 71.500000000000014 0.66240668296813976 0.37171052631578955 0.6118772327899934 0.61794203519821178 0.62609851360321056 0.44951923076923084 -0.1282807692307692 73.500000000000014 0.51315789473684215 11.815810944872601
decision_type=2 2 2 2 2 2 2 2 2 2 2 2 2 2 2 2 2 2 2 2 2 2 2 2 2 2 2 2 2 2
left_child=1 -1 16 4 5 9 -7 11 -9 10 -4 12 13 -5 -15 -10 17 20 19 -19 -2 -20 25 -24 -25 29 -26 -28 -29 -11
right_child=2 -3 3 7 -6 6 -8 8 15 22 -12 -13 -14 14 -16 -17 -18 18 21 -21 -22 -23 23 24 26 -27 27 28 -30 -31
leaf_value=0.13575203297762856 0.1628459989934074 -0.020647244397313622 0.029867864660763813 0.040908162958681368 -0.18415181290527638 -0.35184504490586654 -0.01728199545366282 -0.06416064753793059 0.24230444188687203 0.013566059615962951 0.28378245657925155 0.079797466471397863 0.11937787061908492 -0.073611318556618344 -0.34498281788516355 0.083311450335817203 0.145552878888594 -0.15384724061620986 0.2150988754856078 0.051824382325067031 -0.046009721210346882 0.029946627999906231 -0.17880846652549898 0.12336430206842681 0.11391898979564452 -0.033516062588102961 -0.11229965109998358 0.066370698671610079 -0.16949292319021883 0.22185486307920121
leaf_weight=27 74 1486 48 28 34 20 36 31 51 23 22 65 28 21 23 37 53 46 21 37 20 286 35 57 36 53 99 69 22 38
leaf_count=27 74 1486 48 28 34 20 36 31 51 23 22 65 28 21 23 37 53 46 21 37 20 286 35 57 36 53 99 69 22 38
internal_value=0.00300309 -0.0178442 0.0253289 0.0102382 -0.00791089 0.00284992 -0.137272 0.0480773 0.113159 0.0185152 0.110032 0.00106936 -0.0500826 -0.116127 -0.216039 0.175682 0.0499304 0.0394211 0.020358 -0.0621501 0.118354 0.042694 0.00365256 -0.0169855 0.00306642 0.06123 -0.0272932 -0.0541214 0.00917038 0.143552
internal_weight=2926 1513 1413 876 592 558 56 284 119 502 70 165 100 72 44 88 537 484 390 83 94 307 432 318 283 114 226 190 91 61
internal_count=2926 1513 1413 876 592 558 56 284 119 502 70 165 100 72 44 88 537 484 390 83 94 307 432 318 283 114 226 190 91 61
is_linear=0
shrinkage=0.05


Tree=78
num_leaves=31
num_cat=0
split_feature=27 6 7 7 14 31 15 5 5 16 8 7 31 7 18 14 2 11 8 31 8 8 6 20 30 7 5 15 31 7
split_gain=510.842 245.275 234.244 832.511 533.031 366.092 352.602 318.398 436.13 359.404 574.947 596.814 541.31 508.441 448.76 522.516 305.453 268.573 354.053 349.65 299.728 267.262 288.209 252.46 231.932 202.92 256.231 193.579 230.486 195.654
threshold=44.500000000000007 0.15587044534412958 5860.5000000000009 6235.0000000000009 0.39538461538461545 16.500000000000004 11.994971838029008 0.31009615384615391 0.28542510121457493 126125.00000000001 1519.0000000000002 8000.5000000000009 43.500000000000007 6777.5000000000009 119882.50000000001 -0.035230769230769225 0.67251744866371166 1.0000000180025095e-35 899.50000000000011 64.500000000000014 1375.0000000000002 1696.5000000000002 0.069711538461538478 1.0000000180025095e-35 1.5000000000000002 2463.5000000000005 0.11513157894736843 12.01066730890957 37.500000000000007 8151.5000000000009
decision_type=2 2 2 2 2 2 2 2 2 2 2 2 2 2 2 2 2 2 2 2 2 2 2 2 2 2 2 2 2 2
left_child=24 2 4 6 5 -2 -4 8 -5 10 11 12 13 -9 -11 -16 17 18 -17 21 23 22 27 -20 25 26 -1 -19 -29 -30
right_child=1 -3 3 7 -6 -7 -8 9 -10 14 -12 -13 -14 -15 15 16 -18 19 20 -21 -22 -23 -24 -25 -26 -27 -28 28 29 -31
leaf_value=-0.043200522719538989 0.23942337958373835 -0.13785591486313334 -0.05886189061180222 -0.00050296508816282564 0.23904070792617907 0.023545841225395655 -0.26444142916493341 0.014107765183205855 -0.19460217218909531 0.098210595525109898 -0.21991629457244508 0.087078334056965162 0.079045758340693384 -0.29348686963239451 -0.19517097761622529 0.24945058533639619 0.16856343270706656 -0.1333073740817636 0.027761426176410781 -0.20538262654254791 0.12742194854941052 0.097420495748519909 -0.18168164701877296 -0.16768273787475876 -0.20203031516490291 -0.039315718291083296 0.14136947054024335 -0.025956863839001889 0.027721229547271211 0.18746002592813102
leaf_weight=38 20 26 48 98 31 871 37 21 41 223 35 96 30 37 28 23 35 25 76 21 60 63 24 21 20 599 37 149 66 27
leaf_count=38 20 26 48 98 31 871 37 21 41 223 35 96 30 37 28 23 35 25 76 21 60 63 24 21 20 599 37 149 66 27
internal_value=0.00285397 0.0145052 0.0163093 0.002498 0.0355356 0.0284235 -0.148614 0.0132263 -0.0578899 0.0225613 -0.0344694 0.000878958 -0.0930921 -0.182198 0.0374206 0.0154646 0.0255007 0.016441 0.0666291 -0.00764732 0.0396728 0.0041233 -0.0160844 -0.0146288 -0.0346074 -0.0296027 0.0478544 -0.0011181 0.0125666 0.0743023
internal_weight=2926 2232 2206 1284 922 891 85 1199 139 1060 219 184 88 58 841 618 590 555 180 375 157 354 291 97 694 674 75 267 242 93
internal_count=2926 2232 2206 1284 922 891 85 1199 139 1060 219 184 88 58 841 618 590 555 180 375 157 354 291 97 694 674 75 267 242 93
is_linear=0
shrinkage=0.05


Tree=79
num_leaves=31
num_cat=0
split_feature=27 14 16 2 29 14 14 29 2 31 35 7 7 7 5 14 6 6 29 14 31 27 7 2 11 27 5 29 5 8
split_gain=461.044 225.043 271.107 590.474 284.405 246.933 767.074 306.209 292.921 276.321 489.743 333.519 291.242 638.301 341.472 316.553 319.364 699.227 408.624 285.977 255.701 289.869 255.365 242.594 303.282 361.248 382.993 272.135 247.405 230.399
threshold=44.500000000000007 -0.2961538461538461 131320.00000000003 0.71547985076904308 5.5000000000000009 -0.059288461538461533 -0.035230769230769225 7.5000000000000009 0.65910908579826366 76.500000000000014 9.5000000000000018 13794.500000000002 5860.5000000000009 6235.0000000000009 0.46761133603238875 0.40500000000000008 0.091093117408906896 0.069711538461538478 3.5000000000000004 0.11923076923076925 30.500000000000004 79.500000000000014 5330.0000000000009 0.66624072194099437 1.0000000180025095e-35 61.500000000000007 0.53238866396761142 4.5000000000000009 0.53238866396761142 851.50000000000011
decision_type=2 2 2 2 2 2 2 2 2 2 2 2 2 2 2 2 2 2 2 2 2 2 2 2 2 2 2 2 2 2
left_child=-1 2 3 -2 -4 8 -7 9 22 10 11 12 15 19 29 16 17 -8 -19 -14 -18 -22 -3 24 27 26 -26 -16 -29 -15
right_child=1 5 4 -5 -6 6 7 -9 -10 -11 -12 -13 13 14 23 -17 20 18 -20 -21 21 -23 -24 -25 25 -27 -28 28 -30 -31
leaf_value=-0.032878411027972156 -0.32548298443550672 -0.10427337565839885 -0.065396574573408889 0.04048834111170746 0.12844562351550023 -0.29686196057950681 0.029857661794615062 -0.18023807668863839 0.14721524731770852 -0.11711712345050702 0.21562725159734897 0.13304079519696985 -0.061499968744221957 -0.12810649559842593 0.20366432251583816 0.19541798963681939 -0.027349788800084214 -0.32693271108342514 -0.031441957429348237 -0.26764172515876811 0.27865030943772418 0.062087455037621919 0.050491150898256225 0.12425281525348274 -0.0045325878226675116 0.026303768193566397 -0.27444240591832714 -0.11477055115560393 0.10200271443744971 -0.012980194734184033
leaf_weight=694 23 30 54 21 29 20 595 20 71 38 31 58 37 49 35 29 22 22 25 31 31 31 232 69 29 138 24 20 38 380
leaf_count=694 23 30 54 21 29 20 595 20 71 38 31 58 37 49 35 29 22 22 25 31 31 31 232 69 29 138 24 20 38 380
internal_value=0.00271015 0.013779 -0.0508225 -0.151006 0.00234432 0.0176812 0.0102524 0.0137779 0.0571821 0.0160314 0.0190279 0.0153473 0.0110831 -0.00898555 0.00379324 0.0336817 0.0271883 0.015175 -0.170263 -0.155805 0.118817 0.170724 0.0327179 0.0402166 0.0197452 -0.016292 -0.127137 0.093749 0.0270984 -0.0261683
internal_weight=2926 2232 127 44 83 2105 1772 1752 333 1732 1694 1663 1605 850 782 755 726 642 47 68 84 62 262 353 284 191 53 93 58 429
internal_count=2926 2232 127 44 83 2105 1772 1752 333 1732 1694 1663 1605 850 782 755 726 642 47 68 84 62 262 353 284 191 53 93 58 429
is_linear=0
shrinkage=0.05


Tree=80
num_leaves=31
num_cat=0
split_feature=27 27 31 31 31 2 15 2 5 5 16 16 2 15 14 5 7 5 14 29 31 33 7 14 8 7 8 31 7 2
split_gain=473.537 876.822 565.597 278.698 507.568 820.455 283.202 450.891 241.57 789.023 219.748 499.835 351.12 331.395 281.944 389.215 426.716 307.612 218.456 208.51 184.351 480.696 428.397 231.597 312.717 262.351 231.944 168.21 336.251 287.424
threshold=65.500000000000014 67.500000000000014 76.500000000000014 68.500000000000014 53.500000000000007 0.61965721845626842 12.165252468511499 0.65818580985069286 1.0000000180025095e-35 0.057565789473684216 249675.00000000003 275092.50000000006 0.60382923483848583 12.184393105807702 0.076742307692307707 0.11513157894736843 13011.500000000002 0.17269736842105265 0.037915384615384622 4.5000000000000009 20.500000000000004 1.0000000180025095e-35 4021.5000000000005 0.13343076923076927 1375.0000000000002 11131.500000000002 68.500000000000014 43.500000000000007 6898.5000000000009 0.60829156637191784
decision_type=2 2 2 2 2 2 2 2 2 2 2 2 2 2 2 2 2 2 2 2 2 2 2 2 2 2 2 2 2 2
left_child=8 -2 3 4 10 -6 7 -7 -1 -10 13 -12 -13 14 15 -3 18 -16 27 -14 21 22 -11 26 -25 -26 -22 29 -29 -17
right_child=1 2 -4 -5 5 6 -8 -9 9 20 11 12 19 -15 17 16 -18 -19 -20 -21 23 -23 -24 24 25 -27 -28 28 -30 -31
leaf_value=0.12291753984910928 0.23239123722550215 -0.17764911855242857 -0.22735905058651051 0.175843304087755 -0.34385973071656289 0.1332969299325257 -0.18606666474515082 -0.10622264551323868 -0.31917331022509621 0.18044111230079596 0.23800028883253185 0.19249404146339885 0.030291924391313688 -0.1561594501962521 0.24732869005850536 -0.070004146459716074 -0.15872937575463328 0.050351862097660266 -0.13417231477267369 -0.14456103099769807 0.11886623955263204 0.24176166084792108 -0.08199432359479665 -0.0091754140665512712 0.26098976004776081 0.028747222182068405 -0.041446254763383053 -0.10487986306755906 0.056666795417075644 0.061512543838674751
leaf_weight=29 47 28 24 27 24 43 20 36 22 21 38 24 53 27 22 47 34 195 21 25 23 24 59 538 20 31 953 61 68 351
leaf_count=29 47 28 24 27 24 43 20 36 22 21 38 24 53 27 22 47 34 195 21 25 23 24 59 538 20 31 953 61 68 351
internal_value=-0.00301798 0.0208747 0.0123399 0.0173923 0.0135424 -0.0822218 -0.0184609 0.0240893 -0.0198988 -0.0223581 0.0254046 0.0834542 0.0256526 0.0158737 0.0215145 0.00408959 0.0128706 0.0704496 0.0235535 -0.0258 -0.0184237 0.0459933 -0.0129033 -0.0227104 0.00204149 0.120253 -0.0376515 0.0298723 -0.0197068 0.0459554
internal_weight=2935 1215 1168 1144 1117 123 99 79 1720 1691 994 140 102 854 827 610 582 217 548 78 1669 104 80 1565 589 51 976 527 129 398
internal_count=2935 1215 1168 1144 1117 123 99 79 1720 1691 994 140 102 854 827 610 582 217 548 78 1669 104 80 1565 589 51 976 527 129 398
is_linear=0
shrinkage=0.05


Tree=81
num_leaves=31
num_cat=0
split_feature=27 27 31 2 14 2 31 31 2 6 31 5 5 2 7 2 14 8 33 2 15 7 5 15 8 8 5 5 7 7
split_gain=427.281 791.54 510.651 258.372 291.844 370.138 241.874 462.14 678.303 308.157 485.703 218.083 712.461 209.809 584.492 420.976 265.727 471.288 583.725 313.115 236.473 288.929 281.157 193.07 190.971 188.297 181.368 172.853 399.476 687.13
threshold=65.500000000000014 67.500000000000014 76.500000000000014 0.72120288014411937 -0.2961538461538461 0.6394614875316621 68.500000000000014 53.500000000000007 0.61965721845626842 1.0000000180025095e-35 59.500000000000007 1.0000000180025095e-35 0.057565789473684216 0.62682512402534496 5879.5000000000009 0.59916791319847118 0.18096153846153848 941.50000000000011 1.0000000180025095e-35 0.63228291273117077 11.946324604069813 7016.5000000000009 0.11513157894736843 12.329385019294504 1702.0000000000002 1029.5000000000002 0.44951923076923084 0.069711538461538478 543.00000000000011 815.50000000000011
decision_type=2 2 2 2 2 2 2 2 2 2 2 2 2 2 2 2 2 2 2 2 2 2 2 2 2 2 2 2 2 2
left_child=11 -2 3 4 5 -3 7 13 -9 26 -11 -1 -13 14 -6 25 19 18 -18 -15 22 -22 -21 -19 -23 -16 -10 -14 -29 -30
right_child=1 2 -4 -5 6 -7 -8 8 9 10 -12 12 27 16 15 -17 17 23 -20 20 21 24 -24 -25 -26 -27 -28 28 29 -31
leaf_value=0.11679277848388321 0.22079634536097259 0.0053476085277001997 -0.21603826670231166 0.17851899154948003 0.15115439054596541 -0.23046566698823912 0.16708358164423068 -0.3227234671642254 0.18334559339200152 -0.28913325132866996 0.05052338323442105 -0.30328685421479773 0.089199060320131238 -0.16757275110750058 -0.23534189751151047 0.044818936669893776 -0.040137864348143731 0.14477016652909278 -0.36840901758998496 -0.14957105648468147 0.22078714516680262 -0.078574312744636887 0.027409052069151965 -0.045717387335766718 0.10613360671702959 -0.025861025449916787 -0.026493493591745694 -0.15353638255441918 0.18897574171238113 -0.020671720198657532
leaf_weight=29 47 43 24 24 113 27 27 23 21 20 22 22 37 20 21 186 38 26 21 24 34 22 325 27 38 22 20 54 40 1538
leaf_count=29 47 43 24 24 113 27 27 23 21 20 22 22 37 20 21 186 38 26 21 24 34 22 325 27 38 22 20 54 40 1538
internal_value=-0.00286673 0.0198289 0.0117196 0.0165205 0.013029 -0.0857366 0.0196257 0.015713 -0.0830712 -0.0162929 -0.111402 -0.018902 -0.0212388 0.0271452 0.0581529 0.0121936 0.00868671 -0.0603758 -0.15749 0.0254132 0.034173 0.104528 0.0151848 0.0477318 0.0383061 -0.12859 0.081048 -0.0175 -0.0199274 -0.0153427
internal_weight=2935 1215 1168 1144 1120 70 1050 1023 106 83 42 1720 1691 917 342 229 575 112 59 463 443 94 349 53 60 43 41 1669 1632 1578
internal_count=2935 1215 1168 1144 1120 70 1050 1023 106 83 42 1720 1691 917 342 229 575 112 59 463 443 94 349 53 60 43 41 1669 1632 1578
is_linear=0
shrinkage=0.05


Tree=82
num_leaves=31
num_cat=0
split_feature=27 27 31 31 31 16 7 16 16 15 14 7 5 11 5 5 18 5 5 5 14 27 31 35 33 31 5 7 31 7
split_gain=385.555 714.562 461.038 227.21 413.958 455.289 314.633 203.404 438.095 287.997 236.478 334.675 368.423 303.001 250.461 412.42 248.78 221.47 196.886 643.32 191.647 171.919 171.446 440.696 271.019 308.118 252.456 322.853 343.581 530.746
threshold=65.500000000000014 67.500000000000014 76.500000000000014 68.500000000000014 53.500000000000007 165100.00000000003 7812.0000000000009 249675.00000000003 275092.50000000006 12.184393105807702 0.076742307692307707 13011.500000000002 0.11513157894736843 1.0000000180025095e-35 0.31414473684210531 0.19901315789473686 122292.50000000001 0.51315789473684215 1.0000000180025095e-35 0.057565789473684216 0.85384615384615403 29.000000000000004 25.500000000000004 3.5000000000000004 1.0000000180025095e-35 20.500000000000004 0.069711538461538478 543.00000000000011 39.500000000000007 4604.5000000000009
decision_type=2 2 2 2 2 2 2 2 2 2 2 2 2 2 2 2 2 2 2 2 2 2 2 2 2 2 2 2 2 2
left_child=18 -2 3 4 7 -6 -7 9 -9 10 11 12 -3 14 15 -12 -14 20 -1 -20 -10 -21 23 24 -23 -26 -24 -28 -29 -30
right_child=1 2 -4 -5 5 6 -8 8 17 -11 13 -13 16 -15 -16 -17 -18 -19 19 21 -22 22 26 -25 25 -27 27 28 29 -31
leaf_value=0.1109732093116672 0.20977996839586083 -0.16448541117096288 -0.2052811708687747 0.15876022826921457 0.024231656303880317 -0.29682972740203256 -0.070766333219210859 0.22346430961384864 0.017174364233884097 -0.14661511992176521 0.20310716170857385 -0.14913253065777665 0.031701891158471017 0.021689526765690671 0.27488592889204444 -0.093497222506288266 -0.086236265696236172 -0.097825776101038459 -0.2881911162876975 -0.13711427683682786 0.19260778178996091 -0.044471223786106219 0.1270527634630477 0.16718846498872419 0.24182555693299024 0.00070830721531987503 -0.14641681421626782 -0.046696402294906826 0.13010317466250274 -0.010597896138123172
leaf_weight=29 47 28 24 27 60 27 36 38 53 27 28 34 499 144 25 20 49 27 22 29 22 143 28 44 20 39 52 616 75 623
leaf_count=29 47 28 24 27 60 27 36 38 53 27 28 34 499 144 25 20 49 27 22 29 22 143 28 44 20 39 52 616 75 623
internal_value=-0.00272472 0.0188342 0.011129 0.015691 0.0122144 -0.0742683 -0.168047 0.0229274 0.0787759 0.0137579 0.0190169 0.00305811 0.0120746 0.0638329 0.146753 0.0794806 0.0211334 0.0246573 -0.0179569 -0.0201774 0.0688894 -0.0166246 -0.0144827 0.0239844 -0.00725108 0.0827985 -0.0212758 -0.0243289 -0.0194829 0.00452972
internal_weight=2935 1215 1168 1144 1117 123 63 994 140 854 827 610 576 217 73 48 548 102 1720 1691 75 1669 1640 246 202 59 1394 1366 1314 698
internal_count=2935 1215 1168 1144 1117 123 63 994 140 854 827 610 576 217 73 48 548 102 1720 1691 75 1669 1640 246 202 59 1394 1366 1314 698
is_linear=0
shrinkage=0.05


Tree=83
num_leaves=31
num_cat=0
split_feature=27 27 31 2 14 2 31 31 2 6 31 6 11 6 29 7 31 7 30 17 6 7 2 10 11 14 35 2 35 14
split_gain=347.959 645.047 416.258 230.997 263.561 329.608 196.695 373.793 583.116 272.245 432.248 184.831 281.416 270.51 640.486 368.417 340.367 428.389 316.243 898.908 268.977 556.425 233.476 250.628 204.01 200.556 184.121 348.752 232.807 172.664
threshold=65.500000000000014 67.500000000000014 76.500000000000014 0.72120288014411937 -0.2961538461538461 0.6394614875316621 68.500000000000014 53.500000000000007 0.61965721845626842 1.0000000180025095e-35 59.500000000000007 0.069711538461538478 1.0000000180025095e-35 1.0000000180025095e-35 4.5000000000000009 9649.5000000000018 42.500000000000007 5330.0000000000009 1.0000000180025095e-35 1.0000000180025095e-35 0.091093117408906896 4438.0000000000009 0.63454651832580578 1.0000000180025095e-35 1.0000000180025095e-35 0.031546153846153856 5.5000000000000009 0.63424724340438854 6.5000000000000009 -0.27615384615384614
decision_type=2 2 2 2 2 2 2 2 2 2 2 2 2 2 2 2 2 2 2 2 2 2 2 2 2 2 2 2 2 2
left_child=29 -2 3 4 5 -3 7 11 -9 -10 -11 13 20 14 18 16 17 -16 22 -20 21 -13 23 -6 -19 -24 27 -15 -28 -1
right_child=1 2 -4 -5 6 -7 -8 8 9 10 -12 12 -14 26 15 -17 -18 24 19 -21 -22 -23 25 -25 -26 -27 28 -29 -30 -31
leaf_value=-0.081484517277001012 0.19931323738084541 0.0036963002942070329 -0.19505970376655768 0.16808256091418605 0.071867700176875271 -0.21882702224231518 0.15085150979431794 -0.29669499606442401 0.078908587093952223 -0.26965450356848802 0.050752839675316443 -0.24412786299316444 -0.078895534077768614 0.19456561079635715 -0.010717839059106548 0.09175406644516941 0.016886684760965151 -0.39824081574571074 -0.29284235258814706 0.070356670935861065 0.12223960079044521 0.10038658784589734 0.074845580399177977 0.21265016602901557 -0.18087921519300124 -0.094165068072734087 -0.10123197709440801 0.056616843164428304 0.08792655311109733 -0.013158225982062
leaf_weight=98 47 43 24 24 107 27 27 23 41 20 22 20 97 62 21 22 26 21 24 58 50 28 42 45 23 30 31 176 34 1622
leaf_count=98 47 43 24 24 107 27 27 23 41 20 22 20 97 62 21 22 26 21 24 58 50 28 42 45 23 30 31 176 34 1622
internal_value=-0.00258805 0.0178927 0.0105716 0.0149066 0.0116051 -0.0822525 0.0178743 0.0143453 -0.0744951 -0.0125785 -0.101981 0.0246272 -0.0185426 0.0362946 0.0102495 -0.0914132 -0.135802 -0.196887 0.0478256 -0.0361118 0.0411631 -0.0432663 0.0785773 0.113692 -0.285401 0.0043222 0.0722789 0.0926407 -0.00222763 -0.0170587
internal_weight=2935 1215 1168 1144 1120 70 1050 1023 106 83 42 917 195 722 419 113 91 65 306 82 98 48 224 152 44 72 303 238 65 1720
internal_count=2935 1215 1168 1144 1120 70 1050 1023 106 83 42 917 195 722 419 113 91 65 306 82 98 48 224 152 44 72 303 238 65 1720
is_linear=0
shrinkage=0.05


Tree=84
num_leaves=31
num_cat=0
split_feature=27 27 7 14 8 8 7 2 7 7 27 8 8 17 14 16 30 27 7 14 27 6 14 14 27 14 29 2 8 16
split_gain=314.008 582.308 400.077 155.846 195.534 321.101 245.669 532.063 198.116 239.551 510.799 416.613 311.138 307.371 237.769 186.414 175.55 292.165 274.03 172.67 140.902 204.075 125.302 225.959 391.656 144.146 197.318 252.569 499.886 372.411
threshold=65.500000000000014 67.500000000000014 15431.500000000002 -0.27615384615384614 68.500000000000014 73.500000000000014 815.50000000000011 0.6394614875316621 7794.0000000000009 9630.0000000000018 56.000000000000007 1198.5000000000002 1045.0000000000002 1.0000000180025095e-35 0.58769230769230785 147310.00000000003 1.5000000000000002 64.000000000000014 5373.0000000000009 -0.14923076923076919 61.500000000000007 1.0000000180025095e-35 -0.2961538461538461 -0.37115384615384611 68.500000000000014 -0.059288461538461533 7.5000000000000009 0.62682512402534496 830.50000000000011 213225.00000000003
decision_type=2 2 2 2 2 2 2 2 2 2 2 2 2 2 2 2 2 2 2 2 2 2 2 2 2 2 2 2 2 2
left_child=3 -2 22 15 -5 -6 7 -7 16 10 -10 12 -12 -11 -15 -1 17 19 -18 -8 -21 -22 23 24 -3 -24 27 28 -27 -30
right_child=1 2 -4 4 5 6 8 -9 9 13 11 -13 -14 14 -16 -17 18 -19 -20 20 21 -23 25 -25 -26 26 -28 -29 29 -31
leaf_value=-0.1621044709668745 0.18936873443440522 -0.15119050613127241 -0.21109042252177623 0.096522153233946709 -0.16268758805174577 0.22628406469138615 0.097020983570380234 -0.071653874255584227 -0.012994065294171259 -0.087460669995255091 0.22923940992974617 0.29832556587291431 0.01857251653144526 0.054897468711482593 -0.13276701252258832 -0.021168731866552545 0.20363597051421209 -0.17486441681507223 -0.03037480226861386 -0.028044494370247433 -0.194821793971721 0.0039265813735815192 0.060313913070235883 -0.167398703583584 0.14006957218215915 0.13436396218816546 -0.13398478680826498 -0.0046614191836361809 -0.071417379347849377 0.07400099028520607
leaf_weight=39 47 20 20 40 36 32 26 28 202 119 23 25 73 105 20 59 20 36 33 751 31 22 171 26 27 113 23 592 90 86
leaf_count=39 47 20 20 40 36 32 26 28 202 119 23 25 73 105 20 59 20 36 33 751 31 22 171 26 27 113 23 592 90 86
internal_value=-0.00245954 0.0169963 0.0100402 -0.0162061 -0.0125004 -0.015266 -0.0118196 0.0872753 -0.0158297 0.00740521 0.0356544 0.116854 0.0692828 -0.0299691 0.0247491 -0.0774144 -0.0301698 -0.0355811 0.0580542 -0.0295135 -0.0336232 -0.112376 0.013915 -0.0494138 0.0159651 0.0182243 0.0102514 0.0140374 0.0523464 -0.000330611
internal_weight=2935 1215 1168 1720 1622 1582 1546 60 1486 567 323 121 96 244 125 98 919 866 53 830 804 53 1148 73 47 1075 904 881 289 176
internal_count=2935 1215 1168 1720 1622 1582 1546 60 1486 567 323 121 96 244 125 98 919 866 53 830 804 53 1148 73 47 1075 904 881 289 176
is_linear=0
shrinkage=0.05


Tree=85
num_leaves=31
num_cat=0
split_feature=27 8 2 2 2 16 2 6 8 15 31 16 33 2 11 27 16 2 14 16 2 31 27 27 31 35 14 7 27 2
split_gain=298.572 208.282 191.587 249.09 278.082 205.879 244.995 180.384 308.497 223.302 714.938 473.554 531.031 222.792 219.059 330.146 255.336 226.907 215.772 307.686 198.212 332.467 240.662 183.779 341.094 329.601 321.121 328.367 341.088 286.491
threshold=39.500000000000007 65.500000000000014 0.58031651377677929 0.58598455786705028 0.58829030394554149 337451.50000000006 0.60232636332511913 0.069711538461538478 68.500000000000014 12.110607503874594 66.500000000000014 228732.00000000003 1.0000000180025095e-35 0.60829156637191784 1.0000000180025095e-35 66.500000000000014 140537.50000000003 0.69728717207908641 -0.11076923076923076 134929.00000000003 0.59215146303176891 18.500000000000004 54.000000000000007 65.500000000000014 20.500000000000004 7.5000000000000009 -0.0079038461538461519 8395.0000000000018 56.000000000000007 0.6394614875316621
decision_type=2 2 2 2 2 2 2 2 2 2 2 2 2 2 2 2 2 2 2 2 2 2 2 2 2 2 2 2 2 2
left_child=-1 -2 -3 -4 -5 7 -7 9 -9 13 11 12 -11 20 15 -10 17 -17 19 -15 22 -22 -6 24 -20 26 -26 -28 -29 -27
right_child=1 2 3 4 5 6 -8 8 14 10 -12 -13 -14 18 -16 16 -18 -19 23 -21 21 -23 -24 -25 25 29 27 28 -30 -31
leaf_value=-0.044488993086592925 0.14727075456773642 0.11241459784136493 -0.089356934724537707 0.16550578871790003 -0.01529543089241916 0.044837394816365402 -0.17645624949852867 -0.21335036519924133 -0.053192688690078371 -0.025940834940484325 -0.30584074525690791 0.031100419547674691 -0.23844012695666494 -0.080579989480774439 -0.053339692587077249 0.068908915705904517 0.13654020142121989 -0.10663054495845053 0.17525525761061703 0.11152249511999442 -0.21398713475438802 -0.012002252697808193 0.20353440089463112 0.046465643068357321 -0.21634271589963283 0.20421940971187558 -0.046358693493404685 -0.0088542642572041978 0.23027235466167642 -0.0089213012928689005
leaf_weight=319 26 41 70 27 29 20 33 20 97 159 20 367 36 24 189 50 68 29 26 154 22 262 22 468 22 30 230 39 24 33
leaf_count=319 26 41 70 27 29 20 33 20 97 159 20 367 36 24 189 50 68 29 26 154 22 262 22 468 22 30 230 39 24 33
internal_value=0.00118913 0.00671823 0.00531112 0.00359621 0.00620437 0.00445649 -0.0929279 0.00659511 -0.0218431 0.0131477 -0.0128334 -0.00234462 -0.0652992 0.0240692 -0.0129387 0.018344 0.0655865 0.00435383 0.0353968 0.0855623 -0.0114202 -0.0277364 0.0792175 0.0251422 0.000422975 -0.0116325 -0.0325292 -0.0186413 0.0823829 0.0926578
internal_weight=2956 2637 2611 2570 2500 2473 53 2420 453 1967 582 562 195 1385 433 244 147 79 1050 178 335 284 51 872 404 378 315 293 63 63
internal_count=2956 2637 2611 2570 2500 2473 53 2420 453 1967 582 562 195 1385 433 244 147 79 1050 178 335 284 51 872 404 378 315 293 63 63
is_linear=0
shrinkage=0.05


Tree=86
num_leaves=31
num_cat=0
split_feature=27 8 2 2 2 16 35 7 27 7 5 16 5 31 31 31 27 2 27 7 5 35 2 18 2 2 2 16 16 5
split_gain=269.46 188.055 172.957 224.83 251.074 185.83 223.204 177.676 626.833 495.173 242.543 346.936 295.53 280.614 337.608 337.472 280.56 302.868 278.131 271.826 382.5 336.849 741.616 264.087 323.923 320.25 867.245 221.638 435.22 238.408
threshold=39.500000000000007 65.500000000000014 0.58031651377677929 0.58598455786705028 0.58829030394554149 337451.50000000006 4.5000000000000009 13011.500000000002 77.000000000000014 14330.000000000002 0.55048076923076927 131320.00000000003 0.44951923076923084 67.500000000000014 81.000000000000014 60.500000000000007 65.500000000000014 0.59662175178527843 67.500000000000014 6067.5000000000009 0.46761133603238875 4.5000000000000009 0.64857995510101329 112000.00000000001 0.6394614875316621 0.63353851437568676 0.63610014319419872 215404.50000000003 186000.00000000003 0.42927631578947373
decision_type=2 2 2 2 2 2 2 2 2 2 2 2 2 2 2 2 2 2 2 2 2 2 2 2 2 2 2 2 2 2
left_child=-1 -2 -3 -4 -5 7 -7 10 9 -9 12 -12 13 15 -15 16 23 -18 -19 21 -21 -14 -23 25 27 -6 -27 28 -25 -30
right_child=1 2 3 4 5 6 -8 8 -10 -11 11 -13 19 14 -16 -17 17 18 -20 20 -22 22 -24 24 -26 26 -28 -29 29 -31
leaf_value=-0.042265240407940809 0.13993542574602982 0.10680754540030396 -0.084895460161987638 0.15726103618452361 -0.015327823608847577 0.0431965068205079 -0.16801826384852661 -0.10490476989075351 -0.24585036800102214 0.14836183701913189 -0.028437657177503513 0.085981460931395803 0.0050078473942293551 0.22319483705482221 -0.0046218207483314623 -0.13637797186899064 0.22925521935989607 0.19821054672675509 0.024722151272327911 -0.13261915435850505 0.017199203773586778 -0.047990510752871487 -0.37083885506950182 0.028412415428751055 -0.14983463317660964 0.33854114699866122 0.027070831070003187 0.016392043973998138 -0.1853450638347931 0.0081382542001127624
leaf_weight=319 26 41 70 27 251 20 33 39 31 38 96 213 52 34 31 39 20 24 566 51 256 52 27 72 53 26 156 207 65 21
leaf_count=319 26 41 70 27 251 20 33 39 31 38 96 213 52 34 31 39 20 24 566 51 256 52 27 72 53 26 156 207 65 21
internal_value=0.00112878 0.00638149 0.00504435 0.00341485 0.00589284 0.0042319 -0.0882892 0.00626382 -0.0563842 0.0200494 0.00919476 0.0504199 0.00283032 0.0129932 0.114627 0.0085784 0.0124604 0.0383382 0.0318202 -0.0334655 -0.00770799 -0.0937386 -0.158724 -0.00608539 -0.0344347 0.0212719 0.0717555 -0.0176278 -0.062212 -0.138086
internal_weight=2956 2637 2611 2570 2500 2473 53 2420 108 77 2312 309 2003 1565 65 1500 1461 610 590 438 307 131 79 851 418 433 182 365 158 86
internal_count=2956 2637 2611 2570 2500 2473 53 2420 108 77 2312 309 2003 1565 65 1500 1461 610 590 438 307 131 79 851 418 433 182 365 158 86
is_linear=0
shrinkage=0.05


Tree=87
num_leaves=31
num_cat=0
split_feature=8 7 6 2 31 2 35 10 5 7 2 16 2 2 10 31 2 8 2 5 7 8 29 31 29 5 31 31 2 31
split_gain=183.229 127.281 107.744 351.303 435.277 182.968 238.712 652.571 242.661 543.738 356.229 344.07 402.314 378.949 415.56 236.281 246.995 245.875 211.874 201.81 256.228 171.467 260.954 257.034 297.52 319.632 293.829 234.051 281.977 190.764
threshold=65.500000000000014 15431.500000000002 0.13942307692307696 0.65347799658775341 46.500000000000007 0.66088238358497631 9.5000000000000018 1.0000000180025095e-35 0.091093117408906896 3902.0000000000005 0.65818580985069286 140537.50000000003 0.61689087748527538 0.6394614875316621 1.0000000180025095e-35 64.500000000000014 0.60786306858062755 648.50000000000011 0.6597372591495515 0.069711538461538478 500.50000000000006 1696.5000000000002 4.5000000000000009 33.500000000000007 5.5000000000000009 0.48684210526315791 41.500000000000007 53.500000000000007 0.58031651377677929 39.500000000000007
decision_type=2 2 2 2 2 2 2 2 2 2 2 2 2 2 2 2 2 2 2 2 2 2 2 2 2 2 2 2 2 2
left_child=-1 2 5 -4 -5 6 8 -8 -2 11 15 12 -10 14 -14 17 -17 -11 -12 -7 -21 22 27 -24 25 26 -25 28 -19 -26
right_child=1 -3 3 4 -6 19 7 -9 9 10 18 -13 13 -15 -16 16 -18 21 -20 20 -22 -23 23 24 29 -27 -28 -29 -30 -31
leaf_value=0.1329654709703621 -0.082105308701859989 -0.11700524478763728 0.088031817515919486 -0.0092481513091833834 -0.31679673395050106 0.1599296304983919 -0.048513975200659025 0.25397655922815066 -0.014063599762742086 -0.061366326250093597 -0.27206384307561232 -0.018374972528135271 0.11486858629920403 0.06037687597385908 0.37234255066830246 -0.03320534214987169 -0.24925950234802211 0.1855678219239989 -0.05142690487422389 -0.14832044190140131 0.029886715305415357 0.087517067720129432 -0.095106773104584028 -0.2620812368032347 0.13843981068934838 0.0095840537285217225 -0.038471939002681775 -0.057120562399846891 0.012588108874804514 0.001533181603370587
leaf_weight=26 101 23 26 27 20 28 40 32 47 176 20 78 32 53 31 39 20 24 24 21 455 55 131 28 41 77 31 120 1063 67
leaf_count=26 101 23 26 27 20 28 40 32 47 176 20 78 32 53 31 39 20 24 24 21 455 55 131 28 41 77 31 120 1063 67
internal_value=0.00107264 -0.000100527 0.000826688 -0.0591055 -0.140621 0.00237425 -0.00353291 0.0860227 -0.00639443 -0.00284336 -0.01175 0.0679206 0.109232 0.1592 0.242031 -0.0084377 -0.106826 -0.00522738 -0.152219 0.0296884 0.0219846 0.000808649 -0.00220805 -0.0386371 -0.00827233 -0.0574727 -0.14494 0.00910813 0.0164287 0.0536332
internal_weight=2956 2930 2907 73 47 2834 2330 72 2258 2157 1916 241 163 116 63 1872 59 1813 44 504 476 1637 1582 375 244 136 59 1207 1087 108
internal_count=2956 2930 2907 73 47 2834 2330 72 2258 2157 1916 241 163 116 63 1872 59 1813 44 504 476 1637 1582 375 244 136 59 1207 1087 108
is_linear=0
shrinkage=0.05


Tree=88
num_leaves=31
num_cat=0
split_feature=27 8 2 2 2 16 2 6 8 11 18 27 8 35 15 31 16 33 2 16 5 7 2 27 6 31 8 15 35 2
split_gain=236.817 152.833 149.63 202.288 223.533 167.036 217.302 165.468 268.176 195.309 290.365 243.04 211.65 252.988 187.301 610.978 410.23 450.537 192.422 199.438 358.069 449.708 519.973 799.596 280.477 392.422 263.799 220.123 212.193 238.371
threshold=39.500000000000007 65.500000000000014 0.58031651377677929 0.58598455786705028 0.58829030394554149 337451.50000000006 0.60232636332511913 0.069711538461538478 68.500000000000014 1.0000000180025095e-35 142095.00000000003 72.500000000000014 977.00000000000011 6.5000000000000009 12.110607503874594 66.500000000000014 228732.00000000003 1.0000000180025095e-35 0.60829156637191784 155200.00000000003 0.17269736842105265 3744.0000000000005 0.64410844445228588 64.000000000000014 1.0000000180025095e-35 56.500000000000007 831.50000000000011 11.899039171032728 4.5000000000000009 0.63791161775589
decision_type=2 2 2 2 2 2 2 2 2 2 2 2 2 2 2 2 2 2 2 2 2 2 2 2 2 2 2 2 2 2
left_child=-1 -2 -3 -4 -5 7 -7 14 -9 10 11 12 13 -10 18 16 17 -16 -6 20 -20 22 23 -22 25 26 -23 -21 29 -26
right_child=1 2 3 4 5 6 -8 8 9 -11 -12 -13 -14 -15 15 -17 -18 -19 19 27 21 24 -24 -25 28 -27 -28 -29 -30 -31
leaf_value=-0.039662393039257032 0.1263426770538206 0.099389539530314971 -0.080544938891063247 0.14839741700634745 -0.010771584202689977 0.046011129926093179 -0.16238584298741782 -0.19986286926551244 0.070144368231702017 -0.051150678329875021 0.12385391798799861 0.057760121021540572 -0.1515031505318935 -0.11119783586765097 -0.024229545681430049 -0.28245474307691282 0.029237636057464635 -0.21996671276326984 -0.072407366352670366 0.12146972006671027 0.4294718466431971 -0.14665294152268671 0.02558504873877401 0.076844147554786676 0.23888444699250258 0.11744703684594029 -0.016549616004261067 0.037920085497452148 -0.0048162679294093541 0.051613597912905596
leaf_weight=319 26 41 70 27 335 20 33 20 44 189 50 77 39 34 159 20 367 36 98 108 25 70 100 45 23 32 88 293 103 65
leaf_count=319 26 41 70 27 335 20 33 20 44 189 50 77 39 34 159 20 367 36 98 108 25 70 100 45 23 32 88 293 103 65
internal_value=0.00101829 0.00594268 0.00473704 0.00322127 0.00557185 0.00400453 -0.0837128 0.00593106 -0.0213059 -0.0130027 0.0165348 -0.0111486 -0.0565521 -0.00887938 0.012207 -0.0115872 -0.00189038 -0.0604855 0.0222095 0.0327368 0.0155934 0.0312645 0.0988623 0.203287 0.00107157 -0.0419166 -0.0742783 0.0604594 0.0438604 0.100832
internal_weight=2956 2637 2611 2570 2500 2473 53 2420 453 433 244 194 117 78 1967 582 562 195 1385 1050 649 551 170 70 381 190 158 401 191 88
internal_count=2956 2637 2611 2570 2500 2473 53 2420 453 433 244 194 117 78 1967 582 562 195 1385 1050 649 551 170 70 381 190 158 401 191 88
is_linear=0
shrinkage=0.05


Tree=89
num_leaves=31
num_cat=0
split_feature=27 8 27 27 31 31 31 35 31 35 27 5 27 27 8 7 31 31 8 31 2 31 27 11 2 2 2 2 8 35
split_gain=214.978 141.083 140.731 440.79 318.904 252.091 409.881 199.867 359.912 392.525 273.925 270.52 450.63 265.165 218.697 245.219 212.25 236.644 196.364 215.684 294.711 204.063 195.779 188.036 174.279 173.815 179.585 449.497 240.868 231.532
threshold=31.500000000000004 65.500000000000014 65.500000000000014 67.500000000000014 76.500000000000014 68.500000000000014 64.500000000000014 5.5000000000000009 25.500000000000004 3.5000000000000004 61.500000000000007 0.24038461538461542 56.000000000000007 56.000000000000007 1379.0000000000002 10768.000000000002 39.500000000000007 35.500000000000007 1204.5000000000002 43.500000000000007 0.61794203519821178 41.500000000000007 56.000000000000007 1.0000000180025095e-35 0.60593992471694957 0.72120288014411937 0.59620219469070446 0.59916791319847118 831.50000000000011 4.5000000000000009
decision_type=2 2 2 2 2 2 2 2 2 2 2 2 2 2 2 2 2 2 2 2 2 2 2 2 2 2 2 2 2 2
left_child=-1 -2 7 23 5 6 25 8 9 13 11 12 -10 -3 18 -16 17 -12 19 20 21 -9 -17 -4 -13 26 28 -28 -5 -29
right_child=1 2 3 4 -6 -7 -8 14 10 -11 16 24 -14 -15 15 22 -18 -19 -20 -21 -22 -23 -24 -25 -26 -27 27 29 -30 -31
leaf_value=-0.052929844068564449 0.12004974280623182 -0.046922957997564907 0.27794017959121281 0.23252138642338216 -0.17792495160081268 0.17054930470616694 -0.20795683999197179 -0.054407463289971307 -0.02331339974557653 0.17830020569831995 -0.098682227689925947 0.024231857049173446 -0.20561975824797926 0.070712082810637192 -0.16223695300890906 -0.09967404449313777 0.017381561881276816 -0.29219543055280467 0.1553098320112534 0.00084467719617133401 0.16584131421342407 0.098031719427764286 0.068180920380727317 0.074472172077433521 -0.040129005419597553 0.15667663301336823 -0.19017080993414776 0.040705003893224283 0.013283591552179341 -0.0087111765798619633
leaf_weight=174 26 113 21 21 22 25 21 47 101 38 51 218 51 83 34 29 22 23 28 398 53 41 43 25 203 21 28 418 31 547
leaf_count=174 26 113 21 21 22 25 21 47 101 38 51 218 51 83 34 29 22 23 28 398 53 41 43 25 203 21 28 418 31 547
internal_value=0.000967758 0.00434236 0.00324465 0.0163027 0.0101358 0.0138766 0.0102533 -0.00652956 -0.0219026 0.0314499 -0.0405734 -0.0274549 -0.0846098 0.00287704 0.01409 -0.0517832 -0.118712 -0.159209 0.0264207 0.0196883 0.0728043 0.0165892 0.000458848 0.16787 -0.00679229 0.0145758 0.0117007 0.00694701 0.102194 0.0126908
internal_weight=2956 2782 2756 1180 1134 1112 1087 1576 903 234 669 573 152 196 673 106 96 74 567 539 141 88 72 46 421 1066 1045 993 52 965
internal_count=2956 2782 2756 1180 1134 1112 1087 1576 903 234 669 573 152 196 673 106 96 74 567 539 141 88 72 46 421 1066 1045 993 52 965
is_linear=0
shrinkage=0.05


Tree=90
num_leaves=31
num_cat=0
split_feature=8 29 31 5 14 5 10 33 31 27 27 31 2 2 27 2 31 31 27 16 29 27 2 8 2 31 6 5 14 2
split_gain=263.379 208.234 163.916 216.532 307.305 471.238 209.701 192.313 188.163 157.364 505.58 305.593 477.38 200.724 288.627 199.172 190.103 376.233 342.176 398.731 414.445 294.625 288.805 322.174 277.611 252.339 456.177 219.314 197.366 191.564
threshold=68.500000000000014 1.0000000180025095e-35 76.500000000000014 0.11513157894736843 0.076742307692307707 0.069711538461538478 1.0000000180025095e-35 1.0000000180025095e-35 68.500000000000014 65.500000000000014 67.500000000000014 53.500000000000007 0.61965721845626842 0.635846108198166 68.500000000000014 0.59125381708145153 39.500000000000007 24.500000000000004 56.000000000000007 159161.00000000003 3.5000000000000004 56.000000000000007 0.64362648129463207 764.50000000000011 0.59891644120216381 44.500000000000007 0.057565789473684216 0.24038461538461542 0.083092307692307701 0.61528077721595775
decision_type=2 2 2 2 2 2 2 2 2 2 2 2 2 2 2 2 2 2 2 2 2 2 2 2 2 2 2 2 2 2
left_child=1 -1 3 4 5 -2 -4 -6 9 16 -11 15 -13 -14 -15 -12 17 21 -19 22 -21 27 23 29 -23 26 -18 -5 -22 -20
right_child=2 -3 6 8 7 -7 -8 -9 -10 10 11 12 13 14 -16 -17 25 18 19 20 28 24 -24 -25 -26 -27 -28 -29 -30 -31
leaf_value=0.21770491895109956 -0.025411399700992422 0.035746938595970827 -0.17869609090873967 0.13009174862570724 -0.068900258384549148 -0.28753576951466525 0.029859411390266606 0.11154250502586366 0.11400638383486841 0.17401010346903978 0.13258380868043371 -0.29468167071318746 0.082952051730090404 -0.17882170339239722 0.042747408470544423 0.0094943569102546935 0.015447928518220489 -0.017636598182158229 -0.27420424687480588 0.056336441501894957 0.0026228608756229794 0.24137805306104076 -0.28764076331951105 0.020867658480745822 0.043100137202791287 -0.012285903109371681 0.20261912271924262 -0.051173711838115254 -0.16292039860046362 -0.070885911272532895
leaf_weight=22 40 55 30 20 31 30 20 28 35 46 34 20 29 32 27 915 157 391 28 65 26 25 33 29 60 504 41 98 58 20
leaf_count=22 40 55 30 20 31 30 20 28 35 46 34 20 29 32 27 915 157 391 28 65 26 25 33 29 60 504 41 98 58 20
internal_value=-0.00317865 0.0880147 -0.00562832 -0.00403476 -0.0672911 -0.138072 -0.095281 0.0166928 -0.00100042 -0.00252092 0.0119213 0.00484673 -0.0748004 -0.0244928 -0.0774403 0.0139231 -0.0127684 -0.0286278 -0.0471866 -0.0917535 -0.0383616 0.0307662 -0.163929 -0.110541 0.101691 0.0064965 0.0543136 -0.0203243 -0.111679 -0.189916
internal_weight=2949 77 2872 2822 129 70 50 59 2693 2658 1103 1057 108 88 59 949 1555 853 650 259 149 203 110 77 85 702 198 118 84 48
internal_count=2949 77 2872 2822 129 70 50 59 2693 2658 1103 1057 108 88 59 949 1555 853 650 259 149 203 110 77 85 702 198 118 84 48
is_linear=0
shrinkage=0.05


Tree=91
num_leaves=31
num_cat=0
split_feature=8 29 31 5 14 5 10 33 31 5 2 24 8 6 8 29 35 31 35 8 29 31 29 29 10 31 8 2 8 10
split_gain=237.808 188.015 147.966 195.499 277.451 425.419 189.344 173.629 169.867 139.441 112.663 98.1284 288.404 171.006 144.886 142.476 144.082 99.526 90.3898 193.567 213.192 164.25 187.247 168.666 215.269 171.215 148.951 253.622 280.506 224.68
threshold=68.500000000000014 1.0000000180025095e-35 76.500000000000014 0.11513157894736843 0.076742307692307707 0.069711538461538478 1.0000000180025095e-35 1.0000000180025095e-35 68.500000000000014 0.091093117408906896 0.72449582815170299 1.0000000180025095e-35 1086.0000000000002 1.0000000180025095e-35 1191.5000000000002 5.5000000000000009 5.5000000000000009 38.500000000000007 2.5000000000000004 889.00000000000011 3.5000000000000004 22.500000000000004 1.5000000000000002 2.5000000000000004 1.0000000180025095e-35 32.500000000000007 1050.5000000000002 0.68166601657867443 1103.0000000000002 1.0000000180025095e-35
decision_type=2 2 2 2 2 2 2 2 2 2 2 2 2 2 2 2 2 2 2 2 2 2 2 2 2 2 2 2 2 2
left_child=1 -1 3 4 5 -2 -4 -6 10 -3 11 18 15 14 -14 16 17 -13 19 -5 -21 22 -20 24 25 -23 29 28 -28 -25
right_child=2 9 6 8 7 -7 -8 -9 -10 -11 -12 12 13 -15 -16 -17 -18 -19 21 20 -22 23 -24 26 -26 -27 27 -29 -30 -31
leaf_value=0.20686893025539579 -0.024143994399845749 -0.067001403776390286 -0.16979097323956285 0.027161849956579987 -0.065466322881615815 -0.27320674580593046 0.028373868518800877 0.10598522492575052 0.10832230709811562 0.096483338036495225 0.10302898072863953 -0.033275468321747416 0.061503608153697625 0.12234860498394701 -0.11465629559557584 -0.17352778862126142 -0.095696981075827789 0.077940987092090311 0.1494555327627394 -0.021441025971326716 -0.221431637750127 -0.046478417084943574 0.023190266028877651 0.0034470090528744891 -0.06431599993464536 0.027672599707510955 -0.082458556755172552 -0.15885119192116626 0.010768940380603245 0.059786712722753481
leaf_weight=22 40 21 30 48 31 30 20 28 35 34 25 101 26 41 21 24 84 25 35 30 24 125 181 589 218 206 97 28 477 253
leaf_count=22 40 21 30 48 31 30 20 28 35 34 25 101 26 41 21 24 84 25 35 30 24 125 181 589 218 206 97 28 477 253
internal_value=-0.00301963 0.0836337 -0.00534742 -0.0038333 -0.0639389 -0.131194 -0.0905268 0.0158576 -0.000949994 0.0339628 -0.00239477 -0.00340153 -0.0292563 0.047838 -0.0171763 -0.0582784 -0.0450069 -0.0111248 0.00019985 -0.0457923 -0.110663 0.00232777 0.0437327 -0.00215914 -0.0257484 -0.000320529 0.00680705 -0.0121783 -0.00498844 0.0203867
internal_weight=2949 77 2872 2822 129 70 50 59 2693 55 2658 2633 322 88 47 234 210 126 2311 102 54 2209 216 1993 549 331 1444 602 574 842
internal_count=2949 77 2872 2822 129 70 50 59 2693 55 2658 2633 322 88 47 234 210 126 2311 102 54 2209 216 1993 549 331 1444 602 574 842
is_linear=0
shrinkage=0.05


Tree=92
num_leaves=31
num_cat=0
split_feature=8 29 31 5 17 5 8 27 31 27 33 31 2 2 16 27 16 15 16 16 5 27 15 27 5 8 27 2 16 5
split_gain=214.705 169.768 133.566 176.506 255.849 487.079 203.087 176.463 153.351 138.644 133.019 115.018 100.909 143.113 141.628 263.502 113.924 119.622 381.518 234.577 197.902 197.351 199.329 182.519 157.083 170.976 119.206 99.4494 83.0161 332.642
threshold=68.500000000000014 1.0000000180025095e-35 76.500000000000014 0.11513157894736843 1.0000000180025095e-35 0.069711538461538478 78.500000000000014 61.500000000000007 68.500000000000014 30.500000000000004 1.0000000180025095e-35 14.500000000000002 0.5797364115715028 0.58456185460090648 174600.00000000003 52.000000000000007 355750.00000000006 12.313809204848747 299150.00000000006 266389.50000000006 0.51315789473684215 66.500000000000014 12.552202541822762 56.000000000000007 0.31009615384615391 1045.0000000000002 56.000000000000007 0.72449582815170299 249175.00000000003 0.42927631578947373
decision_type=2 2 2 2 2 2 2 2 2 2 2 2 2 2 2 2 2 2 2 2 2 2 2 2 2 2 2 2 2 2
left_child=1 -1 3 4 5 -2 -6 -4 9 -5 -3 -11 -13 14 -14 -16 17 19 23 27 21 26 -23 -19 -25 -26 -20 28 -15 -30
right_child=2 10 7 8 6 -7 -8 -9 -10 11 -12 12 13 16 15 -17 -18 18 20 -21 -22 22 -24 24 25 -27 -28 -29 29 -31
leaf_value=0.19657228211471939 -0.020874589481069454 -0.033526531553528388 0.02876425043712208 -0.055708173719217928 0.096016710091753665 -0.30346279177532731 -0.080478629227321463 -0.16253296554682661 0.10292162000283896 0.11373398495475631 0.12376119478956445 0.084593415240650657 0.024511322189137281 -0.0043673147787500009 0.0035851285131268912 -0.23321970601480799 -0.089353318548525157 -0.019690748484213771 0.013213033108476952 -0.17265817477038845 -0.11993808741421819 -0.014244453115819612 0.16809718207778218 0.035869396403754424 0.28846205051439217 0.11058931422986068 -0.10951156539679295 0.097898056800384436 -0.036488764239707511 0.15938235906899137
leaf_weight=22 39 32 20 116 33 25 32 30 35 22 23 34 25 1970 22 25 35 21 49 20 34 28 32 23 25 30 33 25 52 37
leaf_count=22 39 32 20 116 33 25 32 30 35 22 23 34 25 1970 22 25 35 21 49 20 34 28 32 23 25 30 33 25 52 37
internal_value=-0.00286915 0.0794673 -0.00508107 -0.00364242 -0.0607539 -0.13164 0.00905974 -0.0860096 -0.000902657 -0.0022755 0.0322628 0.000162946 -0.000831037 -0.00200472 -0.0714195 -0.122496 6.64502e-05 0.0013878 0.0323952 -0.00266395 -0.0117565 0.0141772 0.0830391 0.11087 0.146066 0.191908 -0.0361885 -0.00102192 -0.00223011 0.0449722
internal_weight=2949 77 2872 2822 129 64 65 50 2693 2658 55 2542 2520 2486 72 47 2414 2379 275 2104 176 142 60 99 78 55 82 2084 2059 89
internal_count=2949 77 2872 2822 129 64 65 50 2693 2658 55 2542 2520 2486 72 47 2414 2379 275 2104 176 142 60 99 78 55 82 2084 2059 89
is_linear=0
shrinkage=0.05


Tree=93
num_leaves=31
num_cat=0
split_feature=7 27 2 2 7 5 7 2 16 7 7 15 15 15 2 7 5 27 15 27 9 7 16 2 5 15 35 31 6 18
split_gain=213.44 175.297 301.176 426.424 272.531 261.136 215.086 177.764 182.319 142.607 126.344 117.253 301.781 455.351 309.104 419.745 500.839 393.294 303.013 430.755 271.481 219.508 454.017 490.015 295.58 217.602 195.074 236.119 210.849 216.517
threshold=15551.000000000002 68.500000000000014 0.70216304063797008 0.68051502108573925 841.50000000000011 0.17269736842105265 13794.500000000002 0.62609851360321056 277737.50000000006 12563.000000000002 6273.5000000000009 12.158455298467205 11.935909066290458 11.960812575102226 0.61206224560737621 6127.0000000000009 0.15587044534412958 56.000000000000007 11.84959587798839 56.000000000000007 1.0000000180025095e-35 6346.5000000000009 263250.00000000006 0.64410844445228588 0.17269736842105265 11.857227206788016 2.5000000000000004 48.500000000000007 0.11513157894736843 96650.000000000015
decision_type=2 2 2 2 2 2 2 2 2 2 2 2 2 2 2 2 2 2 2 2 2 2 2 2 2 2 2 2 2 2
left_child=1 6 3 5 -4 -3 9 -7 10 11 -9 12 18 -14 20 16 -16 -18 26 -20 -15 22 23 -13 -24 -21 -1 28 29 -28
right_child=-2 2 4 -5 -6 7 -8 8 -10 -11 -12 21 13 14 15 -17 17 -19 19 25 -22 -23 24 -25 -26 -27 27 -29 -30 -31
leaf_value=-0.11037101038148833 -0.16510463345110121 0.1741478778978684 0.27960488013367157 -0.10889105347299362 0.049372166139267155 0.070488164005033382 0.12690943934253812 -0.019554950020361894 -0.13238961189614293 -0.13350113641261022 0.040001813944233432 0.06492551251502128 -0.24505549525026749 -0.023609532507043864 0.00015012006742674258 -0.022686139028121735 -0.1361160125109748 -0.41052383115182772 -0.034435509567188216 0.23262072742155138 0.11645280876132769 -0.0053987843685187262 -0.18694203023659697 0.3419266721242154 0.053821214820657451 0.071085399316691736 0.0066917361915842053 -0.047686473727921758 0.11442046356714773 -0.16016272984037352
leaf_weight=48 20 28 20 66 36 120 29 181 24 23 175 58 28 194 28 117 29 24 64 35 42 519 22 22 30 52 594 257 44 20
leaf_count=48 20 28 20 66 36 120 29 181 24 23 175 58 28 194 28 117 29 24 64 35 42 519 22 22 30 52 594 257 44 20
internal_value=-0.0027252 -0.00160912 0.0212909 0.0108211 0.132039 0.0258124 -0.00814334 0.0174624 0.000690151 -0.00989181 0.00971052 -0.00860701 -0.0159815 -0.0499523 -0.0372999 -0.0833515 -0.170782 -0.261009 -0.00188545 0.0639392 0.0013344 0.00923797 0.0667854 0.141495 -0.0481075 0.136321 -0.0122176 -0.00705165 0.00881664 0.0012234
internal_weight=2949 2929 650 594 56 528 2279 500 380 2250 356 2227 1576 462 434 198 81 53 1114 151 236 651 132 80 52 87 963 915 658 614
internal_count=2949 2929 650 594 56 528 2279 500 380 2250 356 2227 1576 462 434 198 81 53 1114 151 236 651 132 80 52 87 963 915 658 614
is_linear=0
shrinkage=0.05


Tree=94
num_leaves=31
num_cat=0
split_feature=7 8 27 10 7 8 27 27 2 7 2 31 31 27 2 2 6 27 29 31 10 35 2 7 31 6 29 13 8 8
split_gain=192.731 180.919 154.653 329.365 127.262 283.166 125.032 383.556 223.008 175.713 222.849 172.786 296.894 334.125 282.488 457.131 260.5 254.79 244.005 329.673 241.672 222.411 189.978 386.718 170.202 356.248 159.78 148.158 145.961 147.706
threshold=15551.000000000002 68.500000000000014 66.500000000000014 1.0000000180025095e-35 14330.000000000002 1906.0000000000002 65.500000000000014 67.500000000000014 0.59215146303176891 530.00000000000011 0.6394614875316621 39.500000000000007 24.500000000000004 56.000000000000007 0.62617102265357982 0.66760164499282848 0.057565789473684216 56.000000000000007 2.5000000000000004 21.500000000000004 1.0000000180025095e-35 3.5000000000000004 0.59086576104164135 5236.5000000000009 44.500000000000007 0.057565789473684216 3.5000000000000004 1.0000000180025095e-35 1647.5000000000002 1382.0000000000002
decision_type=2 2 2 2 2 2 2 2 2 2 2 2 2 2 2 2 2 2 2 2 2 2 2 2 2 2 2 2 2 2
left_child=1 2 3 -1 5 6 9 -8 -9 10 -3 12 17 -14 16 20 22 21 -19 -20 -16 -11 -15 -24 25 -13 -25 -27 29 -26
right_child=-2 4 -4 -5 -6 -7 7 8 -10 11 -12 24 13 14 15 -17 -18 18 19 -21 -22 -23 23 26 28 27 -28 -29 -30 -31
leaf_value=0.13917480053625692 -0.15689047761817476 -0.0095344343627116607 0.18947054571450039 -0.10427181569941016 0.087188843385441112 -0.19180623764793081 0.15073943182729074 0.12737282460231727 -0.00077732623071661189 -0.052266289330834804 -0.23340597843649374 0.013393974248242761 -0.012423054004589268 -0.2062118188631489 -0.38730397731470312 -0.021649224030265927 0.054862021396354758 0.20610560504569886 -0.11847583233501036 0.13242798694569002 -0.1515502442062171 0.1204998808828267 -0.17766895248884262 0.063006497095682901 -0.0019604545572412973 0.27386955003536756 -0.093649908764233736 0.087036899886864083 0.1135982380615725 -0.081485094167791802
leaf_weight=31 20 25 21 25 38 20 46 35 1033 96 20 169 415 26 22 32 44 31 22 32 22 23 42 50 451 20 24 23 24 67
leaf_count=31 20 25 21 25 38 20 46 35 1033 96 20 169 415 26 22 32 44 31 22 32 22 23 42 50 451 20 24 23 24 67
internal_value=-0.00258928 -0.00152864 0.0740459 0.030412 -0.00357333 -0.0048038 -0.0034566 0.0095295 0.0034292 -0.0120706 -0.109441 -0.00938115 -0.0244184 -0.0403535 -0.0845537 -0.165751 -0.0512784 0.0284334 0.0945065 0.0300854 -0.270151 -0.0187594 -0.0842177 -0.056677 0.00818321 0.0461587 0.0120737 0.174486 -0.00666721 -0.0122699
internal_weight=2949 2929 77 56 2852 2814 2794 1114 1068 1680 45 1635 881 677 262 76 186 204 85 54 44 119 142 116 754 212 74 43 542 518
internal_count=2949 2929 77 56 2852 2814 2794 1114 1068 1680 45 1635 881 677 262 76 186 204 85 54 44 119 142 116 754 212 74 43 542 518
is_linear=0
shrinkage=0.05


Tree=95
num_leaves=31
num_cat=0
split_feature=27 7 29 2 2 7 2 30 5 2 29 5 2 15 2 2 27 7 2 2 27 7 11 7 35 6 27 35 14 15
split_gain=160.006 148.309 560.453 287.764 452.505 206.991 208.452 245.946 245.345 220.255 483.712 185.028 274.655 303.658 291.362 414.548 1074.72 177.793 158.412 148.022 139.099 121.735 252.633 281.067 225.707 205.784 175.064 396.801 312.777 219.645
threshold=36.000000000000007 515.00000000000011 1.0000000180025095e-35 0.64910921454429638 0.66928958892822277 3744.0000000000005 0.66508311033248912 1.5000000000000002 0.59716599190283415 0.65818580985069286 5.5000000000000009 0.17269736842105265 0.66670203208923351 11.812511265982243 0.61689087748527538 0.64410844445228588 64.000000000000014 7881.5000000000009 0.72449582815170299 0.64091029763221752 67.500000000000014 7794.0000000000009 1.0000000180025095e-35 8860.0000000000018 9.5000000000000018 0.069711538461538478 52.000000000000007 6.5000000000000009 0.2207692307692308 12.167882600718103
decision_type=2 2 2 2 2 2 2 2 2 2 2 2 2 2 2 2 2 2 2 2 2 2 2 2 2 2 2 2 2 2
left_child=-1 2 19 -4 -5 11 9 8 -8 21 17 -3 13 14 -13 16 -16 -11 20 -2 -14 24 -23 25 -7 -24 28 -28 -25 -29
right_child=1 5 3 4 -6 6 7 -9 -10 10 -12 12 18 -15 15 -17 -18 -19 -20 -21 -22 22 23 26 -26 -27 27 29 -30 -31
leaf_value=-0.042270635750167519 0.17296264518304649 -0.012825905980540698 -0.26296883490812256 0.061084664739307515 -0.19463276836005125 -0.01577714103628167 0.040665339716600711 -0.084780677550272951 0.19759354237533339 -0.28198021671072165 0.087616769708308978 -0.024741692108361059 0.04081254528658422 9.4199554351464808e-05 0.54615827468334222 0.074183267503728889 0.096183677004789553 -0.10039047814746367 0.095923637692288399 0.0069071074838900487 -0.11758874986531601 0.052419184333467012 0.07163547010480753 -0.040877518641835441 0.11683956357197461 -0.065997938903545703 -0.018169101235584399 -0.24344036735373367 0.19882858772924292 -0.048784842617284212
leaf_weight=196 25 116 25 35 34 1039 222 34 28 20 29 24 22 61 21 60 36 42 23 29 37 277 133 42 33 34 167 37 20 24
leaf_count=196 25 116 25 35 34 1039 222 34 28 20 29 24 22 61 21 60 36 42 23 29 37 277 133 42 33 34 167 37 20 24
internal_value=0.00135154 0.00448781 -0.0441665 -0.11789 -0.064948 0.00728129 0.0012143 0.0411585 0.0583333 -0.00476497 -0.0806212 0.0403405 0.0620708 0.0933897 0.133688 0.166222 0.262718 -0.159408 -0.0150396 0.0840547 -0.0584701 -0.000935734 0.0147481 -0.00808083 -0.0116795 0.0435616 -0.0378418 -0.0581035 0.0365622 -0.167142
internal_weight=2925 2729 148 94 69 2581 2181 284 250 1897 91 400 284 202 141 117 57 62 82 54 59 1806 734 457 1072 167 290 228 62 61
internal_count=2925 2729 148 94 69 2581 2181 284 250 1897 91 400 284 202 141 117 57 62 82 54 59 1806 734 457 1072 167 290 228 62 61
is_linear=0
shrinkage=0.05


Tree=96
num_leaves=31
num_cat=0
split_feature=27 18 8 18 5 30 8 18 27 31 5 16 16 2 5 2 34 16 15 15 27 35 5 2 31 5 27 5 27 30
split_gain=151.932 121.443 276.15 240.597 188.571 236.527 291.297 183.654 171.359 178.67 162.413 288.46 275.674 235.714 314.636 224.05 406.915 158.995 283.292 252.457 170.413 154.05 153.53 467.351 333.705 306.898 365.4 307.141 241.031 223.28
threshold=29.000000000000004 120150.00000000001 1999.5000000000002 125420.00000000001 0.057565789473684216 1.5000000000000002 859.00000000000011 122292.50000000001 39.500000000000007 14.500000000000002 0.55048076923076927 299150.00000000006 172983.50000000003 0.63424724340438854 0.51315789473684215 0.64879000186920177 1.0000000180025095e-35 215404.50000000003 12.12784616757034 12.167882600718103 77.000000000000014 2.5000000000000004 0.17269736842105265 0.60728415846824657 43.500000000000007 0.19901315789473686 56.000000000000007 0.22064777327935226 54.000000000000007 1.0000000180025095e-35
decision_type=2 2 2 2 2 2 2 2 2 2 2 2 2 2 2 2 2 2 2 2 2 2 2 2 2 2 2 2 2 2
left_child=-1 2 8 7 -5 10 -7 -3 -2 -10 13 12 -12 17 15 16 -15 18 -6 -20 -19 -11 23 -23 -25 26 -24 -27 -29 -26
right_child=1 3 -4 4 5 6 -8 -9 9 21 11 -13 -14 14 -16 -17 -18 20 19 -21 -22 22 25 24 29 27 -28 28 -30 -31
leaf_value=-0.10863613204557415 -0.054510895127854203 -0.017668285591777785 -0.16699982514313613 -0.13724345949646158 -0.0075287180223677355 0.18443726404015268 -0.0077076716158282453 -0.21552639073108737 0.15733691384265949 -0.10562793624353597 -0.082372962024943958 -0.11777407690202546 0.10476686846252695 -0.22288123200649979 -0.21180746492488953 -0.0027356602540016526 0.00021040061332471246 0.011476898635780355 -0.26310965720884399 -0.036658286852132377 0.16005514130663517 0.15079877313789447 0.26851875633551187 -0.0096771166443464385 -0.04742665379794675 -0.13625041473525132 0.047629305895923985 -0.029633363363098259 0.03434704025074261 -0.27008287641737194
leaf_weight=31 83 23 21 26 278 37 42 24 23 25 24 24 107 38 28 171 44 490 22 28 20 31 27 95 20 31 61 178 847 26
leaf_count=31 83 23 21 26 278 37 42 24 23 25 24 24 107 38 28 171 44 490 22 28 20 31 27 95 20 31 61 178 847 26
internal_value=0.00128449 0.00246738 0.0125632 -0.00792247 -0.00412292 -0.00155115 0.0823404 -0.119051 0.015184 0.0194323 -0.0067632 0.0411798 0.0704069 -0.0134117 -0.0530322 -0.0353638 -0.103258 -0.000115286 -0.0272739 -0.136723 0.0173435 0.0170518 0.019394 -0.0246246 -0.0633078 0.0260181 0.115687 0.0185307 0.0232296 -0.173697
internal_weight=2925 2894 1468 1426 1379 1353 79 47 1447 1364 1274 155 131 1119 281 253 82 838 328 50 510 1341 1316 172 141 1144 88 1056 1025 46
internal_count=2925 2894 1468 1426 1379 1353 79 47 1447 1364 1274 155 131 1119 281 253 82 838 328 50 510 1341 1316 172 141 1144 88 1056 1025 46
is_linear=0
shrinkage=0.05


Tree=97
num_leaves=31
num_cat=0
split_feature=27 7 29 5 15 14 8 2 2 5 27 27 2 2 2 31 5 5 14 2 31 2 18 14 7 2 14 15 2 31
split_gain=137.157 116.475 483.766 249.824 711.931 264.523 184.978 229.32 501.746 220.126 191.243 228.986 186.49 225.21 187.558 226.881 310.22 313.523 213.635 206.277 443.616 177.277 215.154 161.96 155.558 150.163 144.583 334.889 190.475 143.722
threshold=29.000000000000004 515.00000000000011 1.0000000180025095e-35 0.24038461538461542 11.850220483229926 0.15371538461538464 413.50000000000006 0.64362648129463207 0.63353851437568676 0.15587044534412958 69.500000000000014 67.500000000000014 0.66508311033248912 0.66902843117713939 0.65110391378402721 32.500000000000007 0.48684210526315791 0.53238866396761142 -1.0000000180025095e-35 0.64410844445228588 54.500000000000007 0.64091029763221752 123791.50000000001 -1.0000000180025095e-35 4363.5000000000009 0.61689087748527538 0.33653846153846162 11.767273419015561 0.64725190401077282 40.500000000000007
decision_type=2 2 2 2 2 2 2 2 2 2 2 2 2 2 2 2 2 2 2 2 2 2 2 2 2 2 2 2 2 2
left_child=-1 2 -2 4 -4 -6 7 8 9 -3 11 23 14 -14 19 -16 18 -18 -17 21 26 -8 -23 -9 -15 -11 27 28 -21 -12
right_child=1 6 3 -5 5 -7 12 10 -10 25 29 -13 13 24 15 16 17 -19 -20 20 -22 22 -24 -25 -26 -27 -28 -29 -30 -31
leaf_value=-0.10322179043024685 0.076945832193222333 -0.099372449987546893 -0.40369141186936208 0.0064683332703887849 0.083832821724426687 -0.16676746469277604 -0.0024365471724929482 -0.10817148772772081 0.2796550754656571 0.00077667827964571787 0.02443505213961733 -0.13173718978613214 0.13122917123410616 -0.09175427897074788 0.007954982233544192 -0.11632603286807215 -0.29820680336758659 -0.077426592897893193 0.104421013173226 -0.13365066135980161 0.23584634536525961 0.017091388535175927 -0.19311296586840798 0.043726312651897581 0.031264521393819543 0.14699413265051595 -0.10836886551916897 0.16535948684208346 0.055554789827098709 0.17483590610047101
leaf_weight=31 55 22 21 31 20 22 1726 22 28 32 47 37 52 29 89 20 27 40 24 26 28 22 27 85 219 39 20 33 27 24
leaf_count=31 55 22 21 31 20 22 1726 22 28 32 47 37 52 29 89 20 27 40 24 26 28 22 27 85 219 39 20 33 27 24
internal_value=0.0012173 0.00234129 -0.0406944 -0.109588 -0.166694 -0.0473996 0.00468051 0.039429 0.0944639 0.0384132 0.0084031 -0.0246838 -0.000165468 0.0367113 -0.00541495 -0.0514694 -0.0991253 -0.166784 0.00393182 -0.000584907 0.0592075 -0.00510471 -0.0987911 0.0123765 0.0168279 0.0812574 0.0123227 0.0405418 -0.0372457 0.0755195
internal_weight=2925 2894 149 94 63 42 2745 336 121 93 215 144 2409 300 2109 200 111 67 44 1909 134 1775 49 107 248 71 106 86 53 71
internal_count=2925 2894 149 94 63 42 2745 336 121 93 215 144 2409 300 2109 200 111 67 44 1909 134 1775 49 107 248 71 106 86 53 71
is_linear=0
shrinkage=0.05


Tree=98
num_leaves=31
num_cat=0
split_feature=18 8 14 7 7 5 8 31 5 7 2 2 2 5 8 18 2 20 2 2 31 7 7 2 7 35 6 31 8 31
split_gain=103.374 245.528 212.438 257.831 197.578 157.853 147.044 316.866 313.693 266.968 259.358 242.154 234.779 228.106 194.531 292.827 188.563 186.192 154.986 152.487 151.6 219.343 189.101 142.972 136.32 135.134 134.592 142.878 136.081 148.805
threshold=120150.00000000001 1999.5000000000002 -0.035230769230769225 14962.000000000002 8254.0000000000018 0.057565789473684216 928.50000000000011 43.500000000000007 0.091093117408906896 3930.0000000000005 0.61438539624214183 0.66624072194099437 0.65818580985069286 0.44951923076923084 1252.5000000000002 108269.50000000001 0.71547985076904308 1.0000000180025095e-35 0.66088238358497631 0.64561811089515697 38.500000000000007 739.50000000000011 815.50000000000011 0.6777569353580476 4853.0000000000009 9.5000000000000018 0.091093117408906896 60.500000000000007 1824.5000000000002 36.500000000000007
decision_type=2 2 2 2 2 2 2 2 2 2 2 2 2 2 2 2 2 2 2 2 2 2 2 2 2 2 2 2 2 2
left_child=1 6 4 5 -2 -4 7 10 -9 11 13 -10 24 17 18 -16 -13 -1 19 -8 21 -12 -23 -20 -11 26 27 28 29 -7
right_child=2 -3 3 -5 -6 25 14 8 9 12 20 16 -14 -15 15 -17 -18 -19 23 -21 -22 22 -24 -25 -26 -27 -28 -29 -30 -31
leaf_value=0.020260210113380764 0.0061250409213316377 -0.15888760297501825 -0.12942263859848696 0.1608126271725733 -0.20078920866070638 -0.027154150294984428 0.051937009657179012 -0.20628981214167888 0.12285396065356463 0.028557454607113689 -0.12249573041479307 -0.15046107520424359 -0.22283141101706083 -0.15407193075038997 -0.040305881724508719 0.13902840649509782 0.048829393127307677 -0.12665158189347878 0.17830631560922519 -0.047324298550178633 0.10334890007247695 0.16606932825969098 0.026144117074163 0.032133874562287244 -0.07972062510754542 0.090162475427762304 0.059505211134652451 -0.079519429434952119 0.11268439700593164 0.0089043156418897127
leaf_weight=124 20 21 26 23 27 597 271 27 45 44 23 21 21 31 142 27 27 26 42 45 78 26 327 28 85 36 70 73 23 549
leaf_count=124 20 21 26 23 27 597 271 27 45 44 23 21 21 31 142 27 27 26 42 45 78 26 327 28 85 36 70 73 23 549
internal_value=0.00115584 0.0104385 -0.00836126 -0.00483589 -0.112808 -0.0076239 0.0128881 0.000455552 -0.0449011 -0.0268709 0.0197529 0.0396269 -0.0681318 -0.030828 0.0331484 -0.01156 -0.0383878 -0.0052386 0.0527336 0.0377754 0.0399318 0.0267389 0.0365085 0.120038 -0.0427563 -0.00526153 -0.00789035 -0.0116973 -0.00745135 -0.00987644
internal_weight=2925 1481 1444 1397 47 1374 1460 905 270 243 635 93 150 181 555 169 48 150 386 316 454 376 353 70 129 1348 1312 1242 1169 1146
internal_count=2925 1481 1444 1397 47 1374 1460 905 270 243 635 93 150 181 555 169 48 150 386 316 454 376 353 70 129 1348 1312 1242 1169 1146
is_linear=0
shrinkage=0.05


Tree=99
num_leaves=31
num_cat=0
split_feature=27 7 29 2 2 8 2 2 27 27 27 2 30 5 2 35 14 2 5 29 15 2 18 15 14 35 2 2 2 33
split_gain=122.657 99.6833 434.609 217.802 405.699 160.616 211.355 426.597 227.613 171.911 245.87 155.521 202.473 213.859 172.832 234.359 201.659 196.662 266.497 213.27 199.689 158.173 192.283 156.854 140.751 126.973 135.915 120.186 100.798 126.326
threshold=29.000000000000004 515.00000000000011 1.0000000180025095e-35 0.64910921454429638 0.66928958892822277 413.50000000000006 0.64537152647972118 0.63454651832580578 54.000000000000007 69.500000000000014 67.500000000000014 0.66508311033248912 1.5000000000000002 0.59716599190283415 0.65016961097717296 7.5000000000000009 0.18096153846153848 0.64410844445228588 0.55048076923076927 4.5000000000000009 11.767273419015561 0.64091029763221752 123791.50000000001 11.98074305876939 -1.0000000180025095e-35 5.5000000000000009 0.66670203208923351 0.64091029763221752 0.66902843117713939 1.0000000180025095e-35
decision_type=2 2 2 2 2 2 2 2 2 2 2 2 2 2 2 2 2 2 2 2 2 2 2 2 2 2 2 2 2 2
left_child=-1 2 27 -4 -5 6 7 8 -3 10 24 14 13 28 17 16 23 21 19 20 -19 -7 -23 -16 -8 26 -11 -2 -13 -30
right_child=1 5 3 4 -6 11 9 -9 -10 25 -12 12 -14 -15 15 -17 -18 18 -20 -21 -22 22 -24 -25 -26 -27 -28 -29 29 -31
leaf_value=-0.097666641561931347 0.15169230096641628 -0.075250710340157095 -0.22918009299681008 0.062441913004529441 -0.17968426346778871 -0.0020715609034327514 -0.10149705873895015 0.29309193204152639 0.090937838981220404 0.1043044152967168 -0.14532474803420353 0.10021598925545581 -0.079334181070226939 0.17890365414082793 -0.027582433473294005 -0.16619138231983893 -0.13510978927785175 0.0023782500639159022 0.2220013560277026 -0.075766219522072076 0.16902826855487171 0.016451550271716055 -0.18225549849032038 0.097226232275636912 0.040279523203510456 0.16256229658591798 -0.065384442207617161 0.0036032203341677424 -0.0099057706776841253 0.077918231346709083
leaf_weight=31 26 28 25 35 34 1726 22 21 77 24 33 45 35 28 105 35 33 41 21 34 32 22 27 33 84 24 23 29 133 59
leaf_count=31 26 28 25 35 34 1726 22 21 77 24 33 45 35 28 105 35 33 41 21 34 32 22 27 33 84 24 23 29 133 59
internal_value=0.00109755 0.00216056 -0.037652 -0.102954 -0.0568817 0.00432473 0.0367042 0.0878747 0.0465439 0.00595088 -0.0263539 -0.000190725 0.0334849 0.0484287 -0.00498473 -0.0484773 -0.0242715 -0.000271721 0.0595562 0.0274503 0.07563 -0.004592 -0.0930865 0.0022757 0.0107391 0.0692139 0.0211965 0.073848 0.0329239 0.0170823
internal_weight=2925 2894 149 94 69 2745 336 126 105 210 139 2409 300 265 2109 206 171 1903 128 107 73 1775 49 138 106 71 47 55 237 192
internal_count=2925 2894 149 94 69 2745 336 126 105 210 139 2409 300 265 2109 206 171 1903 128 107 73 1775 49 138 106 71 47 55 237 192
is_linear=0
shrinkage=0.05


Tree=100
num_leaves=31
num_cat=0
split_feature=7 35 16 7 2 2 27 2 16 6 6 31 29 27 6 16 16 16 31 6 2 7 31 35 1 35 27 7 29 27
split_gain=138.978 326.848 329.221 317.173 180.315 175.485 167.08 156.076 136.473 118.354 317.638 276.599 295.393 348.437 735.229 492.781 326.448 552.569 377.603 378.485 253.424 229.086 196.501 470.341 365.781 247.472 633.832 303.508 268.243 241.837
threshold=10014.500000000002 8.5000000000000018 172983.50000000003 13923.000000000002 0.66068890690803539 0.60728415846824657 30.500000000000004 0.58118742704391491 199840.00000000003 0.069711538461538478 0.057565789473684216 69.500000000000014 4.5000000000000009 64.000000000000014 1.0000000180025095e-35 218650.00000000003 241700.00000000003 275092.50000000006 48.500000000000007 1.0000000180025095e-35 0.61528077721595775 6789.5000000000009 25.500000000000004 3.5000000000000004 1.0000000180025095e-35 5.5000000000000009 50.500000000000007 5618.5000000000009 3.5000000000000004 56.000000000000007
decision_type=2 2 2 2 2 2 2 2 2 2 2 2 2 2 2 2 2 2 2 2 2 2 2 2 2 2 2 2 2 2
left_child=6 2 4 -4 5 -2 -1 8 -8 10 11 12 13 14 22 -16 18 -18 19 -14 21 -15 23 24 -9 26 -24 -28 -29 -26
right_child=1 -3 3 -5 -6 -7 7 9 -10 -11 -12 -13 16 20 15 -17 17 -19 -20 -21 -22 -23 25 -25 29 -27 27 28 -30 -31
leaf_value=-0.062483088291044701 -0.15405968297915212 -0.19552286012146305 -0.0049407816922908115 0.15068865411559543 -0.16657719865949761 -0.0059630251460374454 0.17604910008594454 -0.067867643067137037 0.01382051165253474 -0.019813773298971053 0.047506811608792832 0.17874239327218297 -0.089646771320803564 0.18655752085309674 -0.27800143159509 -0.0028433808190851191 0.24597205567548719 -0.068269624085876876 -0.26743236224489858 0.13341050866772147 0.018614663488511245 0.046225913401204882 0.0093891396837378453 0.25092654245872187 -0.0055317011194566069 0.024935646411923418 -0.2247012778908431 0.010543571633933125 -0.18845768733658036 0.19069915419100317
leaf_weight=91 26 27 178 40 38 86 25 66 27 410 433 21 136 51 41 27 22 38 25 22 264 68 244 25 29 286 50 45 27 34
leaf_count=91 26 27 178 40 38 86 25 66 27 410 433 21 136 51 41 27 22 38 25 22 264 68 244 25 29 286 50 45 27 34
internal_value=-0.000358311 -0.027922 -0.0155618 0.0236482 -0.0725581 -0.040494 0.00398353 0.00649159 0.0920992 0.00460258 0.00972908 -0.00102466 -0.00355648 0.0061969 -0.0112254 -0.168986 -0.0540115 0.0470867 -0.0871934 -0.0584918 0.0459598 0.106516 0.00209754 0.0528817 0.0142976 -0.0098961 -0.0371274 -0.130133 -0.0641704 0.100426
internal_weight=2902 395 368 218 150 112 2507 2416 52 2364 1954 1521 1500 1257 874 68 243 60 183 158 383 119 806 154 129 652 366 122 72 63
internal_count=2902 395 368 218 150 112 2507 2416 52 2364 1954 1521 1500 1257 874 68 243 60 183 158 383 119 806 154 129 652 366 122 72 63
is_linear=0
shrinkage=0.05


Tree=101
num_leaves=31
num_cat=0
split_feature=8 31 8 16 24 8 15 31 2 31 29 5 16 2 2 29 2 8 5 2 2 5 7 30 31 7 8 8 2 31
split_gain=150.829 434.857 239.086 246.694 148.406 192.023 139.809 135.284 510.339 185.332 133.84 212.051 272.815 179.589 168.23 184.486 280.689 149.915 143.972 336.436 140.059 136.516 200.754 162.079 135.706 127.516 269.914 269.664 189.884 635.344
threshold=1556.0000000000002 65.500000000000014 1675.5000000000002 131320.00000000003 1.0000000180025095e-35 1086.0000000000002 11.852523202651957 67.500000000000014 0.62770020961761486 81.000000000000014 6.5000000000000009 0.55048076923076927 137986.00000000003 0.61949598789215099 0.58981001377105724 3.5000000000000004 0.58632463216781627 1089.5000000000002 0.51315789473684215 0.64306223392486583 0.64362648129463207 0.48684210526315791 6346.5000000000009 1.0000000180025095e-35 28.500000000000004 3744.0000000000005 600.00000000000011 283.50000000000006 0.63610014319419872 30.500000000000004
decision_type=2 2 2 2 2 2 2 2 2 2 2 2 2 2 2 2 2 2 2 2 2 2 2 2 2 2 2 2 2 2
left_child=4 2 6 -4 7 -6 -2 10 -9 -10 11 14 17 -12 15 -1 -17 20 21 -20 -13 25 23 -23 -15 27 -27 28 29 -16
right_child=1 -3 3 -5 5 -7 -8 8 9 -11 13 12 -14 24 18 16 -18 -19 19 -21 -22 22 -24 -25 -26 26 -28 -29 -30 -31
leaf_value=0.016407841734353994 -0.019737341795966833 -0.2520141089663786 -0.13574121601842529 0.056846656771686856 -0.051314344335467492 0.035097591270800643 -0.18728248270021544 0.22628888763092761 0.065297594688475347 -0.12134250671927499 -0.18384356286853412 -0.064776367785164671 0.088072216146359406 -0.12018960023400793 0.23855690775720639 0.029330479122989962 0.27457436376543187 -0.10779320434507599 0.019762351668149328 -0.23888142377279384 0.10213582595599068 -0.11597929418681073 0.077045831565370648 0.060044885507393703 0.038965424297010512 -0.093201200829281086 -0.0069076986493699713 0.073587078821294116 -0.027102788224295227 -0.043176047920304189
leaf_weight=123 24 22 20 96 245 87 26 32 27 26 21 22 164 20 31 28 20 32 31 21 29 30 121 23 40 100 959 143 283 56
leaf_count=123 24 22 20 96 245 87 26 32 27 26 21 22 164 20 31 28 20 32 31 21 29 30 121 23 40 100 959 143 283 56
internal_value=-0.000340598 -0.04364 -0.015859 0.0235105 0.00265843 -0.0286514 -0.107161 0.00702548 0.0689354 -0.0262236 0.00472944 0.00704002 0.0507005 -0.0583526 0.00155822 0.0489359 0.131978 -0.0230995 -0.00294735 -0.084852 0.0300508 -0.000500457 0.0415067 -0.0395281 -0.0141148 -0.00515563 -0.015069 0.0152981 -0.00723009 0.0573128
internal_weight=2902 188 166 116 2714 332 50 2382 85 53 2297 2216 247 81 1969 171 48 83 1798 52 51 1746 174 53 60 1572 1059 513 370 87
internal_count=2902 188 166 116 2714 332 50 2382 85 53 2297 2216 247 81 1969 171 48 83 1798 52 51 1746 174 53 60 1572 1059 513 370 87
is_linear=0
shrinkage=0.05


Tree=102
num_leaves=31
num_cat=0
split_feature=7 35 16 7 2 5 5 27 2 5 7 2 2 35 34 31 35 20 16 16 31 18 5 16 31 2 34 7 27 31
split_gain=119.233 265.862 283.718 279.608 152.327 196.077 148.577 148.184 138.334 136.825 123.422 113.974 107.134 116.696 233.908 110.352 142.391 182.572 143.665 279.024 510.103 324.227 368.136 300.242 257.309 247.383 247.283 225.227 215.114 208.475
threshold=10014.500000000002 8.5000000000000018 172983.50000000003 13923.000000000002 0.66068890690803539 0.31414473684210531 0.59716599190283415 30.500000000000004 0.58118742704391491 0.37171052631578955 11131.500000000002 0.60627824068069469 0.58321022987365734 9.5000000000000018 1.0000000180025095e-35 15.500000000000002 2.5000000000000004 1.0000000180025095e-35 175500.00000000003 137986.00000000003 38.500000000000007 72175.000000000015 0.24038461538461542 120375.00000000001 26.500000000000004 0.60382923483848583 1.0000000180025095e-35 2899.5000000000005 57.500000000000007 52.500000000000007
decision_type=2 2 2 2 2 2 2 2 2 2 2 2 2 2 2 2 2 2 2 2 2 2 2 2 2 2 2 2 2 2
left_child=7 2 4 6 5 -2 10 -1 9 -9 11 -4 -10 15 -15 -14 17 -17 19 21 27 -18 -23 -24 25 28 -26 -21 -20 -22
right_child=1 -3 3 -5 -6 -7 -8 8 12 -11 -12 -13 13 14 -16 16 18 -19 24 20 29 22 23 -25 26 -27 -28 -29 -30 -31
leaf_value=-0.058897970890182644 -0.17547763247060552 -0.17701557675493382 -0.030690235664328394 0.14097372192768684 -0.15403721765798378 -0.0062341383174797848 0.10503351567348758 0.18108780478460218 -0.10059121150940781 0.016866218647687541 0.016944338112316406 -0.17038484597799339 0.071194477169013073 -0.025813235793996626 0.13928268874253988 0.011715862532126954 0.010885333615798021 -0.1849739463685395 0.0082767723931520456 -0.091164930950024897 0.10260366392870955 -0.25860581884307482 0.089462442902907779 -0.14845195254125443 -0.055208484059762752 0.0043894479313688747 0.00031293071960376145 0.038909267845416054 0.21315926497076215 0.27453624572234131
leaf_weight=91 21 27 48 40 38 91 26 22 24 30 83 21 58 40 46 24 786 23 21 50 111 24 28 25 335 117 499 99 33 21
leaf_count=91 21 27 48 40 38 91 26 22 24 30 83 21 58 40 46 24 786 23 21 50 111 24 28 25 335 117 499 99 33 21
internal_value=-0.000324201 -0.0258549 -0.0147057 0.0216927 -0.0676171 -0.0381401 -0.00514807 0.00369726 0.00605936 0.0866548 -0.0240845 -0.0734634 0.00428083 0.00536283 0.062495 0.00317809 0.00137623 -0.0846188 0.00326317 0.0153814 0.0586465 0.00128295 -0.0965584 -0.0227354 -0.0105263 0.0453198 -0.0219868 -0.00473813 0.133738 0.130182
internal_weight=2902 395 368 218 150 112 178 2507 2416 52 152 69 2364 2340 86 2254 2196 47 2149 1144 281 863 77 53 1005 171 834 149 54 132
internal_count=2902 395 368 218 150 112 178 2507 2416 52 152 69 2364 2340 86 2254 2196 47 2149 1144 281 863 77 53 1005 171 834 149 54 132
is_linear=0
shrinkage=0.05


Tree=103
num_leaves=31
num_cat=0
split_feature=8 18 15 2 24 8 8 29 2 7 30 5 2 5 7 7 30 7 5 2 29 13 5 35 2 2 2 2 29 2
split_gain=128.794 364.388 195.444 158.723 127.302 171.843 115.641 129.153 265.889 124.606 103.325 99.1988 408.719 135.613 140.911 123.432 234.902 217.313 193.912 132.26 146.929 113.431 131.065 110.101 155.815 106.33 111.156 90.8142 198.319 245.174
threshold=1556.0000000000002 159781.50000000003 11.98074305876939 0.66068890690803539 1.0000000180025095e-35 1086.0000000000002 823.50000000000011 4.5000000000000009 0.67797401547431957 5941.5000000000009 1.5000000000000002 0.057565789473684216 0.63610014319419872 0.069711538461538478 539.00000000000011 804.00000000000011 1.5000000000000002 831.50000000000011 0.091093117408906896 0.63689053058624279 1.5000000000000002 1.0000000180025095e-35 0.24038461538461542 9.5000000000000018 0.62770020961761486 0.68854001164436351 0.69664514064788829 0.58981001377105724 3.5000000000000004 0.58632463216781627
decision_type=2 2 2 2 2 2 2 2 2 2 2 2 2 2 2 2 2 2 2 2 2 2 2 2 2 2 2 2 2 2
left_child=4 2 3 -2 11 6 -6 9 -9 -8 -7 12 -1 14 -13 16 18 -17 -15 -20 21 -21 -23 25 -25 27 -27 28 -19 -30
right_child=1 -3 -4 -5 5 10 7 8 -10 -11 -12 13 -14 15 -16 17 -18 23 19 20 -22 22 -24 24 -26 26 -28 -29 29 -31
leaf_value=0.04947821379047513 -0.0099763868708753409 -0.22187475636292298 0.060084026910864757 -0.13915582118282441 0.0036792939962861388 0.078442092425048696 -0.1508067647256463 -0.27326481849731993 -0.035956465274205505 -0.019498181028606058 -0.032493218239078407 0.1585741724398535 -0.22131182846947861 -0.19883943166009233 -0.00014458477811109973 0.15303978636803756 0.12776000796265863 0.0013385082745015573 0.086023037617479384 0.064307213216701853 -0.14225277857477933 -0.13109346996757676 0.016403731604747201 0.16635237607348469 0.0098969068650129072 0.16311652829861756 0.022759992976752897 0.00014859362316830163 0.037799756996072527 0.25506311142029453
leaf_weight=35 70 24 58 36 75 52 22 21 27 100 35 30 23 20 26 26 20 121 20 28 33 30 30 26 41 21 43 1752 37 20
leaf_count=35 70 24 58 36 75 52 22 21 27 100 35 30 23 20 26 26 20 121 20 28 33 30 30 26 41 21 43 1752 37 20
internal_value=-0.000308011 -0.0403199 -0.0136014 -0.0539856 0.00246317 -0.026535 -0.0479747 -0.0707813 -0.140235 -0.0433218 0.0337695 0.00650794 -0.0580141 0.00812279 0.0849253 0.00622057 -0.0333701 0.00965799 -0.0534842 -0.0327047 -0.0524252 -0.0185599 -0.0573571 0.00783943 0.0708429 0.00571651 0.0690751 0.00360944 0.0376262 0.114433
internal_weight=2902 188 164 106 2714 332 245 170 48 122 87 2382 58 2324 56 2268 181 2087 161 141 121 88 60 2061 67 1994 64 1930 178 57
internal_count=2902 188 164 106 2714 332 245 170 48 122 87 2382 58 2324 56 2268 181 2087 161 141 121 88 60 2061 67 1994 64 1930 178 57
is_linear=0
shrinkage=0.05


Tree=104
num_leaves=31
num_cat=0
split_feature=8 31 8 15 27 15 24 8 7 8 27 2 31 14 31 33 27 7 8 7 7 8 29 14 14 16 2 2 18 27
split_gain=116.296 364.866 182.212 202.573 165.994 118.311 114.966 155.139 111.816 104.431 196.381 301.475 103.091 204.229 180.635 601.247 288.16 191.833 190.781 287.762 224.696 169.55 163.249 186.713 133.869 137.23 135.089 193.353 204.146 116.296
threshold=1556.0000000000002 65.500000000000014 1675.5000000000002 11.566464479957903 77.000000000000014 11.852523202651957 1.0000000180025095e-35 1086.0000000000002 13923.000000000002 823.50000000000011 56.000000000000007 0.64744049310684215 36.500000000000007 -0.098769230769230762 33.500000000000007 1.0000000180025095e-35 61.500000000000007 7137.5000000000009 78.500000000000014 804.00000000000011 831.50000000000011 67.500000000000014 6.5000000000000009 0.99615384615384628 0.70000000000000007 215404.50000000003 0.61162680387496959 0.60786306858062755 120150.00000000001 56.000000000000007
decision_type=2 2 2 2 2 2 2 2 2 2 2 2 2 2 2 2 2 2 2 2 2 2 2 2 2 2 2 2 2 2
left_child=6 2 5 -4 8 -2 12 9 -5 -8 -11 -12 13 -1 18 17 -17 29 -15 -20 -21 -14 23 24 25 26 27 28 -22 -16
right_child=1 -3 3 4 -6 -7 7 -9 -10 10 11 -13 21 14 15 16 -18 -19 19 20 22 -23 -24 -25 -26 -27 -28 -29 -30 -31
leaf_value=0.092488000703521533 -0.012169452041341185 -0.22918212897907014 -0.10422565760128051 0.035641030426049117 -0.010536037071925183 -0.16627103194765663 0.0034955738347951337 0.032080765497944523 0.19468158645577641 -0.026437933320501802 -0.23476528149427175 -0.012282490554330975 -0.12746234555446093 0.11449919156199506 -0.024119107796291232 -0.086187111765011398 -0.34271427063920379 -0.067791341568304117 -0.15631690605534274 0.14541711414454084 0.020464419371157797 0.018963584751830461 -0.10331368567660222 0.15177507196641085 -0.097997318085102619 0.048845727308880538 0.0087414860583064843 -0.18392002905997057 -0.083892652763555176 0.099779580299158677
leaf_weight=52 24 22 25 20 46 26 75 87 25 108 35 27 20 35 32 22 22 64 30 26 109 1180 39 20 35 129 418 21 82 46
leaf_count=52 24 22 25 20 46 26 75 87 25 108 35 27 20 35 32 22 22 64 30 26 109 1180 39 20 35 129 418 21 82 46
internal_value=-0.000292305 -0.0383135 -0.0128648 0.0214997 0.056171 -0.092574 0.00234091 -0.0252162 0.124344 -0.0455877 -0.0672608 -0.138134 0.00618478 -0.0042925 -0.00875833 -0.0537804 -0.21505 -0.00365806 0.000112006 -0.00429895 0.000900878 0.0165086 -0.00351474 0.00127274 -0.00253059 0.00187744 -0.00773816 -0.0402434 -0.0243324 0.0489195
internal_weight=2902 188 166 116 91 50 2714 332 45 245 170 62 2382 1182 1130 186 44 142 944 909 879 1200 853 814 794 759 630 212 191 78
internal_count=2902 188 166 116 91 50 2714 332 45 245 170 62 2382 1182 1130 186 44 142 944 909 879 1200 853 814 794 759 630 212 191 78
is_linear=0
shrinkage=0.05


Tree=105
num_leaves=31
num_cat=0
split_feature=8 7 6 27 5 7 5 5 5 2 18 2 6 2 6 20 8 33 31 7 27 27 18 18 0 27 5 15 8 7
split_gain=344.13 171.811 344.086 142.794 197.028 251.961 140.429 253.282 265.705 334.143 179.493 175.51 284.236 195.287 225.969 199.552 153.767 273.374 194.98 149.874 296.881 273.947 262.83 211.765 254.17 219.25 207.827 256.412 201.126 203.391
threshold=65.500000000000014 515.00000000000011 0.069711538461538478 47.000000000000007 0.11513157894736843 567.00000000000011 0.25657894736842107 0.31009615384615391 0.28542510121457493 0.62617102265357982 273500.00000000006 0.65607500076293956 0.057565789473684216 0.6457839608192445 1.0000000180025095e-35 1.0000000180025095e-35 1999.5000000000002 1.0000000180025095e-35 86.500000000000014 8000.5000000000009 57.500000000000007 56.000000000000007 154700.00000000003 81750.000000000015 1.0000000180025095e-35 72.500000000000014 0.46761133603238875 12.267289859997497 1438.5000000000002 8860.0000000000018
decision_type=2 2 2 2 2 2 2 2 2 2 2 2 2 2 2 2 2 2 2 2 2 2 2 2 2 2 2 2 2 2
left_child=-1 2 -2 -3 5 -5 11 8 9 -8 16 13 -13 14 15 -6 18 -18 19 -9 21 22 -21 24 25 -22 28 -28 29 -25
right_child=1 3 -4 4 6 -7 7 10 -10 -11 -12 12 -14 -15 -16 -17 17 -19 -20 20 23 -23 -24 26 -26 -27 27 -29 -30 -31
leaf_value=0.19672480372639445 -0.0020097819096572089 -0.013516218392492597 -0.18189386778393124 0.032586959004402158 0.12330181344009455 -0.1853610247771299 0.13381787841672341 0.0048996841939560627 -0.13147665891566104 -0.12085100655964054 -0.1339933030640901 -0.17872715728792979 0.031819968281593995 0.18759386448369075 -0.062400727134992541 0.011715967071039361 -0.16745486503027604 0.05362069973886241 0.16060002784542277 -0.036933687378797812 0.23372854363522141 0.2753131301154918 0.16576271522954064 0.026009135322548199 -0.018300595568061885 0.052515734535508146 0.0054501289781026131 0.14998601809987483 0.035712874703053524 -0.15906047688094443
leaf_weight=23 94 718 37 25 94 28 29 908 63 23 20 20 79 30 36 70 30 26 24 30 33 22 34 21 39 34 178 37 40 50
leaf_count=23 94 718 37 25 94 28 29 908 63 23 20 20 79 30 36 70 30 26 24 30 33 22 34 21 39 34 178 37 40 50
internal_value=0.00450715 0.00295926 -0.0529549 0.00563521 0.0124352 -0.0825934 0.0149984 0.00901587 -0.0624999 0.0210641 0.0144123 0.0448114 -0.0108018 0.0687653 0.0508312 0.0757403 0.0163953 -0.0648109 0.0195392 0.0171505 0.0386103 0.123406 0.0707614 0.0216935 0.0830504 0.14206 0.00170837 0.0304052 -0.0538078 -0.104292
internal_weight=2895 2872 131 2741 2023 53 1970 1641 115 52 1526 329 99 230 200 164 1506 56 1450 1426 518 86 64 432 106 67 326 215 111 71
internal_count=2895 2872 131 2741 2023 53 1970 1641 115 52 1526 329 99 230 200 164 1506 56 1450 1426 518 86 64 432 106 67 326 215 111 71
is_linear=0
shrinkage=0.05


Tree=106
num_leaves=31
num_cat=0
split_feature=35 31 2 2 7 6 5 18 27 27 27 5 7 2 7 27 35 29 7 15 6 29 27 2 18 31 7 31 16 29
split_gain=169.101 253.238 124.128 156.117 248.162 242.754 157.49 205.229 219.411 208.701 124.038 139.906 182.955 435.852 359.944 337.244 238.571 251.5 223.034 208.176 215.485 236.658 418.238 230.302 367.071 225.02 251.591 221.816 193.383 167.925
threshold=11.500000000000002 86.500000000000014 0.72120288014411937 0.69664514064788829 499.00000000000006 0.069711538461538478 0.11513157894736843 129500.00000000001 64.000000000000014 57.500000000000007 39.500000000000007 0.25657894736842107 6235.0000000000009 0.59037780761718761 5947.5000000000009 56.000000000000007 2.5000000000000004 3.5000000000000004 6346.5000000000009 12.279327646134496 1.0000000180025095e-35 3.5000000000000004 64.000000000000014 0.62609851360321056 120850.00000000001 34.500000000000007 4235.0000000000009 34.500000000000007 299150.00000000006 2.5000000000000004
decision_type=2 2 2 2 2 2 2 2 2 2 2 2 2 2 2 2 2 2 2 2 2 2 2 2 2 2 2 2 2 2
left_child=1 2 3 4 -1 -5 7 9 -9 -6 -8 -12 13 -13 19 -16 17 -14 -18 20 23 27 -23 -15 -25 -24 -27 -22 -20 -29
right_child=-2 -3 -4 5 6 -7 10 8 -10 -11 11 12 16 14 15 -17 18 -19 28 -21 21 22 25 24 -26 26 -28 29 -30 -31
leaf_value=0.14115517862433755 -0.11360326249932134 0.16692428438000662 0.11485603379300867 0.027461460861991929 -0.030701803597634515 -0.15615252576709734 -0.024374650406984999 -0.053271678154742645 0.13288169808964018 -0.20939647914018741 0.035666856071834382 0.14763628161459599 0.017705529399248431 -0.023640417427785936 -0.0094195132783803891 -0.27666328165171555 0.17676665197670191 -0.21823250308835129 0.0240567740195975 0.10044355341511915 0.01366115132584881 0.19313219575121193 0.06842712131873728 -0.067682621161886711 -0.31713082747376381 0.012370772596747653 -0.17740134522583986 -0.022195112368100373 -0.037410758674644516 -0.20308443744849547
leaf_weight=33 30 24 25 34 36 38 294 46 24 30 434 37 23 127 21 27 22 22 1028 35 57 35 64 56 20 46 28 22 146 31
leaf_count=33 30 24 25 34 36 38 294 46 24 30 434 37 23 127 21 27 22 22 1028 35 57 35 64 56 20 46 28 22 146 31
internal_value=0.00428298 0.00552306 0.004152 0.00316336 0.00507318 -0.0694587 0.00340972 -0.0490047 0.0105795 -0.112196 0.00618175 0.0101233 0.00411685 -0.018397 -0.0292264 -0.160111 0.0151153 -0.0977592 0.0193743 -0.0171299 -0.0256264 0.00255757 0.0390262 -0.0649238 -0.133723 -0.000134009 -0.0595099 -0.0547356 0.0164058 -0.128276
internal_weight=2895 2865 2841 2816 2744 72 2711 136 70 66 2575 2281 1847 606 569 48 1241 45 1196 521 486 283 173 203 76 138 74 110 1174 53
internal_count=2895 2865 2841 2816 2744 72 2711 136 70 66 2575 2281 1847 606 569 48 1241 45 1196 521 486 283 173 203 76 138 74 110 1174 53
is_linear=0
shrinkage=0.05


Tree=107
num_leaves=31
num_cat=0
split_feature=8 35 31 5 18 8 5 8 5 5 27 14 16 14 16 33 5 14 6 31 14 31 31 33 15 16 16 14 14 5
split_gain=289.353 148.826 232.944 147.584 269.485 451.593 311.502 143.152 151.215 136.362 148.217 151.674 155.566 185.557 260.313 203.852 191.472 168.107 328.744 276.807 227.649 169.904 471.277 272.042 170.153 373.999 265.841 163.433 176.93 147.55
threshold=65.500000000000014 11.500000000000002 86.500000000000014 0.11513157894736843 107750.00000000001 78.500000000000014 0.069711538461538478 68.500000000000014 0.25657894736842107 0.31009615384615391 47.000000000000007 1.0846153846153848 237671.00000000003 0.40500000000000008 256250.00000000003 1.0000000180025095e-35 0.40283400809716602 -0.059288461538461533 0.057565789473684216 30.500000000000004 -0.031769230769230765 33.500000000000007 34.500000000000007 1.0000000180025095e-35 12.120625624008893 213225.00000000003 220050.00000000003 0.19000000000000003 0.3061692307692308 0.28542510121457493
decision_type=2 2 2 2 2 2 2 2 2 2 2 2 2 2 2 2 2 2 2 2 2 2 2 2 2 2 2 2 2 2
left_child=-1 2 3 4 6 -6 -2 -5 -9 29 -11 12 17 14 -14 16 -16 18 19 -12 -19 23 -23 27 -24 -26 -27 -22 -29 -10
right_child=1 -3 -4 7 5 -7 -8 8 9 10 11 -13 13 -15 15 -17 -18 20 -20 -21 21 22 24 -25 25 26 -28 28 -30 -31
leaf_value=0.18032477414195158 -0.040831322891354521 -0.10794197554109104 0.15861269725308874 -0.10511047253801241 0.11729841698082306 -0.12071086881507156 -0.26972370503139703 0.030014961192548824 0.0011942356399384146 -0.021520934397445284 0.025567518348635479 -0.12487058236231258 0.25528066196053273 0.017111860006548275 0.23156514932860192 -0.076345674048608814 0.031778244359072207 -0.14226731577587293 -0.0012034090491563382 0.18509698534474017 -0.028162334273927926 -0.20200033129342013 0.0098282567940692137 0.083466087112673559 -0.25654942277652115 0.057260306021886434 -0.12216465430084798 0.12225793632520299 -0.0382322273326514 -0.093167931991945327
leaf_weight=23 42 30 24 29 46 35 23 539 88 438 53 20 22 167 20 20 30 29 190 56 197 33 356 130 20 50 35 44 28 78
leaf_count=23 42 30 24 29 46 35 23 539 88 438 53 20 22 167 20 20 30 29 190 56 197 33 356 130 20 50 35 44 28 78
internal_value=0.00406768 0.00264818 0.00382108 0.00249541 -0.0464347 0.0143712 -0.122191 0.0051725 0.00638839 0.000332246 0.00406082 0.011535 0.01339 0.0485817 0.105572 0.0581517 0.112096 0.00591759 0.0384915 0.107668 -0.00464357 -0.00015324 -0.0197576 0.0241052 -0.00666025 -0.0625679 -0.0166185 -0.00458397 0.0598093 -0.0431439
internal_weight=2895 2872 2842 2818 146 81 65 2672 2643 2104 1938 1500 1480 259 92 70 50 1221 299 109 922 893 494 399 461 105 85 269 72 166
internal_count=2895 2872 2842 2818 146 81 65 2672 2643 2104 1938 1500 1480 259 92 70 50 1221 299 109 922 893 494 399 461 105 85 269 72 166
is_linear=0
shrinkage=0.05


Tree=108
num_leaves=31
num_cat=0
split_feature=8 7 6 27 5 7 7 8 31 35 8 27 31 8 16 5 8 8 24 14 15 31 18 30 5 31 30 7 8 14
split_gain=261.264 150.23 291.244 116.498 149.945 201.927 119.101 143.256 116.375 238.824 116.416 324.574 156.01 157.698 117.21 159.446 157.937 335.132 192.207 279.066 180.591 228.002 212.454 237.159 150.149 200.37 148.369 142.613 596.208 361.19
threshold=65.500000000000014 515.00000000000011 0.069711538461538478 47.000000000000007 0.11513157894736843 567.00000000000011 2463.5000000000005 112.00000000000001 15.500000000000002 2.5000000000000004 2035.0000000000002 77.000000000000014 68.500000000000014 693.00000000000011 300750.00000000006 0.31414473684210531 1103.0000000000002 1077.0000000000002 1.0000000180025095e-35 -1.0000000180025095e-35 12.213301423816644 57.500000000000007 122292.50000000001 1.0000000180025095e-35 0.51315789473684215 41.500000000000007 1.0000000180025095e-35 6273.5000000000009 804.50000000000011 0.11923076923076925
decision_type=2 2 2 2 2 2 2 2 2 2 2 2 2 2 2 2 2 2 2 2 2 2 2 2 2 2 2 2 2 2
left_child=-1 2 -2 6 5 -5 7 -3 -6 -10 12 -12 14 -14 16 -16 17 18 27 -20 21 22 24 -24 -18 -26 -22 28 -11 -30
right_child=1 3 -4 4 8 -7 -8 -9 9 10 11 -13 13 -15 15 -17 20 -19 19 -21 26 -23 23 -25 25 -27 -28 -29 29 -31
leaf_value=0.17134756825832065 -0.0028938928134066397 -0.025839557712008843 -0.16839667069462111 0.031350116259548297 0.08714476593282082 -0.16374483433058254 -0.017860965615441534 0.14316798603604639 -0.119738150980116 0.016898872460450083 0.038744847666808746 -0.21743646129150296 0.0053662820164890809 0.15230717755799747 -0.15757733777637395 -0.0065588496864621626 0.11449490570315841 -0.19570450549991569 -0.0033281596102746388 -0.17615580413943141 0.17464352371856889 -0.073916093255209273 -0.057430243362570646 0.067928809285508929 -0.055821583530491575 0.12932065139733315 0.027335146249390346 0.041652636868793516 -0.039837769015484865 -0.30015439603833244
leaf_weight=23 94 24 37 25 52 28 668 26 34 639 32 20 33 41 22 84 113 20 86 32 42 48 83 69 37 24 29 376 30 24
leaf_count=23 94 24 37 25 52 28 668 26 34 639 32 20 33 41 22 84 113 20 86 32 42 48 83 69 37 24 29 376 30 24
internal_value=0.0038637 0.00251477 -0.0497699 0.00501715 0.0111593 -0.071739 -0.012281 0.0620549 0.0133957 0.0113892 0.0137645 -0.0599187 0.0158618 0.0869426 0.0128621 -0.0380684 0.0161352 0.00674175 0.0101732 -0.0503485 0.0415952 0.0276827 0.0426754 -0.000483711 0.080385 0.0170319 0.114669 0.0168626 0.003401 -0.155967
internal_weight=2895 2872 131 2741 2023 53 718 50 1970 1918 1884 52 1832 74 1758 106 1652 1207 1187 118 445 374 326 152 174 61 71 1069 693 54
internal_count=2895 2872 131 2741 2023 53 718 50 1970 1918 1884 52 1832 74 1758 106 1652 1207 1187 118 445 374 326 152 174 61 71 1069 693 54
is_linear=0
shrinkage=0.05


Tree=109
num_leaves=31
num_cat=0
split_feature=8 7 15 15 5 18 5 5 5 2 10 8 8 2 2 14 30 16 7 2 14 35 14 14 14 5 29 2 2 30
split_gain=235.904 135.62 271.976 255.852 88.2368 186.96 173.66 130.869 157.313 215.244 155.459 165.288 146.445 126.419 220.761 360.51 210.104 267.205 161.249 156.012 239.418 155.885 149.579 215.877 172.527 159.815 132.777 225.359 141.283 122.108
threshold=65.500000000000014 515.00000000000011 11.834189593626231 11.918283894298842 0.11513157894736843 129500.00000000001 0.069711538461538478 0.25657894736842107 0.31009615384615391 0.60382923483848583 1.0000000180025095e-35 283.50000000000006 742.50000000000011 0.66508311033248912 0.65270385146141063 0.18096153846153848 1.0000000180025095e-35 197600.00000000003 7802.5000000000009 0.68051502108573925 -0.035230769230769225 10.500000000000002 -0.13846153846153844 0.18634615384615386 -0.16715769230769228 0.37171052631578955 5.5000000000000009 0.61689087748527538 0.62960797548294078 1.0000000180025095e-35
decision_type=2 2 2 2 2 2 2 2 2 2 2 2 2 2 2 2 2 2 2 2 2 2 2 2 2 2 2 2 2 2
left_child=-1 2 -2 -4 5 6 -3 10 9 -9 11 -6 -12 14 21 16 17 -16 -18 -15 -21 22 24 26 25 -10 -24 -28 -29 -13
right_child=1 4 3 -5 7 -7 -8 8 13 -11 12 29 -14 19 15 -17 18 -19 -20 20 -22 -23 23 -25 -26 -27 27 28 -30 -31
leaf_value=0.16281727529191353 -0.15775875189077215 -0.03408110988259018 0.13967134607530729 -0.049888530771812864 -0.078899170704286078 0.046712791534125643 -0.21166875300249222 0.049947796624560087 0.14560419919803672 -0.080132403245471079 0.080000254773364185 0.046005557473832552 0.00072798704527117118 0.069420216918769637 -0.17650957842282644 -0.20177006056571656 0.11620219588025005 0.023430364577165561 -0.027374221393817406 -0.15873887420265598 0.024719482481316602 0.11327535236124907 -0.011373927658346735 0.019744432399029677 0.12954680566885032 0.0022859314985340324 -0.18497115667322442 0.064330965720673899 -0.067543853177254573 -0.045093850570613749
leaf_weight=23 39 40 24 68 52 37 21 43 22 121 186 138 85 156 36 33 35 31 44 21 113 33 548 557 44 163 31 28 73 50
leaf_count=23 39 40 24 68 52 37 21 43 22 121 186 138 85 156 36 33 35 31 44 21 113 33 548 557 44 163 31 28 73 50
internal_value=0.00366917 0.00238729 -0.0472898 -0.00028588 0.00476496 -0.0417922 -0.095546 0.00649466 0.00104475 -0.0459859 0.0292184 -6.86431e-05 0.0551641 0.00496865 -0.000297405 -0.0527661 -0.0189378 -0.0840285 0.0362389 0.035446 -0.0040911 0.0059678 0.00354131 -0.00332777 0.0406534 0.0194257 -0.0222341 -0.0672397 -0.0309076 0.0217393
internal_weight=2895 2872 131 92 2741 98 61 2643 2132 164 511 240 271 1968 1678 179 146 67 79 290 134 1499 1466 1237 229 185 680 132 101 188
internal_count=2895 2872 131 92 2741 98 61 2643 2132 164 511 240 271 1968 1678 179 146 67 79 290 134 1499 1466 1237 229 185 680 132 101 188
is_linear=0
shrinkage=0.05


Tree=110
num_leaves=31
num_cat=0
split_feature=31 18 31 14 2 14 7 16 15 32 5 7 14 24 6 14 5 7 6 3 31 31 15 2 2 8 29 8 7 16
split_gain=172.582 323.365 188.923 100.6 150.571 134.234 78.2663 410.549 89.1896 69.69 236.052 189.415 132.505 69.4787 167.057 137.603 142.42 291.073 110.012 98.5889 74.2741 119.523 115.707 104.124 367.027 131.301 113.863 113.308 213.993 132.919
threshold=76.500000000000014 113323.50000000001 68.500000000000014 0.90963076923076935 0.61558911204338085 1.0846153846153848 13891.500000000002 182600.00000000003 11.761158666418062 1.0000000180025095e-35 0.057565789473684216 539.00000000000011 0.083092307692307701 1.0000000180025095e-35 0.091093117408906896 -0.13846153846153844 0.37980769230769235 7384.0000000000009 1.0000000180025095e-35 1.0000000180025095e-35 56.500000000000007 54.500000000000007 12.349742825701975 0.68547844886779796 0.67910242080688488 69.500000000000014 1.5000000000000002 89.000000000000014 815.50000000000011 221500.00000000003
decision_type=2 2 2 2 2 2 2 2 2 2 2 2 2 2 2 2 2 2 2 2 2 2 2 2 2 2 2 2 2 2
left_child=2 -2 3 6 5 -5 9 8 -8 10 11 -1 -11 19 15 18 -17 -18 -15 20 21 23 -22 24 25 -12 -25 -27 -29 -30
right_child=1 -3 -4 4 -6 -7 7 -9 -10 12 13 -13 -14 14 -16 16 17 -19 -20 -21 22 -23 -24 26 -26 27 -28 28 29 -31
leaf_value=-0.21451735029301322 0.003519020211570573 -0.24694509548598559 0.10522933916172104 0.091142649897213643 0.16878696444319258 -0.065010917186737058 -0.12196161080809201 0.19038078592405289 0.017033571666454379 0.12705036906656084 0.084194656046347627 -0.010694876475639254 -0.019182578876738403 -0.032210298785363425 0.08374424963882289 -0.027660820334569954 -0.24072380842119934 -0.036500532367728891 0.072909580316405487 0.090153492508779146 -0.047263524702605419 0.08990499204860404 0.079098538216666792 -0.048814966720204023 -0.15013853845180197 -0.08032742683402079 0.060986143225969583 0.13039215000224688 -0.014117922236684531 0.018772835835025366
leaf_weight=25 33 21 39 26 20 29 22 29 24 27 41 21 36 92 29 77 31 40 34 27 182 34 20 30 44 50 109 29 1300 402
leaf_count=25 33 21 39 26 20 29 22 29 24 27 41 21 36 92 29 77 31 40 34 27 182 34 20 30 44 50 109 29 1300 402
internal_value=-0.00559027 -0.0940677 -0.00391999 -0.0054296 0.0516594 0.00874783 -0.00698739 0.0433454 -0.0494543 -0.00839938 -0.00965258 -0.121801 0.0435115 -0.00763942 -0.0301261 -0.0422225 -0.074901 -0.125952 -0.00376964 -0.00463184 -0.00578004 -0.0029115 -0.0346947 -0.00449234 -0.00760509 -0.00415221 0.0372341 -0.00619345 -0.00404468 -0.00634578
internal_weight=2923 54 2869 2830 75 55 2755 75 46 2680 2617 46 63 2571 303 274 148 71 126 2268 2241 2039 202 2005 1866 1822 139 1781 1731 1702
internal_count=2923 54 2869 2830 75 55 2755 75 46 2680 2617 46 63 2571 303 274 148 71 126 2268 2241 2039 202 2005 1866 1822 139 1781 1731 1702
is_linear=0
shrinkage=0.05


Tree=111
num_leaves=31
num_cat=0
split_feature=31 5 31 14 14 5 27 5 30 16 8 8 31 14 31 16 16 15 14 31 5 31 5 7 5 15 16 7 7 27
split_gain=155.821 304.947 170.546 90.8348 138.081 94.8763 73.8328 72.1063 298.517 357.346 218.389 217.151 88.8925 312.178 168.026 208.948 440.23 227.078 196.51 137.283 149.447 135.652 165.111 127.054 131.36 119.04 291.777 118.752 187.501 183.133
threshold=76.500000000000014 0.44951923076923084 68.500000000000014 0.90963076923076935 1.0846153846153848 0.31414473684210531 29.000000000000004 0.11513157894736843 1.0000000180025095e-35 159161.00000000003 70.500000000000014 81.500000000000014 36.500000000000007 0.71538461538461551 44.500000000000007 260870.00000000003 321050.00000000006 12.191090970656875 0.45384615384615395 33.500000000000007 0.51315789473684215 41.500000000000007 0.19901315789473686 13891.500000000002 0.13942307692307696 12.110607503874594 223125.00000000003 543.00000000000011 3744.0000000000005 67.500000000000014
decision_type=2 2 2 2 2 2 2 2 2 2 2 2 2 2 2 2 2 2 2 2 2 2 2 2 2 2 2 2 2 2
left_child=2 -2 3 6 -5 -6 -1 8 10 -10 -8 -12 13 19 15 17 -17 21 -19 -9 25 22 -14 24 -16 -21 -27 -26 29 -29
right_child=1 -3 -4 4 5 -7 7 12 9 -11 11 -13 14 -15 23 16 -18 18 -20 20 -22 -23 -24 -25 27 26 -28 28 -30 -31
leaf_value=-0.083254299880607341 0.0017396701505282058 -0.24377606792829526 0.099981328562530877 0.12974173898098937 0.062120177387159109 -0.084517880659815248 0.15117257953499239 -0.0018823137595901825 -0.2487745549789695 0.0015714032623600695 -0.10648415254654625 0.051388048653195545 0.12654697512815283 -0.20828716182265783 0.090468968505479169 0.29500061282340218 0.015489801432927856 -0.199822123002667 0.011227515404358571 -0.0025674611959531444 -0.14412956934573123 0.076487534450913552 -0.0073874368720497439 0.084063673502355399 -0.11509107574564487 -0.23203286544095336 -0.010035241782735464 0.18194426240085007 -0.020161266583536206 0.0065241552411518869
leaf_weight=31 34 20 39 31 23 21 22 1054 30 27 42 45 26 20 30 22 39 21 23 144 32 110 194 36 29 22 45 23 646 42
leaf_count=31 34 20 39 31 23 21 22 1054 30 27 42 45 26 20 30 22 39 21 23 144 32 110 194 36 29 22 45 23 646 42
internal_value=-0.00531049 -0.0893822 -0.0037233 -0.00515769 0.0490894 -0.00778574 -0.00663802 -0.00576124 -0.0376881 -0.130307 0.0107748 -0.0248035 -0.00368601 -0.0127346 0.00591296 0.030955 0.116697 0.0169296 -0.089612 -0.00969948 -0.0435707 0.0311731 0.00846876 -0.00759825 -0.0119006 -0.0282354 -0.0832417 -0.0160691 -0.0120076 0.0688568
internal_weight=2923 54 2869 2830 75 44 2755 2724 166 57 109 87 2558 1317 1241 435 61 374 44 1297 243 330 220 806 770 211 67 740 711 65
internal_count=2923 54 2869 2830 75 44 2755 2724 166 57 109 87 2558 1317 1241 435 61 374 44 1297 243 330 220 806 770 211 67 740 711 65
is_linear=0
shrinkage=0.05


Tree=112
num_leaves=31
num_cat=0
split_feature=31 18 31 18 2 18 27 30 29 18 7 6 7 33 18 8 6 6 31 7 34 31 6 29 27 7 2 27 27 35
split_gain=140.689 296.201 153.959 82.0031 138.597 110.186 66.6566 66.1783 270.818 339.721 143.569 125.214 334.353 163.828 210.02 202.45 152.351 165.489 167.608 204.691 244.996 147.695 146.799 238.863 135.579 171.768 227.4 133.733 266.249 133.919
threshold=76.500000000000014 113323.50000000001 68.500000000000014 248252.00000000003 0.61558911204338085 273500.00000000006 29.000000000000004 1.0000000180025095e-35 5.5000000000000009 122292.50000000001 13794.500000000002 0.057565789473684216 858.50000000000011 1.0000000180025095e-35 149983.00000000003 970.50000000000011 0.069711538461538478 0.091093117408906896 30.500000000000004 10702.500000000002 1.0000000180025095e-35 36.500000000000007 0.13942307692307696 3.5000000000000004 57.500000000000007 2041.0000000000002 0.62040513753891002 56.000000000000007 69.500000000000014 5.5000000000000009
decision_type=2 2 2 2 2 2 2 2 2 2 2 2 2 2 2 2 2 2 2 2 2 2 2 2 2 2 2 2 2 2
left_child=2 -2 3 6 5 -5 -1 8 10 -10 -8 12 -9 15 21 27 -13 24 -19 20 22 -15 23 -20 -18 -26 -27 -14 29 -29
right_child=1 -3 -4 4 -6 -7 7 11 9 -11 -12 16 13 14 -16 -17 17 18 19 -21 -22 -23 -24 -25 25 26 -28 28 -30 -31
leaf_value=-0.079104969633737185 0.0084490576539515017 -0.23125219237747918 0.094995048165778695 0.080140743493120337 0.15901138435548812 -0.061339501639719268 0.0042636802842690022 -0.2069989483532321 -0.013392066588573901 -0.24137839498629132 0.12048199254868215 0.024220831981481849 -0.01993459017325009 0.0042750291271001746 -0.044892785308975565 0.0070054246055940468 0.041635965772782009 -0.10245870540260898 0.12062431400361127 -0.10000785976351297 0.16363414733971715 0.15015877094168675 -0.069937356685281102 -0.031488288370999658 -0.21961435355357273 -0.18285080970873255 -0.013138163163136849 -0.10214876704733111 -0.014410253745975092 -0.22923080306022597
leaf_weight=31 33 21 39 26 20 29 1382 26 47 25 27 335 87 32 58 141 25 32 51 30 33 38 39 52 20 27 73 52 57 35
leaf_count=31 33 21 39 26 20 29 1382 26 47 25 27 335 87 32 58 141 25 32 51 30 33 38 39 52 20 27 73 52 57 35
internal_value=-0.00504534 -0.0849308 -0.0035371 -0.00490004 0.0466421 0.00547539 -0.00630664 -0.00547346 0.00166331 -0.0928483 0.00650266 -0.0139802 -0.0325058 -0.0233825 0.0253709 -0.0401736 -0.000380003 -0.0219678 0.00375766 0.020404 0.0411199 0.0836416 0.012518 0.043825 -0.0640237 -0.0860941 -0.0591474 -0.0689835 -0.0985481 -0.153536
internal_weight=2923 54 2869 2830 75 55 2755 2724 1481 72 1409 1243 526 500 128 372 717 382 237 205 175 70 142 103 145 120 100 231 144 87
internal_count=2923 54 2869 2830 75 55 2755 2724 1481 72 1409 1243 526 500 128 372 717 382 237 205 175 70 142 103 145 120 100 231 144 87
is_linear=0
shrinkage=0.05


Tree=113
num_leaves=31
num_cat=0
split_feature=31 5 31 14 2 14 7 2 2 2 16 2 31 16 14 5 8 2 8 27 2 2 27 27 29 16 2 7 27 29
split_gain=127.018 279.398 138.99 74.0507 125.148 99.4826 62.1889 161.096 143.36 141.863 143.337 140.527 109.278 96.852 86.0988 287.887 441.823 223.753 116.628 105.9 98.1182 384.341 157.904 125.977 201.373 220.795 208.559 178.532 185.553 232.889
threshold=76.500000000000014 0.44951923076923084 68.500000000000014 0.90963076923076935 0.61558911204338085 1.0846153846153848 7794.0000000000009 0.68166601657867443 0.58031651377677929 0.58519470691680919 334500.00000000006 0.58321022987365734 14.500000000000002 215100.00000000003 -0.16715769230769228 0.22064777327935226 81.500000000000014 0.65241101384162914 65.500000000000014 61.500000000000007 0.68547844886779796 0.68051502108573925 77.000000000000014 71.500000000000014 4.5000000000000009 199840.00000000003 0.64149484038352977 7249.0000000000009 57.500000000000007 3.5000000000000004
decision_type=2 2 2 2 2 2 2 2 2 2 2 2 2 2 2 2 2 2 2 2 2 2 2 2 2 2 2 2 2 2
left_child=2 -2 3 6 5 -5 11 8 -8 -10 -11 13 -13 -1 15 16 -14 -17 -16 -19 21 23 -22 27 -25 26 -26 -20 -29 -30
right_child=1 -3 -4 4 -6 -7 7 -9 9 10 -12 12 14 -15 18 17 -18 19 20 -21 22 -23 -24 24 25 -27 -28 28 29 -31
leaf_value=-0.034508130031318245 0.0065037530713067384 -0.22849062105909509 0.090257442508207275 0.076149055715721684 0.15110036638468061 -0.058283066699646183 0.12135233365384196 -0.10588855713234513 -0.092481499039400325 0.01244413530873251 -0.10041594020382234 0.094352402701320878 -0.31962023515130672 -0.17992302914757041 0.1126479001484107 -0.055958959619573083 -0.011418562384254935 0.0099618078329256482 -0.0093468727279907692 0.16193677544324109 0.072060873216450827 -0.22447925677514191 -0.033858899486839462 0.050733576736268209 -0.089954516657518746 -0.17896421124223133 0.10101117894207079 -0.011505574577460884 -0.042808296496352989 -0.2299634691986624
leaf_weight=27 34 20 39 26 20 29 27 32 36 841 29 25 21 20 20 78 26 24 965 22 89 21 58 182 28 22 29 66 36 31
leaf_count=27 34 20 39 26 20 29 27 32 36 841 29 25 21 20 20 78 26 24 965 22 89 21 58 182 28 22 29 66 36 31
internal_value=-0.0047951 -0.0807002 -0.00336192 -0.00465699 0.0443218 0.00519879 -0.00599373 0.00423345 0.00802671 0.00463092 0.00866528 -0.01151 -0.00920337 -0.0967436 -0.0107186 -0.0443806 -0.149618 -0.00436352 -0.00699187 0.0829476 -0.00856941 -0.0127091 0.0302408 -0.00941671 0.0217931 -0.0447965 0.00712265 -0.0168413 -0.0711327 -0.129691
internal_weight=2923 54 2869 2830 75 55 2755 965 933 906 870 1790 1743 47 1718 171 47 124 1547 46 1527 1380 147 1359 261 79 57 1098 133 67
internal_count=2923 54 2869 2830 75 55 2755 965 933 906 870 1790 1743 47 1718 171 47 124 1547 46 1527 1380 147 1359 261 79 57 1098 133 67
is_linear=0
shrinkage=0.05


Tree=114
num_leaves=31
num_cat=0
split_feature=35 31 14 2 2 29 14 27 5 5 34 10 2 5 5 29 15 31 14 14 5 27 27 31 35 27 2 14 15 31
split_gain=123.9 76.3604 68.6635 164.407 183.46 135.997 109.944 59.0049 51.5758 113.941 190.595 358.04 179.533 89.9704 148.668 195.279 118.721 177.846 160.789 116.863 314.68 321.002 152.733 114.995 177.604 214.951 113.801 106.847 114.214 106.145
threshold=11.500000000000002 86.500000000000014 0.72692307692307701 0.62040513753891002 0.599673092365265 3.5000000000000004 0.688846153846154 29.000000000000004 1.0000000180025095e-35 0.11513157894736843 1.0000000180025095e-35 1.0000000180025095e-35 0.65856382250785839 0.25657894736842107 0.31009615384615391 2.5000000000000004 12.32197324481332 44.500000000000007 0.47000000000000003 -0.070384615384615365 0.22064777327935226 56.000000000000007 69.500000000000014 20.500000000000004 5.5000000000000009 65.500000000000014 0.64537152647972118 -0.37115384615384611 11.573556730385434 42.500000000000007
decision_type=2 2 2 2 2 2 2 2 2 2 2 2 2 2 2 2 2 2 2 2 2 2 2 2 2 2 2 2 2 2
left_child=1 2 6 4 -4 -6 7 -1 -9 10 11 12 -10 19 15 -15 27 18 -18 20 21 -11 -22 -21 25 -25 -17 28 -16 -26
right_child=-2 -3 3 -5 5 -7 -8 8 9 13 -12 -13 -14 14 16 26 17 -19 -20 23 22 -23 -24 24 29 -27 -28 -29 -30 -31
leaf_value=-0.074604824967558589 -0.10382968042632774 0.091272546838245122 0.084673028422464339 0.11119503419146184 0.021340171068999627 -0.12006409395269411 -0.1062075106860087 0.056004964422296591 -0.10960097742911001 0.017362703150886911 0.021490926734696224 -0.22195480964050965 0.099203159232840149 0.029788836806759457 -0.028955655484967886 -0.12202069516527408 0.20774759816897426 -0.029484076180178922 0.046258202609373661 0.12334654552164358 -0.014424370782627606 -0.20324373862087897 0.16975472960532845 -0.039558082965795612 0.12596790093788085 0.084093859524129511 -0.0014274824881690673 -0.0094798291794018514 0.11984162860046342 0.035326902843600572
leaf_weight=30 31 21 37 43 32 36 27 35 20 31 53 34 21 47 21 80 21 52 58 29 24 35 21 159 41 45 26 1627 33 153
leaf_count=30 31 21 37 43 32 36 27 35 20 31 53 34 21 47 21 80 21 52 58 29 24 35 21 159 41 45 26 1627 33 153
internal_value=-0.00455731 -0.0034879 -0.00418593 0.0289641 -0.00473763 -0.0535139 -0.00599053 -0.00498111 -0.00419301 -0.00499781 -0.0509936 -0.102243 -0.00254971 -0.00264171 -0.00760365 -0.0549188 -0.00360294 0.0422193 0.0894573 0.0154701 -0.0301951 -0.0996804 0.0716008 0.027357 0.020321 -0.0122296 -0.0925176 -0.00717913 0.061937 0.0545638
internal_weight=2923 2892 2871 148 105 68 2723 2696 2666 2631 128 75 41 2503 1965 153 1812 131 79 538 111 66 45 427 398 204 106 1681 54 194
internal_count=2923 2892 2871 148 105 68 2723 2696 2666 2631 128 75 41 2503 1965 153 1812 131 79 538 111 66 45 427 398 204 106 1681 54 194
is_linear=0
shrinkage=0.05


Tree=115
num_leaves=31
num_cat=0
split_feature=35 7 16 27 2 14 5 2 8 5 34 14 2 5 27 2 7 2 29 2 27 2 2 27 27 27 2 8 7 7
split_gain=99.6343 234.214 102.365 141.441 195.749 266.754 101.941 414.459 100.204 95.8601 403.999 303.051 90.805 240.168 195.942 174.979 145.066 143.027 189.902 137.478 160.645 131.029 510.072 218.478 168.192 127.335 182.124 99.6402 100.039 194.332
threshold=8.5000000000000018 11131.500000000002 275092.50000000006 57.500000000000007 0.62382772564888012 0.34846153846153854 0.057565789473684216 0.63791161775589 68.500000000000014 0.11513157894736843 1.0000000180025095e-35 0.031546153846153856 0.66508311033248912 0.42927631578947373 77.000000000000014 0.67700940370559703 3744.0000000000005 0.65818580985069286 5.5000000000000009 0.68547844886779796 64.000000000000014 0.64091029763221752 0.63454651832580578 65.500000000000014 57.500000000000007 52.000000000000007 0.62617102265357982 598.50000000000011 5860.5000000000009 6235.0000000000009
decision_type=2 2 2 2 2 2 2 2 2 2 2 2 2 2 2 2 2 2 2 2 2 2 2 2 2 2 2 2 2 2
left_child=6 2 3 -2 -5 -6 7 -1 -8 10 11 -10 16 15 19 -14 21 27 -19 20 -15 22 25 24 -23 -11 -27 -18 -29 -30
right_child=1 -3 -4 4 5 -7 8 -9 9 12 -12 -13 13 14 -16 -17 17 18 -20 -21 -22 23 -24 -25 -26 26 -28 28 29 -31
leaf_value=0.044578774231612633 -0.0024668027964168233 -0.12799941849369573 -0.042924309397295274 0.22824379235364814 0.024230911700131495 0.221882019001302 0.069999902493599248 -0.23136069663030245 -0.27895930395828739 -0.080228004408370551 0.056095716962266687 -0.018758041690593648 -0.10049294758347985 0.20038261623002951 -0.010627494476759588 0.011332819395197686 -0.057836808210130999 -0.12551430433096125 0.045239659376216657 0.013421537096683795 0.066968234340716429 0.0032411907874577415 0.23895209386155614 0.055812307015734877 -0.19639064836276088 0.10416280700649172 -0.058482784010827321 0.017916490478906446 -0.074049740048228049 -0.0042963858879047009
leaf_weight=33 63 21 28 21 90 21 49 23 24 28 43 21 48 43 62 128 88 55 23 35 48 21 32 53 21 47 27 419 109 1181
leaf_count=33 63 21 28 21 90 21 49 23 24 28 43 21 48 43 62 128 88 55 23 35 48 21 32 53 21 47 27 419 109 1181
internal_value=0.000615056 0.031189 0.0462529 0.0590989 0.0885001 0.0618354 -0.00218761 -0.0688748 -0.000749518 -0.00211047 -0.0533597 -0.157954 -0.000278991 0.0227735 0.0620616 -0.0191765 -0.00427042 -0.00886124 -0.0751063 0.097849 0.130216 0.0332838 0.0651166 -0.0115859 -0.0966854 0.0103504 0.0447528 -0.00597903 -0.00330261 -0.0101994
internal_weight=2905 244 223 195 132 111 2661 56 2605 2556 88 45 2468 364 188 176 2104 1875 78 126 91 229 134 95 42 102 74 1797 1709 1290
internal_count=2905 244 223 195 132 111 2661 56 2605 2556 88 45 2468 364 188 176 2104 1875 78 126 91 229 134 95 42 102 74 1797 1709 1290
is_linear=0
shrinkage=0.05


Tree=116
num_leaves=31
num_cat=0
split_feature=31 11 31 14 6 16 27 27 27 27 33 8 31 31 8 15 2 9 14 29 16 8 8 29 31 27 2 2 16 6
split_gain=99.8882 182.636 237.09 125.85 144.881 117.335 94.1186 504.594 195.06 357.75 302.857 256.329 237.969 447.945 391.004 433.551 397.834 307.65 246.695 209.769 490.707 306.187 175.689 155.31 173.064 338.993 154.675 143.599 178.345 138.346
threshold=61.500000000000007 1.0000000180025095e-35 67.500000000000014 0.033684615384615389 1.0000000180025095e-35 216450.00000000003 65.500000000000014 67.500000000000014 57.500000000000007 56.000000000000007 1.0000000180025095e-35 988.00000000000011 41.500000000000007 58.500000000000007 80.500000000000014 11.955702333648526 0.6102467179298402 1.0000000180025095e-35 0.15371538461538464 3.5000000000000004 229732.00000000003 748.50000000000011 73.500000000000014 1.5000000000000002 53.500000000000007 68.500000000000014 0.63589826226234447 0.65601482987403881 261450.00000000003 1.0000000180025095e-35
decision_type=2 2 2 2 2 2 2 2 2 2 2 2 2 2 2 2 2 2 2 2 2 2 2 2 2 2 2 2 2 2
left_child=6 3 -3 4 -2 -5 8 -8 9 -1 11 -11 17 14 -14 16 -16 19 -19 20 -10 -21 -9 26 29 -26 -24 28 -23 -25
right_child=1 2 -4 5 -6 -7 7 22 12 10 -12 -13 13 -15 15 -17 -18 18 -20 21 -22 27 23 24 25 -27 -28 -29 -30 -31
leaf_value=-0.0060944493926572401 0.13180785535282119 0.027732966973465219 -0.15831078349678351 0.2001172418414007 -0.01325779183645316 0.056014620252819947 0.1692329359013437 0.12311476365602303 -0.083322700185961079 0.11588357034699191 0.22813178077154481 -0.10145820741672321 -0.094783014497960838 -0.15199906408304797 0.017882125887923577 -0.0085134854718256284 0.26404762447871394 -0.04295672559460928 0.17699036857121672 0.037795427486078059 0.15621199983049674 -0.27482418494856553 0.041116626834987999 -0.013228560240375798 -0.24587151858937087 0.0027512468829785589 -0.12451786093271462 -0.065059367923939959 -0.096054480984030174 0.026408917930441284
leaf_weight=947 24 59 24 27 60 30 47 29 144 35 30 22 42 37 27 70 42 30 22 20 25 43 20 387 20 43 47 21 21 510
leaf_count=947 24 59 24 27 60 30 47 29 144 35 30 22 42 37 27 70 42 30 22 20 25 43 20 387 20 43 47 21 21 510
internal_value=0.000584289 0.0326538 -0.0261284 0.0672856 0.0282375 0.124592 -0.0020944 0.00910809 -0.00992804 0.00281888 0.099794 0.0318789 -0.0341618 0.00625715 0.0387015 0.0791101 0.16796 -0.0611994 0.050163 -0.0823627 -0.0477876 -0.137866 0.00196124 -0.00146663 0.00366834 -0.0763619 -0.0750126 -0.179253 -0.216485 0.00930266
internal_weight=2905 224 83 141 84 57 2681 1103 1578 1034 87 57 544 218 181 139 69 326 52 274 169 105 1056 1027 960 63 67 85 64 897
internal_count=2905 224 83 141 84 57 2681 1103 1578 1034 87 57 544 218 181 139 69 326 52 274 169 105 1056 1027 960 63 67 85 64 897
is_linear=0
shrinkage=0.05


Tree=117
num_leaves=31
num_cat=0
split_feature=31 11 31 18 16 5 2 31 27 27 8 10 31 27 16 8 7 8 7 27 2 2 31 31 31 7 2 31 34 8
split_gain=90.1845 164.909 214.064 113.709 101.454 90.4237 358.799 105.013 400.641 78.1803 70.3068 208.895 64.9703 128.263 87.9928 85.4584 267.981 190.06 143.434 123.987 131.72 92.2685 89.9017 173.985 84.0644 215.368 209.411 135.962 87.328 211.214
threshold=61.500000000000007 1.0000000180025095e-35 67.500000000000014 126150.00000000001 216450.00000000003 0.057565789473684216 0.63791161775589 58.500000000000007 57.500000000000007 29.000000000000004 68.500000000000014 1.0000000180025095e-35 15.500000000000002 57.500000000000007 355750.00000000006 1103.0000000000002 8555.5000000000018 1086.0000000000002 8822.5000000000018 67.500000000000014 0.6628340780735017 0.599673092365265 25.500000000000004 21.500000000000004 19.500000000000004 7384.0000000000009 0.63031327724456798 21.500000000000004 1.0000000180025095e-35 97.000000000000014
decision_type=2 2 2 2 2 2 2 2 2 2 2 2 2 2 2 2 2 2 2 2 2 2 2 2 2 2 2 2 2 2
left_child=5 3 -3 -2 -5 6 -1 9 -9 -7 11 -11 13 -12 15 17 19 18 24 -17 -21 -20 23 -18 25 26 -14 -26 -29 -30
right_child=1 2 -4 4 -6 7 -8 8 -10 10 12 -13 14 -15 -16 16 22 -19 21 20 -22 -23 -24 -25 27 -27 -28 28 29 -31
leaf_value=0.042628097763774617 0.026268830686296585 0.026348665244436104 -0.15042808217873713 0.18599498917835888 0.053223194488853313 -0.080328681575985716 -0.21095231279297982 0.058595037404114328 -0.16365552553088536 0.17179525651973049 -0.048799795124203099 -0.029538541564340239 0.049543792007895597 0.10279478933934097 -0.077900735322912307 0.036925737631873297 0.0054113548036046847 -0.1361614824489199 -0.16798297010750568 0.22627512561407126 0.059450191495375393 -0.01769001876833427 -0.0072801302816310398 0.16627552860549522 0.093104371702283431 -0.18298825405335806 -0.14095180335626079 -0.012853255614596201 0.14318388373018132 0.0060735943494679605
leaf_weight=33 83 59 24 28 30 29 24 39 42 23 21 29 51 41 36 49 62 27 21 26 22 20 414 23 40 22 20 725 29 813
leaf_count=33 83 59 24 28 30 29 24 39 42 23 21 29 51 41 36 49 62 27 21 26 22 20 414 23 40 22 20 725 29 813
internal_value=0.000555583 0.0310277 -0.0248268 0.0639363 0.117616 -0.00198959 -0.0642375 -0.000633102 -0.056644 0.00115116 0.00209621 0.0595758 0.000877777 0.0513718 -0.000426655 0.000754284 0.017128 -0.00476319 -0.00271484 0.0931275 0.1502 -0.0950124 0.00232881 0.0491423 -0.000480444 -0.0466754 -0.00416939 0.00219257 -0.00013069 0.0108183
internal_weight=2905 224 83 141 58 2681 57 2624 81 2543 2514 52 2462 62 2400 2364 596 1768 1741 97 48 41 499 85 1700 93 71 1607 1567 842
internal_count=2905 224 83 141 58 2681 57 2624 81 2543 2514 52 2462 62 2400 2364 596 1768 1741 97 48 41 499 85 1700 93 71 1607 1567 842
is_linear=0
shrinkage=0.05


Tree=118
num_leaves=31
num_cat=0
split_feature=6 7 31 16 6 31 29 8 6 15 8 15 8 30 5 11 14 16 16 14 7 11 35 5 31 14 31 15 5 7
split_gain=85.9309 154.796 186.397 147.754 137.558 158.994 136.566 291.814 248.755 226.028 209.96 222.469 183.247 176.932 207.351 323.586 161.355 151.321 206.226 118.656 139.415 151.574 101.801 152.64 145.949 132.808 99.6246 98.3622 98.2017 169.116
threshold=0.057565789473684216 12501.000000000002 72.000000000000014 179600.00000000003 0.069711538461538478 61.500000000000007 4.5000000000000009 1418.0000000000002 1.0000000180025095e-35 12.165252468511499 823.50000000000011 12.123578839701079 974.50000000000011 1.0000000180025095e-35 0.22064777327935226 1.0000000180025095e-35 0.40500000000000008 175500.00000000003 218650.00000000003 0.2721153846153847 10585.000000000002 1.0000000180025095e-35 5.5000000000000009 0.31009615384615391 52.500000000000007 0.11346153846153849 28.500000000000004 12.153284629305501 0.11513157894736843 587.00000000000011
decision_type=2 2 2 2 2 2 2 2 2 2 2 2 2 2 2 2 2 2 2 2 2 2 2 2 2 2 2 2 2 2
left_child=1 2 6 -3 22 28 13 8 9 10 -8 12 -12 -1 15 -15 -11 -16 26 -20 21 -21 27 24 -24 -25 -19 -2 -6 -30
right_child=4 3 -4 -5 5 -7 7 -9 -10 16 11 -13 -14 14 17 -17 -18 18 19 20 -22 -23 23 25 -26 -27 -28 -29 29 -31
leaf_value=0.011759965281990713 0.05945608582969221 -0.16802505522011862 0.14115297853676981 -0.016595008518556598 -0.11385283365667578 0.064313469167180629 0.036934818580546445 0.1061038200032674 0.057669042167862145 -0.26830256681771297 -0.24790503305705239 0.058299167582352235 -0.079638722355041339 -0.043743313506337603 0.047115221948983446 -0.26171555025282345 -0.090649036052142695 -0.017622791499040703 -0.079212009363642366 0.12565206183403596 -0.066176250758426217 -0.018447594210457573 0.012534369755319611 -0.052076649492970174 0.17376938570629469 0.033635348417607756 -0.15243005207426233 -0.031951314881669073 0.09141276257933012 -0.021855012533405327
leaf_weight=1078 263 28 22 38 25 68 52 32 42 22 21 22 71 89 94 21 31 21 32 44 27 31 36 109 23 77 40 33 36 377
leaf_count=1078 263 28 22 38 25 68 52 32 42 22 21 22 71 89 94 21 31 21 32 44 27 31 36 109 23 77 40 33 36 377
internal_value=0.000528021 -0.00592549 -0.00315071 -0.0810707 0.0119846 -0.00674666 -0.00495501 -0.0361319 -0.0536239 -0.0750071 -0.0462095 -0.0841779 -0.118329 0.00122835 -0.0272088 -0.0856015 -0.164853 -0.00494393 -0.030076 0.00459697 0.0309908 0.066079 0.0295114 0.00564376 0.075661 -0.0165679 -0.106208 0.0492412 -0.0178024 -0.01195
internal_weight=2905 1858 1792 66 1047 506 1770 293 261 219 166 114 92 1477 399 110 53 289 195 134 102 75 541 245 59 186 61 296 438 413
internal_count=2905 1858 1792 66 1047 506 1770 293 261 219 166 114 92 1477 399 110 53 289 195 134 102 75 541 245 59 186 61 296 438 413
is_linear=0
shrinkage=0.05


Tree=119
num_leaves=31
num_cat=0
split_feature=6 7 31 16 6 27 31 31 27 31 29 8 27 6 16 6 8 7 27 8 15 15 8 15 8 8 31 14 14 14
split_gain=77.5919 139.76 168.309 133.384 124.16 147.438 149.967 143.513 143.054 140.028 123.28 263.462 225.533 395.841 489.543 224.588 217.504 270.186 215.104 234.279 304.498 204.095 189.549 200.875 165.468 154.283 153.874 145.672 142.228 114.091
threshold=0.057565789473684216 12501.000000000002 72.000000000000014 179600.00000000003 0.069711538461538478 77.000000000000014 44.500000000000007 61.500000000000007 54.000000000000007 38.500000000000007 4.5000000000000009 1418.0000000000002 64.000000000000014 1.0000000180025095e-35 218650.00000000003 1.0000000180025095e-35 76.500000000000014 898.50000000000011 67.500000000000014 1252.5000000000002 12.23441533507197 12.165252468511499 823.50000000000011 12.123578839701079 974.50000000000011 1077.0000000000002 40.500000000000007 0.40500000000000008 -0.070384615384615365 -0.25653846153846149
decision_type=2 2 2 2 2 2 2 2 2 2 2 2 2 2 2 2 2 2 2 2 2 2 2 2 2 2 2 2 2 2
left_child=1 2 10 -3 5 6 8 -6 -2 -10 12 15 13 29 26 21 -14 -18 -19 25 -21 22 -12 24 -24 28 -15 -23 -20 -1
right_child=4 3 -4 -5 7 -7 -8 -9 9 -11 11 -13 16 14 -16 -17 17 18 19 20 -22 27 23 -25 -26 -27 -28 -29 -30 -31
leaf_value=-0.087497608420338852 -0.053057591219293578 -0.15965369570721935 0.134127273602723 -0.01576743400032361 -0.016912783582241391 -0.022435577797534485 0.0083952247561482254 0.061102518658379373 0.061085929831799481 0.16488240963205733 0.035091623629580987 0.10081515449543144 0.18189202246147318 -0.33871461994464125 0.019246538799379889 0.054792436350340513 -0.11993108191264429 0.1909495855218144 -0.050588953261878213 0.023932258901696132 -0.19988175715277304 -0.25494814178994879 -0.23556852438156076 0.055397399599196144 -0.075662384688351236 0.13129951584497734 -0.14100205970937338 -0.086131164536982108 0.049621946427613368 0.00072344219196129867
leaf_weight=38 22 28 22 38 438 114 190 68 175 40 52 32 23 20 33 42 30 21 44 41 24 22 21 22 71 45 20 31 179 959
leaf_count=38 22 28 22 38 438 114 190 68 175 40 52 32 23 20 33 42 30 21 44 41 24 22 21 22 71 45 20 31 179 959
internal_value=0.000500053 -0.00563225 -0.00299552 -0.0770349 0.0113867 0.0280381 0.0415273 -0.00640863 0.068053 0.0804878 -0.00471018 -0.0343318 0.00116455 -0.0108822 -0.123191 -0.0509529 0.0328426 0.0238571 0.0360871 0.0262516 -0.0588101 -0.0712714 -0.0439045 -0.0799808 -0.112433 0.0469151 -0.240581 -0.156648 0.0298132 -0.00264247
internal_weight=2905 1858 1792 66 1047 541 427 506 237 215 1770 293 1477 1070 73 261 407 384 354 333 65 219 166 114 92 268 40 53 223 997
internal_count=2905 1858 1792 66 1047 541 427 506 237 215 1770 293 1477 1070 73 261 407 384 354 333 65 219 166 114 92 268 40 53 223 997
is_linear=0
shrinkage=0.05


Tree=120
num_leaves=31
num_cat=0
split_feature=8 8 33 31 5 2 7 16 18 18 29 18 7 7 7 27 20 8 16 8 7 7 7 31 2 8 11 27 27 35
split_gain=167.383 92.472 206.222 102.333 145.869 151.785 118.232 128.429 261.935 381.449 216.461 166.025 345.801 174.652 209.067 176.374 172.634 170.834 148.744 138.738 129.775 154.368 193.363 177.101 215.013 179.358 244.5 241.101 137.059 124.199
threshold=65.500000000000014 2035.0000000000002 1.0000000180025095e-35 34.500000000000007 0.62828947368421062 0.58031651377677929 13794.500000000002 179600.00000000003 125420.00000000001 112000.00000000001 5.5000000000000009 108269.50000000001 536.50000000000011 3744.0000000000005 841.50000000000011 70.500000000000014 1.0000000180025095e-35 76.500000000000014 149983.00000000003 991.50000000000011 4378.0000000000009 8915.0000000000018 8335.5000000000018 62.500000000000007 0.63183832168579113 662.50000000000011 1.0000000180025095e-35 64.000000000000014 56.000000000000007 7.5000000000000009
decision_type=2 2 2 2 2 2 2 2 2 2 2 2 2 2 2 2 2 2 2 2 2 2 2 2 2 2 2 2 2 2
left_child=-1 3 -3 -2 5 -5 7 11 9 19 -10 12 -7 14 17 -16 18 -14 -13 -9 -15 22 23 25 -25 -22 28 -28 -27 -12
right_child=1 2 -4 4 -6 6 -8 8 10 -11 29 16 13 20 15 -17 -18 -19 -20 -21 21 -23 -24 24 -26 26 27 -29 -30 -31
leaf_value=0.12644747628633721 -0.013328429979848833 -0.18300349941620461 0.032958677505475903 0.11473930262251947 0.096747020256906555 -0.16196695156036084 0.10122423285564018 -0.078579731668856512 -0.014014224611655277 -0.24447066107976068 0.13306181296670805 0.00050134452697641458 0.067103337266734828 -0.079813190642565549 0.18371898403254089 0.017791010158571818 -0.032866313547193347 -0.1070065697855446 0.10937758033772041 0.083735681054603994 0.068495790084717234 -0.056517518272235279 0.14377220404107136 0.21994573665940345 -0.0036902861032651101 -0.028702673093227056 0.094054182044185877 -0.064240611944030079 -0.17192350390741207 -0.0074222281872038821
leaf_weight=25 1181 22 22 30 43 31 29 38 605 29 42 44 32 52 42 26 45 25 110 20 54 81 29 20 23 30 48 48 38 25
leaf_count=25 1181 22 22 30 43 31 29 38 605 29 42 44 32 52 42 26 45 25 110 20 54 81 29 20 23 30 48 48 38 25
internal_value=-0.00210424 -0.0032325 -0.0750792 -0.00210709 0.00597584 0.00352121 0.00138021 -0.00050685 -0.015142 -0.0967267 -0.00455944 0.0137646 0.000212244 0.00942361 0.0613275 0.120469 0.0531507 -0.00922676 0.078323 -0.0224751 -0.00591346 0.0044497 0.0215093 0.00785554 0.100479 -0.0104291 -0.0364729 0.0148703 -0.108946 0.0806349
internal_weight=2889 2864 44 2820 1639 1596 1566 1537 759 87 672 778 579 548 125 68 199 57 154 58 423 371 290 261 43 218 164 96 68 67
internal_count=2889 2864 44 2820 1639 1596 1566 1537 759 87 672 778 579 548 125 68 199 57 154 58 423 371 290 261 43 218 164 96 68 67
is_linear=0
shrinkage=0.05


Tree=121
num_leaves=31
num_cat=0
split_feature=14 16 2 29 14 14 7 14 31 16 7 16 33 2 5 6 14 15 14 16 29 14 7 7 7 5 35 5 31 7
split_gain=104.972 198.895 309.758 120.178 110.72 160.454 139.265 107.577 114.297 130.992 140.98 99.5316 109.736 160.275 222.284 126.508 149.911 103.57 102.735 97.5119 96.5812 316.453 121.84 164.04 236.277 208.979 164.384 183.825 263.455 166.687
threshold=-0.27615384615384614 137986.00000000003 0.71547985076904308 5.5000000000000009 -0.13846153846153844 -0.16715769230769228 5996.5000000000009 -0.13153846153846152 36.500000000000007 281375.00000000006 6709.5000000000009 279237.50000000006 1.0000000180025095e-35 0.62927025556564342 0.37171052631578955 0.057565789473684216 0.33653846153846162 11.984183776502759 0.15371538461538464 162850.00000000003 1.0000000180025095e-35 0.031546153846153856 4489.0000000000009 5947.5000000000009 6235.0000000000009 0.48684210526315791 2.5000000000000004 0.37980769230769235 27.500000000000004 8948.5000000000018
decision_type=2 2 2 2 2 2 2 2 2 2 2 2 2 2 2 2 2 2 2 2 2 2 2 2 2 2 2 2 2 2
left_child=1 2 -1 -3 5 6 -2 -6 20 11 -11 12 -10 14 -14 16 17 -15 -17 -8 21 -9 -22 -24 -25 26 -26 29 -29 -28
right_child=4 3 -4 -5 7 -7 19 8 9 10 -12 -13 13 15 -16 18 -18 -19 -20 -21 22 -23 23 24 25 -27 27 28 -30 -31
leaf_value=-0.19512365164973788 -0.083343997048467303 -0.024496251902209686 0.026206993126092745 0.099520817927676114 -0.11763008440571342 0.10277725504936229 -0.0052328023182682589 0.14400242206297423 0.003650436266782877 -0.13636428260990174 -0.011408274956896058 0.12348512371569448 -0.10474676408284295 0.10727497861873583 0.044915435388789067 -0.0071894717677203936 -0.0048806244560398197 0.24337225253902264 0.11627283271773037 0.086609217064747265 -0.043738184570766378 -0.087119482594182285 0.02497903944821318 -0.18521508287055799 -0.15091183721227108 0.02138172833656549 0.02991200354639087 -0.010814892872086318 -0.14308817021315573 -0.093177069942098206
leaf_weight=40 33 103 26 24 20 62 70 36 744 27 136 21 38 48 71 62 21 20 23 49 285 25 287 21 30 238 142 86 67 34
leaf_count=40 33 103 26 24 20 62 70 36 744 27 136 21 38 48 71 62 21 20 23 49 285 25 287 21 30 238 142 86 67 34
internal_value=-0.00199826 -0.0376104 -0.107949 -0.000960754 0.000550571 0.0350513 0.0073439 -0.00242338 -0.00148073 0.00946618 -0.0322081 0.0159552 0.0137397 0.040236 -0.00726273 0.0700067 0.111658 0.147676 0.0262566 0.0325835 -0.0120815 0.0492109 -0.0152315 -0.00624487 -0.0207551 -0.0149316 -0.0390188 -0.0287579 -0.0688268 0.00606563
internal_weight=2889 193 66 127 2696 214 152 2482 2462 1211 163 1048 1027 283 109 174 89 68 85 119 1251 61 1190 905 618 597 359 329 153 176
internal_count=2889 193 66 127 2696 214 152 2482 2462 1211 163 1048 1027 283 109 174 89 68 85 119 1251 61 1190 905 618 597 359 329 153 176
is_linear=0
shrinkage=0.05


Tree=122
num_leaves=31
num_cat=0
split_feature=14 16 2 29 14 14 7 27 15 14 16 7 7 29 2 2 27 7 30 27 2 29 27 2 7 5 14 14 5 7
split_gain=94.7399 179.545 279.655 108.501 99.9357 144.84 125.72 97.2399 171.856 97.1385 88.0292 81.9594 71.3783 158.024 159.321 82.9276 125.055 145.537 102.374 179.339 244.9 92.4271 81.4427 236.58 199.872 177.504 156.864 292.749 238.41 223.819
threshold=-0.27615384615384614 137986.00000000003 0.71547985076904308 5.5000000000000009 -0.13846153846153844 -0.16715769230769228 5996.5000000000009 64.000000000000014 11.815810944872601 -0.13153846153846152 162850.00000000003 489.50000000000006 512.50000000000011 1.0000000180025095e-35 0.66161078214645397 0.68386945128440868 77.000000000000014 6756.5000000000009 1.5000000000000002 67.500000000000014 0.62682512402534496 2.5000000000000004 57.500000000000007 0.68051502108573925 815.50000000000011 0.62019230769230782 0.3115384615384616 0.33064230769230774 0.55048076923076927 5236.5000000000009
decision_type=2 2 2 2 2 2 2 2 2 2 2 2 2 2 2 2 2 2 2 2 2 2 2 2 2 2 2 2 2 2
left_child=1 2 -1 -3 5 6 -2 8 -7 -6 -8 -11 13 14 -13 18 17 21 22 20 -20 -17 24 26 -14 -26 29 -28 -29 -24
right_child=4 3 -4 -5 9 7 10 -9 -10 11 -12 12 15 -15 -16 16 -18 -19 19 -21 -22 -23 23 -25 25 -27 27 28 -30 -31
leaf_value=-0.18539179827590613 -0.079189386468639544 -0.023272627963531842 0.024901664800856305 0.094565423680044308 -0.1117778398800845 0.036867157721993934 -0.0049715353912021575 0.0098119865237819084 0.24198081865553608 0.077960279897273152 0.082287574173264266 -0.072970626532257374 0.13597191721333518 -0.1150844080127309 0.11478412507346313 0.029317951971049763 -0.019153186333970871 -0.03128784609286122 0.0048713159509551473 0.0035645198773486771 0.23819308048999149 0.1562409496434794 -0.035600566386074298 -0.17385167469193927 -0.0032105356418193651 0.13725645790497462 -0.20408505451405184 -0.054275759759597531 0.062730299466274647 0.01879677044283912
leaf_weight=40 33 103 26 24 20 20 70 21 21 32 49 23 28 43 22 22 62 24 23 130 22 42 298 23 852 23 26 194 56 517
leaf_count=40 33 103 26 24 20 20 70 21 21 32 49 23 28 43 22 22 62 24 23 130 22 42 298 23 852 23 26 194 56 517
internal_value=-0.00189892 -0.035731 -0.102561 -0.000907799 0.000522419 0.0332999 0.00697335 0.0976467 0.14238 -0.00230289 0.0309556 -0.00140704 -0.00245743 -0.0466405 0.0187607 -0.000793207 0.035158 0.0734578 -0.00325715 0.0334114 0.119326 0.112803 -0.00644258 -0.0154888 0.00471237 0.000491289 -0.01213 -0.0447026 -0.0280318 -0.00108909
internal_weight=2889 193 66 127 2696 214 152 62 41 2482 119 2462 2430 88 45 2342 150 88 2192 175 45 64 2017 1114 903 875 1091 276 250 815
internal_count=2889 193 66 127 2696 214 152 62 41 2482 119 2462 2430 88 45 2342 150 88 2192 175 45 64 2017 1114 903 875 1091 276 250 815
is_linear=0
shrinkage=0.05


Tree=123
num_leaves=31
num_cat=0
split_feature=8 8 33 31 5 35 5 29 8 18 8 7 5 5 8 31 16 8 30 27 31 16 15 29 7 5 15 7 20 7
split_gain=141.586 76.3172 171.958 80.4075 120.392 118.139 110.863 187.804 127.56 145.663 119.838 108.946 93.5641 178.655 167.239 240.237 148.424 147.335 135.559 129.353 106.066 93.4947 269.94 157.007 165.627 314.071 151.472 277.253 185.476 133.914
threshold=65.500000000000014 2035.0000000000002 1.0000000180025095e-35 34.500000000000007 0.62828947368421062 7.5000000000000009 0.057565789473684216 1.0000000180025095e-35 587.00000000000011 123791.50000000001 613.50000000000011 13794.500000000002 0.37980769230769235 0.40283400809716602 823.50000000000011 29.500000000000004 297150.00000000006 934.00000000000011 1.0000000180025095e-35 64.000000000000014 32.500000000000007 179600.00000000003 11.965597270085466 5.5000000000000009 6814.0000000000009 0.46761133603238875 11.815810944872601 515.00000000000011 1.0000000180025095e-35 8915.0000000000018
decision_type=2 2 2 2 2 2 2 2 2 2 2 2 2 2 2 2 2 2 2 2 2 2 2 2 2 2 2 2 2 2
left_child=-1 3 -3 6 11 -6 -2 -8 9 -9 -10 21 16 -14 15 18 -12 19 -15 -16 -19 26 -23 24 25 -24 27 -5 -28 -29
right_child=1 2 -4 4 5 -7 7 8 10 -11 12 -13 13 14 17 -17 -18 20 -20 -21 -22 22 23 -25 -26 -27 28 29 -30 -31
leaf_value=0.11642813060981819 -0.12536840443080069 -0.16666591981956863 0.030526268590089962 -0.14606420556176145 0.16483832892046604 -0.00090117458235565114 0.11570917880514645 -0.031308648070978606 0.087456761689479745 -0.15299168737121327 0.0028223073939521643 0.097341723631188717 -0.11615065803383669 -0.10641958122591365 0.14272458720430034 -0.22044465858930662 0.13640247938050404 -0.003434664287132998 0.029947583695913434 -0.00031280617238624303 -0.11989469348113119 -0.14260965866059305 -0.024725601543633381 0.06516824786114303 0.0089999127539791036 -0.21022471730927547 0.086554168477516 0.019267320161601473 -0.031684879140882957 -0.048877468198431528
leaf_weight=25 21 22 22 30 23 20 29 200 34 28 354 30 46 32 32 21 22 268 42 31 21 37 253 73 390 25 125 504 45 84
leaf_count=25 21 22 22 30 23 20 29 200 34 28 354 30 46 32 32 21 22 268 42 31 21 37 253 73 390 25 125 504 45 84
internal_value=-0.00180301 -0.00284083 -0.0681108 -0.00181828 0.00534639 0.0878109 -0.0117653 -0.00969375 -0.0129236 -0.0463346 -0.00447784 0.0031161 -0.00809022 -0.0224196 -0.0127388 -0.0715737 0.0106857 0.00314149 -0.0290186 0.0723729 -0.011953 0.00130172 -0.0109894 -0.00439215 -0.0120099 -0.0414948 0.013443 0.0019342 0.055226 0.00951719
internal_weight=2889 2864 44 2820 1639 43 1181 1160 1131 228 903 1596 869 493 447 95 376 352 74 63 289 1566 778 741 668 278 788 618 170 588
internal_count=2889 2864 44 2820 1639 43 1181 1160 1131 228 903 1596 869 493 447 95 376 352 74 63 289 1566 778 741 668 278 788 618 170 588
is_linear=0
shrinkage=0.05


Tree=124
num_leaves=31
num_cat=0
split_feature=8 8 33 31 2 5 35 15 16 16 2 16 5 29 8 2 5 6 35 2 14 30 10 5 31 5 29 31 14 8
split_gain=127.837 68.8945 155.278 72.5784 133.009 114.24 106.686 106.278 123.106 116.992 242.485 235.146 100.103 169.556 115.145 153.796 178.568 371.727 290.515 163.043 146.522 185.025 262.397 142.719 128.05 101.313 96.5016 138.838 93.9592 145.355
threshold=65.500000000000014 2035.0000000000002 1.0000000180025095e-35 34.500000000000007 0.58031651377677929 0.62828947368421062 7.5000000000000009 12.368195385162023 260870.00000000003 252752.00000000003 0.60966897010803234 249175.00000000003 0.057565789473684216 1.0000000180025095e-35 587.00000000000011 0.66508311033248912 0.37980769230769235 1.0000000180025095e-35 4.5000000000000009 0.58632463216781627 0.688846153846154 1.0000000180025095e-35 1.0000000180025095e-35 0.40283400809716602 22.500000000000004 0.51315789473684215 4.5000000000000009 26.500000000000004 0.33938461538461545 1405.5000000000002
decision_type=2 2 2 2 2 2 2 2 2 2 2 2 2 2 2 2 2 2 2 2 2 2 2 2 2 2 2 2 2 2
left_child=-1 3 -3 12 -5 7 -7 8 9 11 -11 -6 -2 -14 -15 16 17 20 19 -18 21 -16 -23 -21 -17 -26 27 -25 29 -28
right_child=1 2 -4 4 5 6 -8 -9 -10 10 -12 -13 13 14 15 24 18 -19 -20 23 -22 22 -24 26 25 -27 28 -29 -30 -31
leaf_value=0.1106299142497944 -0.11912968742762696 -0.15837032862378464 0.029006862316735729 0.10921988962001579 0.0036381947241044955 0.15663209035901912 -0.00085634606987682743 -0.035913234298309504 0.094165152190082035 0.011475729565260766 -0.18824474717107798 0.17601444133330341 0.10994359971475354 -0.044023024096206349 0.019829512883498435 0.13137951733724351 -0.14607555783457227 0.13245183387272019 -0.20180646629477167 -0.11469753436811742 -0.13648503600703596 -0.22543012220505163 -0.007238180925245999 -0.025206878144806738 -0.0061977565525338551 0.11349966557721745 -0.11370338949842962 0.065096943202682125 0.034224488687479238 0.013373616813729717
leaf_weight=25 21 22 22 30 1269 23 20 174 38 41 24 20 29 228 241 32 26 54 25 33 21 20 44 86 88 22 57 84 33 37
leaf_count=25 21 22 22 30 1269 23 20 174 38 41 24 20 29 228 241 32 26 54 25 33 21 20 44 86 88 22 57 84 33 37
internal_value=-0.00171397 -0.0027002 -0.064715 -0.00172856 0.00507826 0.00312676 0.0834336 0.000913272 0.00552243 0.00302421 -0.0623663 0.00633009 -0.011179 -0.0092103 -0.0122794 -0.00425487 -0.0131746 0.0110664 -0.0373617 -0.0257461 -0.00905945 -0.000227642 -0.0757465 -0.0162091 0.0434877 0.0177777 -0.00521417 0.0193965 -0.0381862 -0.0636695
internal_weight=2889 2864 44 2820 1639 1609 43 1566 1392 1354 65 1289 1181 1160 1131 903 761 380 381 356 326 305 64 330 142 110 297 170 127 94
internal_count=2889 2864 44 2820 1639 1609 43 1566 1392 1354 65 1289 1181 1160 1131 903 761 380 381 356 326 305 64 330 142 110 297 170 127 94
is_linear=0
shrinkage=0.05


Tree=125
num_leaves=31
num_cat=0
split_feature=5 13 5 7 31 7 5 5 2 5 2 29 29 31 5 18 29 18 8 7 5 15 2 2 31 8 7 15 27 5
split_gain=98.4007 248.187 98.1592 88.6106 151.626 86.6987 84.4843 209.832 197.882 124.645 212.318 71.5792 62.5548 140.516 106.892 262.599 143.414 161.463 198.013 118.015 200.853 285.147 147.191 122.383 115.741 110.213 287.01 151.774 143.273 125.13
threshold=0.057565789473684216 1.0000000180025095e-35 0.069711538461538478 804.00000000000011 27.500000000000004 831.50000000000011 0.17269736842105265 0.24038461538461542 0.71547985076904308 0.091093117408906896 0.66347971558570873 1.0000000180025095e-35 5.5000000000000009 76.500000000000014 0.59716599190283415 139976.50000000003 4.5000000000000009 170500.00000000003 941.50000000000011 6067.5000000000009 0.46761133603238875 11.869892523624584 0.61921602487564098 0.63689053058624279 28.500000000000004 1103.0000000000002 8948.5000000000018 12.543440511287253 56.000000000000007 0.31414473684210531
decision_type=2 2 2 2 2 2 2 2 2 2 2 2 2 2 2 2 2 2 2 2 2 2 2 2 2 2 2 2 2 2
left_child=1 -1 11 4 -4 -5 9 -8 -9 -6 -11 -2 13 14 16 24 25 19 -19 23 21 -21 -22 -18 -16 27 28 -7 -27 -30
right_child=2 -3 3 5 6 12 7 8 -10 10 -12 -13 -14 -15 15 -17 17 18 -20 20 22 -23 -24 -25 -26 26 -28 -29 29 -31
leaf_value=0.043224679706518755 0.13783933355062492 -0.16023231004060151 -0.16162687356349842 0.094815090904591975 -0.076815990208652013 -0.009236787633080442 -0.15709962043551867 -0.095537822607503931 0.097620206938234561 -0.033384522036057206 0.16298225560864271 0.0203166219299315 0.017456734117476592 -0.11914911670931455 0.091492623511191723 0.18801256734803617 -0.037942975403066487 -0.23322153210074981 -0.045126726919002033 -0.25814089735537343 0.1142507390115271 -0.038694665365352363 -0.030079999074632931 0.096894686647600398 -0.041429079377954488 -0.0092054568557625276 -0.0011849799151759021 0.091982897780004541 0.056895329096378428 0.18399709927049085
leaf_weight=28 21 32 21 24 24 1317 31 25 28 29 26 34 410 26 24 25 30 21 42 21 24 50 66 38 51 25 306 38 35 44
leaf_count=28 21 32 21 24 24 1317 31 25 28 29 26 34 410 26 24 25 30 21 42 21 24 50 66 38 51 25 306 38 35 44
internal_value=-0.00197228 -0.0652886 -0.000638115 -0.00193985 -0.0354694 0.000416945 -0.0190962 -0.0539913 0.00640543 0.0179656 0.05948 0.0654484 -0.000458469 -0.00382615 -0.00242829 0.0480226 -0.00488558 -0.037338 -0.108174 -0.0177897 -0.0411249 -0.103943 0.00843679 0.0373657 0.00110448 0.000482292 0.0231956 -0.00638789 0.0949111 0.127893
internal_weight=2916 60 2856 2801 184 2617 163 84 53 79 55 55 2593 2183 2157 100 2057 292 63 229 161 71 90 68 75 1765 410 1355 104 79
internal_count=2916 60 2856 2801 184 2617 163 84 53 79 55 55 2593 2183 2157 100 2057 292 63 229 161 71 90 68 75 1765 410 1355 104 79
is_linear=0
shrinkage=0.05


Tree=126
num_leaves=31
num_cat=0
split_feature=5 29 13 5 7 5 27 6 29 29 31 30 31 27 27 31 16 31 5 7 31 18 31 29 7 27 16 31 27 7
split_gain=88.8219 243.103 134.897 88.6429 84.4689 123.643 94.3995 78.3853 64.6223 53.9911 127.999 127.745 125.648 120.973 212.237 209.604 190.653 296.029 184.203 199.168 186.406 178.408 294.956 173.184 212.894 171.37 127.608 118.275 164.784 229.286
threshold=0.057565789473684216 1.0000000180025095e-35 1.0000000180025095e-35 0.069711538461538478 530.00000000000011 0.17269736842105265 68.500000000000014 0.11513157894736843 1.0000000180025095e-35 5.5000000000000009 76.500000000000014 1.0000000180025095e-35 67.500000000000014 57.500000000000007 69.500000000000014 33.500000000000007 207650.00000000003 26.500000000000004 0.31009615384615391 6709.5000000000009 51.500000000000007 131650.00000000003 37.500000000000007 4.5000000000000009 4021.5000000000005 56.000000000000007 188050.00000000003 41.500000000000007 56.000000000000007 5373.0000000000009
decision_type=2 2 2 2 2 2 2 2 2 2 2 2 2 2 2 2 2 2 2 2 2 2 2 2 2 2 2 2 2 2
left_child=1 2 -1 8 5 6 -5 -7 -2 10 11 27 13 25 15 23 17 -16 19 -17 21 -20 -23 24 -15 -13 -19 -6 -29 -30
right_child=3 -3 -4 4 9 7 -8 -9 -10 -11 -12 12 -14 14 16 18 -18 26 20 -21 -22 22 -24 -25 -26 -27 -28 28 29 -31
leaf_value=0.10079554465057244 0.13098002926433255 -0.2039015031276058 -0.082366002087865889 -0.049451728516008056 -0.0026002749230747742 -0.16956087704516054 0.078332102725367336 -0.038448239835948424 0.019303768886324249 0.016584110938233337 -0.11321448902724403 -0.0041281844212629542 0.099009021039390965 -0.085620651597326458 -0.15598664963958273 -0.096535300338046665 0.14716851180198631 0.027871643996365866 0.020626219101567797 -0.28301366443064674 -0.14814225973294021 -0.24888455725427883 -0.012917018942820753 -0.11525024394968371 0.096172226190903765 0.13753259945096391 -0.092832512043386814 -0.0036777267976570924 -0.025160760498161405 0.085572090807025936
leaf_weight=20 21 20 20 36 881 24 24 22 34 410 26 281 23 23 30 51 21 171 82 20 41 20 39 23 53 23 25 209 63 180
leaf_count=20 21 20 20 36 881 24 24 22 34 410 26 281 23 23 30 51 21 171 82 20 41 20 39 23 53 23 25 209 63 180
internal_value=-0.00187403 -0.0620297 0.00911306 -0.000606373 -0.00184349 -0.0456035 0.0016239 -0.107183 0.0621949 -0.000118835 -0.00311864 -0.00184433 -0.0161109 -0.0190592 -0.0320964 -0.0570229 0.00341481 -0.0099799 -0.0811513 -0.149459 -0.0544089 -0.0270321 -0.0932764 0.00460774 0.04105 0.00661483 0.0124107 0.00806299 0.028854 0.0568445
internal_weight=2916 60 40 2856 2801 106 60 46 55 2695 2285 2259 926 903 599 352 247 226 253 71 182 141 59 99 76 304 196 1333 452 243
internal_count=2916 60 40 2856 2801 106 60 46 55 2695 2285 2259 926 903 599 352 247 226 253 71 182 141 59 99 76 304 196 1333 452 243
is_linear=0
shrinkage=0.05


Tree=127
num_leaves=31
num_cat=0
split_feature=5 29 13 5 7 2 5 14 6 29 31 30 14 27 27 31 27 27 2 31 16 31 27 2 29 7 16 31 27 2
split_gain=80.1989 219.514 121.81 80.0542 76.2643 129.165 420.32 98.5102 63.7058 48.7402 115.561 115.333 141.95 236.251 239.627 113.455 109.247 191.635 192.664 207.196 172.157 267.245 154.732 160.226 139.055 167.818 115.207 115.457 138.765 115.181
threshold=0.057565789473684216 1.0000000180025095e-35 1.0000000180025095e-35 0.069711538461538478 530.00000000000011 0.71547985076904308 0.19901315789473686 0.077596153846153856 0.057565789473684216 5.5000000000000009 76.500000000000014 1.0000000180025095e-35 -0.054615384615384614 57.500000000000007 67.500000000000014 67.500000000000014 57.500000000000007 69.500000000000014 0.58936524391174328 33.500000000000007 207650.00000000003 26.500000000000004 56.000000000000007 0.67700940370559703 4.5000000000000009 4021.5000000000005 188050.00000000003 31.500000000000004 77.000000000000014 0.59841585159301769
decision_type=2 2 2 2 2 2 2 2 2 2 2 2 2 2 2 2 2 2 2 2 2 2 2 2 2 2 2 2 2 2
left_child=1 2 -1 8 5 6 7 -5 -2 10 11 12 13 -6 -15 16 22 18 -18 24 21 -19 23 -13 25 -20 27 -23 -29 -21
right_child=3 -3 -4 4 9 -7 -8 -9 -10 -11 -12 15 -14 14 -16 -17 17 20 19 29 -22 26 -24 -25 -26 -27 -28 28 -30 -31
leaf_value=0.095780837061393315 0.013205381536223807 -0.193757147397568 -0.078268193305280065 -0.071831455595814539 -0.021873562734079754 0.070742046158408636 -0.27016753171806906 0.050190493674222326 0.12241121544724419 0.015755106500556372 -0.10757545289294473 -0.015228914236162738 0.0010829217327345741 0.19765462084921867 0.042439005139152899 0.094079999175745166 0.0960936968747656 -0.14821322610310939 -0.081358149505796895 -0.18034818425923094 0.13984495915507819 -0.02656492946114444 0.13068573701304273 0.1222143329196162 -0.10951267625426962 0.080510433478684904 -0.088209378101911207 0.13644648934952974 0.016707316180226126 -0.075270603597894239
leaf_weight=20 32 20 20 32 73 20 20 34 23 410 26 258 1147 37 76 23 20 30 23 30 21 64 23 23 23 52 25 37 70 204
leaf_count=20 32 20 20 32 73 20 20 34 23 410 26 258 1147 37 76 23 20 30 23 30 21 64 23 23 23 52 25 37 70 204
internal_value=-0.00178251 -0.0589437 0.00865347 -0.000577868 -0.00175361 -0.0433341 -0.0699728 -0.00891519 0.0591033 -0.000114762 -0.00296506 -0.00175413 0.00765948 0.0481657 0.0934359 -0.01531 -0.0181119 -0.0305012 -0.054187 -0.0632813 0.00324157 -0.00948579 0.00628546 -0.00392185 -0.00218677 0.0307619 0.0117873 0.0264789 0.0582479 -0.0888347
internal_weight=2916 60 40 2856 2801 106 86 66 55 2695 2285 2259 1333 186 113 926 903 599 352 332 247 226 304 281 98 75 196 171 107 234
internal_count=2916 60 40 2856 2801 106 86 66 55 2695 2285 2259 1333 186 113 926 903 599 352 332 247 226 304 281 98 75 196 171 107 234
is_linear=0
shrinkage=0.05


Tree=128
num_leaves=31
num_cat=0
split_feature=5 5 5 8 30 27 5 27 5 2 6 13 2 14 2 2 27 31 27 27 9 5 6 31 8 2 27 8 5 31
split_gain=72.4192 203.47 72.2904 71.1869 145.311 191.664 238.068 141.513 130.934 129.544 155.907 204.932 134.006 228.294 137.375 152.93 132.851 182.27 256.598 238.178 198.181 116.826 112.351 172.104 162.712 162.193 143.887 105.118 98.5681 267.715
threshold=0.057565789473684216 1.0000000180025095e-35 0.069711538461538478 598.50000000000011 1.5000000000000002 56.000000000000007 0.19901315789473686 79.500000000000014 0.17269736842105265 0.66760164499282848 0.091093117408906896 1.0000000180025095e-35 0.65818580985069286 0.28423076923076929 0.64362648129463207 0.62960797548294078 56.000000000000007 41.500000000000007 67.500000000000014 75.500000000000014 1.0000000180025095e-35 0.11513157894736843 0.057565789473684216 24.500000000000004 256.50000000000006 0.64537152647972118 72.500000000000014 413.50000000000006 0.51315789473684215 42.500000000000007
decision_type=2 2 2 2 2 2 2 2 2 2 2 2 2 2 2 2 2 2 2 2 2 2 2 2 2 2 2 2 2 2
left_child=1 -1 -2 4 5 6 8 21 -4 12 28 -12 14 -14 15 -5 -16 20 -19 -20 -18 -7 23 -23 -25 -24 -27 -9 -11 -30
right_child=2 -3 3 9 -6 7 -8 27 -10 10 11 -13 13 -15 16 -17 17 18 19 -21 -22 22 25 24 -26 26 -28 -29 29 -31
leaf_value=0.02439963163431089 0.056164979266709297 -0.16104587762976974 0.023995321141853335 0.0025141905169599704 0.041593079886290331 -0.17564973429317388 -0.048917775620782603 0.069692935292997693 0.15240473589688272 0.038549174725674207 0.089992974735611117 -0.11124093139276477 -0.021452463059760736 -0.20165375449222411 -0.035105109208712994 -0.042531928377340107 0.055194819942820585 0.24272619198108544 -0.049514709275176094 0.16021312018463896 -0.10280184257651825 -0.00037836550405738581 0.10514263679361463 -0.061466575933997104 -0.21326576874196698 -0.015601872890096131 -0.13900606672154781 -0.069376574153018775 0.23299860460349764 -0.011929115163746166
leaf_weight=34 55 26 50 1425 88 22 72 38 33 133 20 34 106 21 49 217 74 26 28 26 27 33 20 35 36 90 32 21 25 20
leaf_count=34 55 26 50 1425 88 22 72 38 33 133 20 34 106 21 49 217 74 26 28 26 27 33 20 35 36 90 32 21 25 20
internal_value=-0.00169311 -0.0560111 -0.000548303 -0.00166567 -0.0174349 -0.0282285 0.0175357 -0.0499351 0.0752318 0.00236158 0.0377205 -0.0365889 -0.00174129 -0.0514241 0.00162918 -0.0034381 0.0378127 0.057589 0.113925 0.0514824 0.0128487 -0.0653682 -0.0554179 -0.0948981 -0.138697 -0.0264212 -0.0480985 0.0200754 0.0602997 0.124246
internal_weight=2916 60 2856 2801 570 482 155 327 83 2231 232 54 1999 127 1872 1642 230 181 80 54 101 268 246 104 71 142 122 59 178 45
internal_count=2916 60 2856 2801 570 482 155 327 83 2231 232 54 1999 127 1872 1642 230 181 80 54 101 268 246 104 71 142 122 59 178 45
is_linear=0
shrinkage=0.05


Tree=129
num_leaves=31
num_cat=0
split_feature=5 29 13 5 8 31 5 6 27 2 6 2 8 2 2 6 13 2 2 2 2 27 31 27 27 31 8 31 5 29
split_gain=65.3753 194.914 109.387 65.2553 64.2746 134.586 142.782 249.616 124.383 177.153 171.064 250.391 228.99 131.88 116.946 140.728 185.033 120.995 216.812 124.012 138.026 119.938 164.58 231.663 215.051 141.529 112.644 111.946 96.8173 106.635
threshold=0.057565789473684216 1.0000000180025095e-35 1.0000000180025095e-35 0.069711538461538478 598.50000000000011 48.500000000000007 0.22064777327935226 0.069711538461538478 56.000000000000007 0.62019485235214245 1.0000000180025095e-35 0.65856382250785839 112.00000000000001 0.63868457078933727 0.66760164499282848 0.091093117408906896 1.0000000180025095e-35 0.65818580985069286 0.66022831201553356 0.64362648129463207 0.62960797548294078 56.000000000000007 41.500000000000007 67.500000000000014 75.500000000000014 34.500000000000007 78.500000000000014 24.500000000000004 0.57072368421052644 4.5000000000000009
decision_type=2 2 2 2 2 2 2 2 2 2 2 2 2 2 2 2 2 2 2 2 2 2 2 2 2 2 2 2 2 2
left_child=1 2 -1 -2 5 8 7 -7 9 -5 11 12 -10 -11 17 -16 -17 19 -19 20 28 -21 25 -24 -25 -23 -12 -14 29 -6
right_child=3 -3 -4 4 14 6 -8 -9 10 13 26 -13 27 -15 15 16 -18 18 -20 21 -22 22 23 24 -26 -27 -28 -29 -30 -31
leaf_value=0.093030859752377459 0.05336182732980177 -0.18025701873338046 -0.071897709162081047 -0.049632360471595888 0.0062620449220092272 0.036871822846346887 0.083519567143775633 -0.16534285782637756 0.078865805214346801 0.16032141853785103 -0.10322250451926379 -0.24543125003705293 -0.027219557180347673 0.016578203486904301 0.057292048959662868 0.085515711349041304 -0.10569519821849388 -0.17145717927781712 -0.014002213549474113 -0.033353430427261868 -0.040406311520346148 0.042582078383172801 0.23063637851755281 -0.047047784203312154 0.15223316162025335 -0.10295055918218965 -0.0012157785498532751 -0.16526263625337809 0.056512362860076416 -0.028971097564706158
leaf_weight=20 55 20 20 70 1079 55 61 21 22 23 33 23 25 52 178 20 34 28 99 49 217 80 26 28 26 21 149 36 78 268
leaf_count=20 55 20 20 70 1079 55 61 21 22 23 33 23 25 52 178 20 34 28 99 49 217 80 26 28 26 21 149 36 78 268
internal_value=-0.00160891 -0.0532178 0.0104682 -0.000521113 -0.0015828 -0.0165669 0.0265934 -0.0190814 -0.0302372 0.00749773 -0.0492491 -0.099724 -0.0590404 0.0608808 0.00224383 0.0358396 -0.0347568 -0.00165433 -0.0488636 0.0015482 -0.00326617 0.0359268 0.0547179 0.10825 0.0489139 0.0122015 -0.0197855 -0.108907 0.00238849 -0.000745883
internal_weight=2916 60 40 2856 2801 570 137 76 433 145 288 106 83 75 2231 232 54 1999 127 1872 1642 230 181 80 54 101 182 61 1425 1347
internal_count=2916 60 40 2856 2801 570 137 76 433 145 288 106 83 75 2231 232 54 1999 127 1872 1642 230 181 80 54 101 182 61 1425 1347
is_linear=0
shrinkage=0.05


Tree=130
num_leaves=31
num_cat=0
split_feature=31 2 31 2 16 2 16 5 8 2 2 15 16 27 14 6 5 2 31 7 29 5 8 34 29 5 27 14 7 31
split_gain=128.636 163.38 108.197 87.8673 289.639 210.15 176.355 154.33 204.25 191.413 134.545 129.394 108.683 225.42 160.254 163.901 469.642 129.589 158.454 147.519 129.81 124.951 103.064 115.694 99.1777 97.0822 156.565 144.021 158.699 170.576
threshold=76.500000000000014 0.63183832168579113 68.500000000000014 0.59759381413459789 327500.00000000006 0.59841585159301769 355750.00000000006 0.057565789473684216 115.00000000000001 0.63689053058624279 0.63791161775589 12.062710229154213 228732.00000000003 77.000000000000014 0.22908846153846157 0.057565789473684216 0.46761133603238875 0.60417041182518016 60.500000000000007 7016.5000000000009 5.5000000000000009 0.28542510121457493 283.50000000000006 1.0000000180025095e-35 3.5000000000000004 0.28542510121457493 57.500000000000007 0.20673076923076925 7794.0000000000009 33.500000000000007
decision_type=2 2 2 2 2 2 2 2 2 2 2 2 2 2 2 2 2 2 2 2 2 2 2 2 2 2 2 2 2 2
left_child=2 -2 3 4 25 -5 7 10 9 -9 -7 -11 14 17 22 16 21 19 20 -14 24 -16 23 -10 -19 26 -1 -27 -29 -30
right_child=1 -3 -4 5 -6 6 -8 8 12 11 -12 -13 13 -15 15 -17 -18 18 -20 -21 -22 -23 -24 -25 -26 27 -28 28 29 -31
leaf_value=0.017142229627503985 0.033583398911747997 -0.14090124982193419 0.080105925845123688 -0.13033850655390902 0.19097647457827982 0.0028110892498662684 -0.12178091624450849 0.15488284719295992 0.011718107730249235 0.042339697517630073 -0.1700757643803027 -0.082906142977021979 0.1572469431260855 0.12786626156225228 -0.1238439586935277 0.0023514864188091474 -0.30294868807657072 0.013807595017068398 -0.11511274748474326 0.02024307803724907 0.10382924007693517 0.0034072639632663458 0.0015982559419868436 -0.11937946086245886 -0.057773051521449903 -0.028542989210427246 0.15470034646004749 -0.0087907856851668787 0.2073324329621419 0.04248064892687467
leaf_weight=72 22 34 46 31 24 21 29 35 30 191 24 23 27 44 29 82 21 156 31 72 29 57 1271 38 70 193 29 101 21 62
leaf_count=72 22 34 46 31 24 21 29 35 30 191 24 23 27 44 29 82 21 156 31 72 29 57 1271 38 70 193 29 101 21 62
internal_value=0.00264918 -0.0723269 0.00412199 0.00287487 0.0218336 -0.00124198 0.000516728 0.00209987 0.00397377 0.0466173 -0.089457 0.0288229 -0.00145156 0.02078 -0.00769751 -0.0507851 -0.0915175 0.00849862 -0.0085568 0.0577792 0.00441751 -0.039539 -0.00160862 -0.0615366 -0.00835703 0.0132924 0.0568025 0.00161062 0.0332646 0.0844496
internal_weight=2915 56 2859 2813 502 2311 2280 2251 2206 249 45 214 1957 429 1528 189 107 385 286 99 255 86 1339 68 226 478 101 377 184 83
internal_count=2915 56 2859 2813 502 2311 2280 2251 2206 249 45 214 1957 429 1528 189 107 385 286 99 255 86 1339 68 226 478 101 377 184 83
is_linear=0
shrinkage=0.05


Tree=131
num_leaves=31
num_cat=0
split_feature=31 2 31 2 16 2 16 5 7 2 2 15 16 27 14 33 5 7 27 27 5 16 2 2 31 5 5 16 15 27
split_gain=116.113 147.514 97.6693 79.3554 261.503 189.722 159.216 139.324 159.263 234.193 121.497 105.839 95.1134 203.482 147.664 450.308 127.062 219.42 283.655 268.638 93.387 121.52 101.541 120.865 89.7519 168.981 117.419 113.983 205.401 107.876
threshold=76.500000000000014 0.63183832168579113 68.500000000000014 0.59759381413459789 327500.00000000006 0.59841585159301769 355750.00000000006 0.057565789473684216 858.50000000000011 0.63689053058624279 0.63791161775589 12.062710229154213 228732.00000000003 77.000000000000014 0.22908846153846157 1.0000000180025095e-35 0.31414473684210531 7509.5000000000009 56.000000000000007 61.500000000000007 0.28542510121457493 265250.00000000006 0.60966897010803234 0.64144939184188854 35.500000000000007 0.17269736842105265 0.13942307692307696 183875.00000000003 11.965597270085466 65.500000000000014
decision_type=2 2 2 2 2 2 2 2 2 2 2 2 2 2 2 2 2 2 2 2 2 2 2 2 2 2 2 2 2 2
left_child=2 -2 3 4 -1 -5 7 10 9 -9 -7 -11 14 16 24 -16 20 18 -18 -20 22 -22 -14 -24 25 26 -10 -26 -29 -27
right_child=1 -3 -4 5 -6 6 -8 8 12 11 -12 -13 13 -15 15 -17 17 -19 19 -21 21 -23 23 -25 27 29 -28 28 -30 -31
leaf_value=0.012632325531778864 0.031911836544313045 -0.13387684357131333 0.076109318932974943 -0.12384253856740964 0.18146727786271899 0.0026712007149700869 -0.11571279866396869 0.16516541303824805 -0.018226667580666482 0.034337591887477835 -0.16160726213665424 -0.078778782757845792 0.062133806042582784 0.12148744531161662 -0.013980874724469367 -0.22217910527416365 -0.063075677579615533 -0.0082643778112779231 0.28354981182926919 0.073767816333356745 -0.020086130375766578 -0.17925752851722845 -0.099670457833597806 0.05169188217458566 0.023683186109443352 -0.028011393347620379 -0.17218682451991579 -0.15160956775711171 0.0040403623314215651 0.012268034341952878
leaf_weight=478 22 34 46 31 24 21 29 33 23 196 24 23 39 44 158 31 23 145 22 50 30 20 35 21 494 310 27 27 97 358
leaf_count=478 22 34 46 31 24 21 29 33 23 196 24 23 39 44 158 31 23 145 22 50 30 20 35 21 494 310 27 27 97 358
internal_value=0.00251718 -0.0687157 0.00391654 0.00273156 0.0207486 -0.00118071 0.00049023 0.00199459 0.00377516 0.0411773 -0.0849972 0.0224044 -0.00104775 0.0197451 -0.00690121 -0.0482557 0.00807592 0.0304082 0.089434 0.138242 -0.0288489 -0.0840852 0.000228154 -0.0428295 -0.001044 -0.0130698 -0.101643 0.0129195 -0.0299057 -0.00641843
internal_weight=2915 56 2859 2813 502 2311 2280 2251 2206 252 45 219 1954 429 1525 189 385 240 95 72 145 50 95 56 1336 718 50 618 124 668
internal_count=2915 56 2859 2813 502 2311 2280 2251 2206 252 45 219 1954 429 1525 189 385 240 95 72 145 50 95 56 1336 718 50 618 124 668
is_linear=0
shrinkage=0.05


Tree=132
num_leaves=31
num_cat=0
split_feature=35 8 8 30 2 18 35 33 35 15 29 2 16 15 2 6 15 29 14 8 5 8 2 35 3 6 2 16 2 9
split_gain=85.1731 71.1501 198.931 124.568 197.153 504.134 120.242 297.177 125.074 107.879 136.175 137.531 203.335 128.351 118.615 129.346 554.149 105.593 137.204 89.0796 189.517 151.695 86.605 71.341 69.1999 67.084 86.0872 58.9956 59.4813 56.4939
threshold=11.500000000000002 115.00000000000001 107.50000000000001 1.0000000180025095e-35 0.71547985076904308 108269.50000000001 6.5000000000000009 1.0000000180025095e-35 4.5000000000000009 12.158455298467205 6.5000000000000009 0.59759381413459789 327500.00000000006 12.138198560900538 0.6597372591495515 0.057565789473684216 12.223916992767714 5.5000000000000009 0.40500000000000008 1188.5000000000002 0.44951923076923084 1134.0000000000002 0.64362648129463207 6.5000000000000009 1.0000000180025095e-35 1.0000000180025095e-35 0.59489214420318615 292400.00000000006 0.59011620283126842 1.0000000180025095e-35
decision_type=2 2 2 2 2 2 2 2 2 2 2 2 2 2 2 2 2 2 2 2 2 2 2 2 2 2 2 2 2 2
left_child=1 2 3 6 5 -5 8 -8 22 13 11 12 25 24 15 16 -13 18 -17 21 -21 -18 -1 -7 29 26 27 28 -11 -3
right_child=-2 9 -4 4 -6 23 7 -9 -10 10 -12 14 -14 -15 -16 17 19 -19 -20 20 -22 -23 -24 -25 -26 -27 -28 -29 -30 -31
leaf_value=0.12401225208791333 -0.079905789898906107 -0.0075916058957479189 0.14796790742002849 -0.19714387349708154 0.090577034199053483 -0.015698121699681818 -0.0073320306434250977 0.20316105903680454 -0.10511453792971757 0.096135713894482708 0.11802916553950756 -0.23554847929295272 0.19092810685278605 -0.09199875260209954 0.087655280814492462 0.085543593100700352 -0.0012168374307339859 0.13749461505255656 -0.064182984759641237 -0.12294382758774838 0.028901806730136016 0.13629660420288325 0.001016921292759939 0.09363901229142263 0.07415768110667259 -0.038080405273112738 0.13998196478284414 -0.050084606650753399 0.014992896573219956 0.024147913434039648
leaf_weight=20 31 1657 30 39 29 33 35 32 20 35 32 28 22 42 34 31 216 23 30 42 40 22 50 27 28 30 20 20 64 153
leaf_count=20 31 1657 30 39 29 33 35 32 20 35 32 28 22 42 34 31 216 23 30 42 40 22 50 27 28 30 20 20 64 153
internal_value=0.00239037 0.00327945 0.0257036 0.0127688 -0.0238058 -0.0574199 0.0426156 0.0932804 0.00478126 0.000527045 0.0174523 0.0125287 0.0482503 -0.00567381 -0.00210903 -0.00920404 -0.0226564 0.0464283 0.0118412 -0.00394494 -0.0488669 0.0115254 0.0363565 0.0334943 -0.00369358 0.0295454 0.0441937 0.0279488 0.0437983 -0.0049047
internal_weight=2915 2884 315 285 128 99 157 67 90 2569 689 657 191 1880 466 432 348 84 61 320 82 238 70 60 1838 169 139 119 99 1810
internal_count=2915 2884 315 285 128 99 157 67 90 2569 689 657 191 1880 466 432 348 84 61 320 82 238 70 60 1838 169 139 119 99 1810
is_linear=0
shrinkage=0.05


Tree=133
num_leaves=31
num_cat=0
split_feature=31 2 31 5 30 8 27 2 35 5 2 16 31 2 27 16 16 27 27 5 5 27 8 2 27 35 31 16 34 27
split_gain=99.0237 130.009 85.4268 79.0569 291.567 160.368 165.148 160.222 122.805 150.532 365.148 116.814 216.469 182.917 369.065 100.643 138.439 277.333 116.521 235.394 96.0141 217.287 100.302 82.7867 82.757 195.513 130.553 78.7473 70.8931 148.287
threshold=76.500000000000014 0.63183832168579113 68.500000000000014 0.091093117408906896 1.0000000180025095e-35 115.00000000000001 54.000000000000007 0.65325996279716503 5.5000000000000009 0.17269736842105265 0.71547985076904308 228732.00000000003 26.500000000000004 0.61893150210380565 57.500000000000007 299150.00000000006 259800.00000000003 56.000000000000007 56.000000000000007 0.37171052631578955 0.42927631578947373 57.500000000000007 983.50000000000011 0.63610014319419872 47.000000000000007 6.5000000000000009 30.500000000000004 342500.00000000006 1.0000000180025095e-35 67.500000000000014
decision_type=2 2 2 2 2 2 2 2 2 2 2 2 2 2 2 2 2 2 2 2 2 2 2 2 2 2 2 2 2 2
left_child=2 -2 3 4 24 6 -5 -6 28 -10 -11 -7 13 14 -13 16 20 -18 -17 -20 21 -14 -22 -15 26 -26 -1 -21 -8 -30
right_child=1 -3 -4 5 7 11 8 -9 9 10 -12 12 15 23 -16 18 17 -19 19 27 22 -23 -24 -25 25 -27 -28 -29 29 -31
leaf_value=0.13472277832207205 0.030945431242161748 -0.12468578414308712 0.07108185699860084 0.15145680671818904 -0.22998409616998783 -0.0052219848688768427 0.0083898796571939462 -0.044965711452406965 0.072858791724037947 -0.14934835894238158 0.086910654219974404 -0.0058599481238654598 0.010932108236085812 -0.042856123627894427 0.27488312479440008 0.027987496805493187 -0.050360409505777852 0.12369169393974118 -0.18396169754411903 -0.042690770606445598 0.11839378450027448 -0.13206636467550556 0.0045329184458942099 0.09326707295035544 -0.10161135427850432 0.091995285571468952 -0.031084596955380735 0.072619311385486843 0.023664563416100261 0.21412288950517847
leaf_weight=27 22 34 46 32 23 1864 21 24 39 39 28 20 109 25 28 65 33 74 27 56 29 35 58 20 34 21 21 20 20 21
leaf_count=27 22 34 46 32 23 1864 21 24 39 39 28 20 109 25 28 65 33 74 27 56 29 35 58 20 34 21 21 20 20 21
internal_value=0.00227253 -0.0635096 0.00356495 0.00245661 -0.0328451 0.0044481 0.0474957 -0.135909 0.0275855 -0.0050759 -0.0505564 0.000948739 0.0201571 0.09023 0.158034 0.00725297 0.0229796 0.0699685 -0.0243526 -0.0574264 0.00117172 -0.0238573 0.0426363 0.0176049 0.0142217 -0.0275653 0.0621643 -0.0122248 0.0834248 0.121622
internal_weight=2915 56 2859 2813 150 2663 200 47 168 106 67 2463 599 93 48 506 338 107 168 103 231 144 87 45 103 55 48 76 62 41
internal_count=2915 56 2859 2813 150 2663 200 47 168 106 67 2463 599 93 48 506 338 107 168 103 231 144 87 45 103 55 48 76 62 41
is_linear=0
shrinkage=0.05


Tree=134
num_leaves=31
num_cat=0
split_feature=31 8 8 31 15 6 35 14 10 27 16 31 14 16 16 16 27 31 27 27 20 11 34 15 29 35 8 27 27 27
split_gain=89.9326 62.4355 162.938 114.984 123.007 93.0123 179.061 134.524 272.471 162.633 91.2224 158.842 112.611 92.1864 83.2422 132.719 249.638 108.802 105.021 93.6937 84.2883 83.8701 82.0086 78.318 71.8829 58.4974 137.859 253.001 273.438 213.897
threshold=82.500000000000014 115.00000000000001 107.50000000000001 58.500000000000007 12.229426876554847 1.0000000180025095e-35 6.5000000000000009 0.12384615384615387 1.0000000180025095e-35 77.000000000000014 228732.00000000003 26.500000000000004 0.52269230769230779 256250.00000000003 299150.00000000006 259800.00000000003 56.000000000000007 45.500000000000007 56.000000000000007 66.500000000000014 1.0000000180025095e-35 1.0000000180025095e-35 1.0000000180025095e-35 12.530869791823436 1.5000000000000002 6.5000000000000009 831.50000000000011 64.000000000000014 56.000000000000007 75.500000000000014
decision_type=2 2 2 2 2 2 2 2 2 2 2 2 2 2 2 2 2 2 2 2 2 2 2 2 2 2 2 2 2 2
left_child=1 2 3 4 5 6 22 8 -7 24 25 12 13 -12 15 -13 -17 21 -16 -20 -21 -18 -1 -14 -10 -3 27 28 -27 -28
right_child=-2 10 -4 -5 -6 7 -8 -9 9 -11 11 14 23 -15 18 16 17 -19 19 20 -22 -23 -24 -25 -26 26 29 -29 -30 -31
leaf_value=-0.068000840590823258 -0.07127345051716133 -0.009324971729381782 0.13481228687487964 0.12210405444667349 -0.11552129953135898 -0.1880370357039064 0.16240531473324218 0.076856678116173027 0.0037726824364950023 -0.10496474860673882 0.21252545853752403 -0.00089438242040186424 -0.049959585939255931 0.071372826476962539 0.027292182901944635 -0.048527483773196545 0.22879708537487625 0.017931883677637955 -0.11706162305533725 -0.069053873301275326 0.042510501096486276 0.10284576722875119 0.044205472557492784 0.079526238674404975 0.11576881826052934 0.013377831860369211 0.0061935385478372245 -0.004386653802189955 0.22591661161256341 -0.13487594581125584
leaf_weight=23 41 1513 30 22 20 24 26 32 38 25 20 236 21 28 66 34 21 22 37 37 31 37 55 26 23 28 250 86 33 30
leaf_count=23 41 1513 30 22 20 24 26 32 38 25 20 236 21 28 66 34 21 22 37 37 31 37 55 26 23 28 250 86 33 30
internal_value=0.00216005 0.00321182 0.024102 0.0125095 0.00338404 0.0131145 0.0490267 -0.0131683 -0.0394488 0.00212989 0.000610015 0.0173731 0.0768015 0.13061 0.00651458 0.02049 0.0647652 0.112977 -0.0220561 -0.053119 -0.0181325 0.14885 0.0110103 0.0215815 0.0462029 -0.00471074 0.0116256 0.050823 0.128621 -0.00894595
internal_weight=2915 2874 318 288 266 246 104 142 110 86 2556 616 95 48 521 350 114 80 171 105 68 58 78 47 61 1940 427 147 61 280
internal_count=2915 2874 318 288 266 246 104 142 110 86 2556 616 95 48 521 350 114 80 171 105 68 58 78 47 61 1940 427 147 61 280
is_linear=0
shrinkage=0.05


Tree=135
num_leaves=31
num_cat=0
split_feature=16 2 5 5 27 31 27 31 14 7 27 6 8 5 6 27 2 2 2 15 35 2 2 8 7 14 27 27 7 7
split_gain=108.741 143.289 158.539 205.215 194.938 74.7322 323.211 108.159 66.9488 57.657 70.9519 54.3324 110.039 87.14 86.6005 134.172 344.264 546.233 182.629 132.496 218.228 147.926 128.204 167.824 321.456 155.833 112.599 110.948 113.285 109.734
threshold=300750.00000000006 0.62098920345306408 0.51315789473684215 0.34210526315789475 56.000000000000007 76.500000000000014 61.500000000000007 68.500000000000014 -0.44480769230769229 14330.000000000002 75.500000000000014 0.069711538461538478 70.500000000000014 0.65789473684210542 0.057565789473684216 64.000000000000014 0.63454651832580578 0.64812809228897106 0.67853298783302318 11.98074305876939 5.5000000000000009 0.635846108198166 0.64857995510101329 74.500000000000014 831.50000000000011 0.33653846153846162 71.500000000000014 75.500000000000014 3919.0000000000005 3919.0000000000005
decision_type=2 2 2 2 2 2 2 2 2 2 2 2 2 2 2 2 2 2 2 2 2 2 2 2 2 2 2 2 2 2
left_child=5 2 3 4 -2 7 -7 8 -1 11 -11 14 -13 -14 22 16 -16 -18 19 20 21 -17 23 -10 -25 -24 -26 28 -23 -19
right_child=1 -3 -4 -5 -6 6 -8 -9 9 10 -12 12 13 -15 15 18 17 29 -20 -21 -22 27 25 24 26 -27 -28 -29 -30 -31
leaf_value=0.086252376722149637 0.017068806970439387 -0.12264299221698326 -0.13562128324044775 0.097697145452078984 -0.14977445449408902 0.10987121450960338 -0.13904830443589997 0.087726528138070942 -0.096152404388730614 0.12124810892266112 -0.0071326213096504776 0.092839938015132753 -0.024947188969882794 0.079436986282538466 0.0028756734798026217 0.075984908723411682 0.36056190601628813 -0.012482508051862073 0.07372098910465906 0.04577192929476892 -0.14944062355778662 -0.022722446467124575 -0.017324652690447806 0.14148302437559993 -7.9986450728236895e-05 -0.14152125620757136 0.043575919141444319 0.023878508740946221 -0.1799970537761218 0.11844727572134002
leaf_weight=25 53 37 22 43 26 20 37 40 38 23 20 23 376 21 128 34 20 28 66 53 38 24 252 45 1120 28 170 31 22 37
leaf_count=25 53 37 22 43 26 20 37 40 38 23 20 23 376 21 128 34 20 28 66 53 38 24 252 45 1120 28 170 31 22 37
internal_value=0.00250744 -0.0350044 -0.012382 0.00989343 -0.0378984 0.00500758 -0.0515811 0.00622306 0.00497447 0.00418684 0.0615421 0.00321685 -0.0132157 -0.0193944 0.00645381 0.0251241 0.0547363 0.132678 0.00155882 -0.022019 -0.0461806 -0.0106826 0.00101679 0.00730839 0.0102641 -0.0298083 0.00567217 -0.0490652 -0.0982765 0.0620374
internal_weight=2900 181 144 122 79 2719 57 2662 2622 2597 43 2554 420 397 2134 481 213 85 268 202 149 111 1653 1373 1335 280 1290 77 46 65
internal_count=2900 181 144 122 79 2719 57 2662 2622 2597 43 2554 420 397 2134 481 213 85 268 202 149 111 1653 1373 1335 280 1290 77 46 65
is_linear=0
shrinkage=0.05


Tree=136
num_leaves=31
num_cat=0
split_feature=16 31 27 7 31 27 31 14 27 7 27 6 8 6 27 2 2 2 35 18 2 2 8 7 14 2 33 34 8 2
split_gain=98.1892 135.356 174.267 209.603 67.4463 291.821 97.6365 60.4453 56.5702 52.0469 64.0751 49.0235 99.3481 78.1913 121.156 310.826 493.247 164.857 120.536 221.452 128.173 115.73 151.502 290.183 140.693 111.028 293.578 142.454 113.556 111.851
threshold=300750.00000000006 26.500000000000004 56.000000000000007 7016.5000000000009 76.500000000000014 61.500000000000007 68.500000000000014 -0.44480769230769229 66.500000000000014 14330.000000000002 75.500000000000014 0.069711538461538478 70.500000000000014 0.057565789473684216 64.000000000000014 0.63454651832580578 0.64812809228897106 0.67853298783302318 5.5000000000000009 109200.00000000001 0.635846108198166 0.64857995510101329 74.500000000000014 831.50000000000011 0.33653846153846162 0.64537152647972118 1.0000000180025095e-35 1.0000000180025095e-35 1431.5000000000002 0.63610014319419872
decision_type=2 2 2 2 2 2 2 2 2 2 2 2 2 2 2 2 2 2 2 2 2 2 2 2 2 2 2 2 2 2
left_child=4 -2 -3 -4 6 -6 7 -1 -5 11 -11 13 -13 21 15 -15 -17 18 20 -20 -16 22 -9 -24 -23 27 -27 29 -29 -25
right_child=1 2 3 8 5 -7 -8 9 -10 10 -12 12 -14 14 17 16 -18 -19 19 -21 -22 24 23 25 -26 26 -28 28 -30 -31
leaf_value=0.081956935789718091 0.072039121686270399 0.016549706025373711 -0.22775415569139282 -0.10794458343677249 0.1044049874467043 -0.13211462360749027 0.083351139157564577 -0.091357401733010477 -0.017689773608443534 0.11521195273894767 -0.0067777668362233173 0.088218036203673383 -0.01842336677356305 0.0027320023426883489 0.073843579658383549 0.34262349421705185 0.058939836208011888 0.070040516381725426 -0.18982901325970319 0.0036564513385470665 -0.028154594694042676 -0.016458763996156166 0.13442455856769683 -0.013435671998959096 -0.13447037693444522 -0.02865706791612397 0.20548772508842694 0.0098328698698888686 0.088302696394580452 -0.10667314146064287
leaf_weight=25 26 59 22 28 20 37 40 38 46 23 20 23 397 128 45 20 65 66 26 34 97 252 45 389 28 30 24 763 49 35
leaf_count=25 26 59 22 28 20 37 40 38 46 23 20 23 397 128 45 20 65 66 26 34 97 252 45 389 28 30 24 763 49 35
internal_value=0.00238289 -0.0332623 -0.050993 -0.0925297 0.00475872 -0.0490002 0.0059135 0.00472711 -0.0520073 0.00397861 0.0584725 0.00305692 -0.012552 0.00613175 0.0238725 0.0520117 0.126072 0.0014784 -0.0209219 -0.0802804 0.0041628 0.000965285 0.00694311 0.00975156 -0.0283216 0.00538854 0.0755023 0.00231541 0.0145846 -0.0211673
internal_weight=2900 181 155 96 2719 57 2662 2622 74 2597 43 2554 420 2134 481 213 85 268 202 60 142 1653 1373 1335 280 1290 54 1236 812 424
internal_count=2900 181 155 96 2719 57 2662 2622 74 2597 43 2554 420 2134 481 213 85 268 202 60 142 1653 1373 1335 280 1290 54 1236 812 424
is_linear=0
shrinkage=0.05


Tree=137
num_leaves=31
num_cat=0
split_feature=16 2 29 5 27 27 31 27 31 14 7 27 27 24 10 8 18 31 2 2 5 8 27 27 27 14 14 2 7 5
split_gain=88.6598 125.745 142.559 163.901 139.362 70.6357 60.8704 263.481 88.137 54.5733 46.9819 57.8655 47.993 43.8113 82.5396 125.585 89.9997 91.3614 64.3717 294.467 491.086 124.491 119.748 102.803 233.362 372.377 206.496 270.907 218.988 168.161
threshold=300750.00000000006 0.62098920345306408 4.5000000000000009 0.31414473684210531 54.000000000000007 66.500000000000014 76.500000000000014 61.500000000000007 68.500000000000014 -0.44480769230769229 14330.000000000002 75.500000000000014 84.000000000000014 1.0000000180025095e-35 1.0000000180025095e-35 970.50000000000011 78150.000000000015 52.500000000000007 0.63791161775589 0.63260895013809215 0.24038461538461542 74.500000000000014 70.500000000000014 56.000000000000007 57.500000000000007 0.03061923076923077 0.31584615384615389 0.59215146303176891 7107.5000000000009 0.17269736842105265
decision_type=2 2 2 2 2 2 2 2 2 2 2 2 2 2 2 2 2 2 2 2 2 2 2 2 2 2 2 2 2 2
left_child=6 2 3 4 -2 -5 8 -8 9 -1 12 -12 13 18 15 -15 -16 -18 19 21 -21 -11 -22 -23 25 -25 27 -26 -28 -29
right_child=1 -3 -4 5 -6 -7 7 -9 -10 10 11 -13 -14 14 16 -17 17 -19 -20 20 22 23 -24 24 26 -27 28 29 -30 -31
leaf_value=0.077875415541498794 0.0098560801766197879 -0.11370406196605808 -0.11376938123764586 0.031752795087863724 -0.1450811845857409 0.15812300307240651 0.099210705537701116 -0.12552669772080013 0.07919397549494693 -0.10146678796113638 0.10947629124313206 -0.0064405623063519216 0.073136772499786867 -0.1634796320987503 -0.097406484786566203 -0.0062029513607785546 0.018136361507599025 -0.083283681900377771 -0.0060869475624678038 0.28424707485800721 0.10432729035659621 -0.0083647704567982924 -0.017097070926201795 -0.02215721359080319 0.126433639780519 0.25934480548023703 0.063126423964546416 0.11129695998071253 -0.093165572724315582 0.0026145585208824308
leaf_weight=25 52 37 27 25 20 20 20 37 40 27 23 20 24 22 23 30 192 25 863 25 34 585 50 22 59 25 31 39 80 398
leaf_count=25 52 37 27 25 20 20 20 37 40 27 23 20 24 22 23 30 192 25 863 25 34 585 50 22 59 25 31 39 80 398
internal_value=0.00226466 -0.0316065 -0.010413 0.0134726 -0.0332542 0.0882543 0.00452234 -0.0465483 0.00561947 0.00449217 0.00378085 0.0555556 0.00290505 0.00223398 -0.0159744 -0.0730251 -0.00356733 0.00639601 0.00461254 0.0113315 0.0901521 0.00453469 0.032057 0.00685668 0.020479 0.127704 0.0121487 0.025952 -0.0494539 0.0123486
internal_weight=2900 181 144 117 72 45 2719 57 2662 2622 2597 43 2554 2530 292 52 240 217 2238 1375 109 1266 84 1239 654 47 607 496 111 437
internal_count=2900 181 144 117 72 45 2719 57 2662 2622 2597 43 2554 2530 292 52 240 217 2238 1375 109 1266 84 1239 654 47 607 496 111 437
is_linear=0
shrinkage=0.05


Tree=138
num_leaves=31
num_cat=0
split_feature=16 31 27 5 5 15 14 15 8 8 31 16 27 2 27 27 27 15 30 8 14 27 27 14 34 31 31 2 5 16
split_gain=80.0375 114.841 149.1 344.74 137.716 57.6404 306.547 225.98 352.815 108.541 165.751 154.394 105.885 91.852 97.4827 167.183 63.501 62.4001 132.721 165.388 105.561 132.68 225.642 180.989 127.114 129.347 167.656 97.5223 77.4511 186.764
threshold=300750.00000000006 26.500000000000004 56.000000000000007 0.31414473684210531 0.51315789473684215 12.158455298467205 0.31969230769230778 12.191090970656875 859.00000000000011 1049.5000000000002 22.500000000000004 225703.00000000003 66.500000000000014 0.59851649403572094 56.000000000000007 65.500000000000014 44.500000000000007 12.097932178405971 1.0000000180025095e-35 962.50000000000011 0.076742307692307707 56.000000000000007 79.500000000000014 0.19524615384615387 1.0000000180025095e-35 46.500000000000007 28.500000000000004 0.59037780761718761 0.53238866396761142 126125.00000000001
decision_type=2 2 2 2 2 2 2 2 2 2 2 2 2 2 2 2 2 2 2 2 2 2 2 2 2 2 2 2 2 2
left_child=5 -2 -3 -4 -5 6 17 8 12 10 -9 -12 -7 16 -15 -16 -13 20 27 -20 28 -22 23 24 25 26 -23 -19 -1 -30
right_child=1 2 3 4 -6 7 -8 9 -10 -11 11 13 -14 14 15 -17 -18 18 19 -21 21 22 -24 -25 -26 -27 -28 -29 29 -31
leaf_value=0.0057789916163252433 0.066958366442914211 0.016106383646200147 -0.22503613731591804 0.03202410325096821 -0.11924253435305508 0.27628704671046184 -0.17308263016411984 -0.15526475440803453 0.0091412994083790965 0.033027498933375053 -0.13184648413733657 -0.004218359706688486 0.11615088870175078 -0.022960483899159969 0.14438747078859568 0.0092248160702017197 -0.11182483769791983 0.10836024184280367 -0.13872303960426732 0.00065501978906401753 -0.009143277127765307 0.089076773253803573 -0.050886819114712226 0.22607266089362557 0.13921311525508875 0.12277603814401566 -0.096006080955650996 -0.0088599087462115176 -0.06752132456207445 0.016453561478123813
leaf_weight=1349 26 59 30 43 23 21 25 20 62 181 22 34 21 63 35 66 23 20 44 41 107 21 35 21 39 24 29 151 127 138
leaf_count=1349 26 59 30 43 23 21 25 20 62 181 22 34 21 63 35 66 23 20 44 41 107 21 35 21 39 24 29 151 127 138
internal_value=0.0021523 -0.0300295 -0.0463634 -0.0847851 -0.020715 0.00429747 0.000637245 0.0187862 0.0850924 0.00322811 -0.017266 -0.00582827 0.196804 0.00674787 0.0257706 0.0562093 -0.0478459 0.00267131 -0.020486 -0.0715131 0.00581152 0.0343812 0.0619567 0.0914841 0.06625 0.0275931 -0.0181488 0.00487615 0.000921079 -0.0237824
internal_weight=2900 181 155 96 66 2719 2171 548 104 444 263 243 42 221 164 101 57 2146 256 85 1890 276 169 134 113 74 50 171 1614 265
internal_count=2900 181 155 96 66 2719 2171 548 104 444 263 243 42 221 164 101 57 2146 256 85 1890 276 169 134 113 74 50 171 1614 265
is_linear=0
shrinkage=0.05


Tree=139
num_leaves=31
num_cat=0
split_feature=16 2 29 5 27 27 8 33 7 7 8 2 2 27 5 15 27 2 2 2 33 27 30 7 2 2 27 27 14 5
split_gain=72.2531 110.049 120.06 138.09 107.728 63.2489 52.5026 172.911 57.0864 46.7934 135.134 102.746 351.674 358.473 110.893 240.769 219.625 436.651 197.117 160.047 101.764 95.6311 91.1679 88.3903 84.8312 82.5312 75.2098 72.1299 127.708 166.586
threshold=300750.00000000006 0.62098920345306408 4.5000000000000009 0.31414473684210531 54.000000000000007 66.500000000000014 2035.0000000000002 1.0000000180025095e-35 13891.500000000002 3744.0000000000005 598.50000000000011 0.64537152647972118 0.63353851437568676 67.500000000000014 0.22064777327935226 11.850220483229926 67.500000000000014 0.66803377866745006 0.66212293505668651 0.67984241247177135 1.0000000180025095e-35 57.500000000000007 1.0000000180025095e-35 512.50000000000011 0.62609851360321056 0.61689087748527538 44.500000000000007 72.500000000000014 0.15371538461538464 0.37171052631578955
decision_type=2 2 2 2 2 2 2 2 2 2 2 2 2 2 2 2 2 2 2 2 2 2 2 2 2 2 2 2 2 2
left_child=6 2 3 4 -2 -5 8 -8 9 11 21 12 20 -14 15 16 19 -18 -17 26 24 -11 -23 -16 25 -1 -13 -12 -29 -30
right_child=1 -3 -4 5 -6 -7 7 -9 -10 10 27 14 13 -15 23 18 17 -19 -20 -21 -22 22 -24 -25 -26 -27 -28 28 29 -31
leaf_value=0.012899177936728991 0.0082188326229060676 -0.10533368562591688 -0.10355722669415808 0.028387247020029927 -0.12799358677804767 0.14796773531840215 -0.14190769518930388 0.049479358723927364 0.066607002170902055 -0.0021705789198427634 -0.0002999274343437525 0.012355516025744587 0.26083930040074288 0.013378148165796076 0.13183159383375251 -0.026220725913746995 -0.009239330648005693 -0.31177360782256497 0.14812454340168804 0.10491709720466938 -0.074445774206584117 -0.16052814464727452 -0.042520374029508687 0.017523412017029377 -0.069160289565722149 0.10703283055873912 -0.099637773793662662 0.048768993282601106 0.057996158140212486 -0.063681068739514096
leaf_weight=74 52 37 27 25 20 20 24 23 37 59 1636 25 32 27 20 35 26 22 30 21 32 27 42 108 20 34 37 210 46 72
leaf_count=74 52 37 27 25 20 20 24 23 37 59 1636 25 32 27 20 35 26 22 30 21 32 27 42 108 20 34 37 210 46 72
internal_value=0.00204503 -0.0285316 -0.00870367 0.0132127 -0.0296736 0.0818552 0.00408329 -0.0482378 0.00500725 0.00413789 0.000740486 0.0172152 0.0436618 0.147893 -0.000653296 -0.0243031 -0.0633412 -0.148365 0.0542734 -0.0139914 0.0051269 -0.0490141 -0.0889352 0.0355121 0.0251017 0.0426517 -0.0544515 0.00398802 0.0253843 -0.0161963
internal_weight=2900 181 144 117 72 45 2719 47 2672 2635 2092 543 219 59 324 196 131 48 65 83 160 128 69 128 128 108 62 1964 328 118
internal_count=2900 181 144 117 72 45 2719 47 2672 2635 2092 543 219 59 324 196 131 48 65 83 160 128 69 128 128 108 62 1964 328 118
is_linear=0
shrinkage=0.05


Tree=140
num_leaves=31
num_cat=0
split_feature=7 24 6 18 31 29 11 16 6 15 29 2 10 7 6 7 7 27 31 34 7 35 27 2 31 27 34 27 6 34
split_gain=116.572 73.5208 99.0946 126.217 87.3948 166.22 141.514 145.67 104.431 108.983 118.647 200.911 128.189 178.596 142.471 105.83 114.505 95.9689 89.5366 86.098 169.781 86.0388 138.751 85.0424 74.7427 154.976 418.607 89.137 101.904 110.382
threshold=15431.500000000002 1.0000000180025095e-35 0.091093117408906896 78150.000000000015 61.500000000000007 6.5000000000000009 1.0000000180025095e-35 155200.00000000003 0.069711538461538478 12.129933377210286 1.5000000000000002 0.71547985076904308 1.0000000180025095e-35 6858.5000000000009 0.11513157894736843 587.00000000000011 4438.0000000000009 66.500000000000014 45.500000000000007 1.0000000180025095e-35 5307.5000000000009 5.5000000000000009 67.500000000000014 0.65910908579826366 53.500000000000007 67.500000000000014 1.0000000180025095e-35 61.500000000000007 0.057565789473684216 1.0000000180025095e-35
decision_type=2 2 2 2 2 2 2 2 2 2 2 2 2 2 2 2 2 2 2 2 2 2 2 2 2 2 2 2 2 2
left_child=1 4 3 -3 8 6 7 -6 24 10 11 -10 14 15 18 -14 -17 -9 19 20 -12 -5 -23 -16 -1 27 -27 28 29 -26
right_child=-2 2 -4 21 5 -7 -8 17 9 -11 12 -13 13 -15 23 16 -18 -19 -20 -21 -22 22 -24 -25 25 26 -28 -29 -30 -31
leaf_value=0.0082289975274632884 -0.11810417330660526 -0.12737364418014072 0.051683760791125147 0.0026770325378319849 0.032797418400608999 -0.058607574724234071 -0.0088557696700636759 0.22860254631099475 -0.21200200257685797 0.046441930555169472 -0.12591013966952982 -0.003002358256996452 0.14681257394394037 -0.11601601813859606 0.059148344140489785 -0.03931992880409331 0.084140345941289968 0.08068568773234068 -0.17701699124269576 -0.11566287709441864 0.06583958351744057 -0.023303759806351257 -0.15561962588993528 -0.047191639146779776 -0.1104657645852184 0.026000727617280658 -0.25161535919207262 0.095231601879068095 0.075755409660153233 -0.0012139336453646848
leaf_weight=1802 21 31 40 158 41 35 44 25 23 49 20 23 21 20 37 39 36 20 21 40 27 83 26 38 33 31 24 22 26 77
leaf_count=1802 21 31 40 158 41 35 44 25 23 49 20 23 21 20 37 39 36 20 21 40 27 83 26 38 33 31 24 22 26 77
internal_value=-0.00100353 -0.000153316 -0.0220757 -0.032007 0.00272418 0.0379165 0.0639673 0.101251 0.000310196 -0.0232268 -0.0331469 -0.107844 -0.0216061 0.0194736 -0.0476695 0.0478439 0.0199076 0.163297 -0.0844096 -0.0618212 -0.015744 -0.0208722 -0.0550249 0.00521175 0.00491588 -0.0230806 -0.0952869 0.00206719 -0.0130257 -0.0341055
internal_weight=2933 2912 338 298 2574 165 130 86 2409 394 345 46 299 116 183 96 75 45 108 87 47 267 109 75 2015 213 55 158 136 110
internal_count=2933 2912 338 298 2574 165 130 86 2409 394 345 46 299 116 183 96 75 45 108 87 47 267 109 75 2015 213 55 158 136 110
is_linear=0
shrinkage=0.05


Tree=141
num_leaves=31
num_cat=0
split_feature=7 24 14 14 6 18 31 29 11 16 6 5 5 5 31 7 7 31 5 27 6 14 31 8 14 14 31 7 27 27
split_gain=105.257 66.369 97.4647 113.804 104.884 143.724 78.9168 150.08 127.794 131.524 94.2936 147.474 114.059 98.735 90.5408 86.7918 146.62 123.24 138.968 175.597 137.164 95.7211 77.9939 69.554 66.4801 266.987 101.587 101.796 86.5697 278.454
threshold=15431.500000000002 1.0000000180025095e-35 0.26015000000000005 0.18096153846153848 0.057565789473684216 78150.000000000015 61.500000000000007 6.5000000000000009 1.0000000180025095e-35 155200.00000000003 0.069711538461538478 0.11513157894736843 0.17269736842105265 0.24038461538461542 68.500000000000014 8099.0000000000009 11180.500000000002 52.500000000000007 0.48684210526315791 75.500000000000014 0.091093117408906896 -1.0000000180025095e-35 45.500000000000007 68.500000000000014 -0.059288461538461533 -0.029615384615384613 57.500000000000007 2899.5000000000005 56.000000000000007 64.000000000000014
decision_type=2 2 2 2 2 2 2 2 2 2 2 2 2 2 2 2 2 2 2 2 2 2 2 2 2 2 2 2 2 2
left_child=1 6 3 4 5 -3 10 8 9 -8 23 -12 -13 -14 -11 17 -17 18 20 -20 -15 -22 -7 -1 26 -26 27 -25 -29 -30
right_child=-2 2 -4 -5 -6 22 7 -9 -10 14 11 12 13 15 -16 16 -18 -19 19 -21 21 -23 -24 24 25 -27 -28 28 29 -31
leaf_value=0.061140691999717847 -0.11222694600927885 -0.1616170928421603 0.054321830385313255 -0.12454801522886633 0.024377078708857469 0.00019914476723409299 0.031161537309632684 -0.05568554720116986 -0.0084139877976744087 0.087928110722228267 -0.14467577892980535 0.075632700635079653 -0.10367123680708171 -0.10046310569955155 0.23100473197150573 -0.1187172887033211 0.010985780964802393 0.11778601939079321 0.14865812976050752 -0.02674479034057883 -0.05782817703258647 0.047322027884914492 -0.072482951267275011 -0.066869192885522219 -0.17691054052509969 0.0020344135911890553 -0.078069356204339524 -0.025635842620039304 0.22299270624318066 0.037355223603245294
leaf_weight=53 21 22 38 29 88 104 41 35 44 24 23 32 34 52 21 45 42 21 27 30 38 50 57 20 21 1721 20 30 24 126
leaf_count=53 21 22 38 29 88 104 41 35 44 24 23 32 34 52 21 45 42 21 27 30 38 50 57 20 21 1721 20 30 24 126
internal_value=-0.0009547 -0.000146713 -0.0209756 -0.0305449 -0.0204248 -0.0419977 0.00258716 0.036029 0.0607836 0.0962138 0.000293146 -0.0220723 -0.0144211 -0.0229563 0.155172 -0.0139112 -0.0561039 0.0029223 -0.00935023 0.0563681 -0.0361638 0.0018454 -0.025531 0.00466969 0.00313864 -0.000129948 0.029031 0.0397996 0.05171 0.0672193
internal_weight=2933 2912 338 300 271 183 2574 165 130 86 2409 394 371 339 45 305 87 218 197 57 140 88 161 2015 1962 1742 220 200 180 150
internal_count=2933 2912 338 300 271 183 2574 165 130 86 2409 394 371 339 45 305 87 218 197 57 140 88 161 2015 1962 1742 220 200 180 150
is_linear=0
shrinkage=0.05


Tree=142
num_leaves=31
num_cat=0
split_feature=14 14 30 5 16 14 14 27 14 31 27 5 5 14 14 35 2 27 35 14 15 5 14 8 5 5 27 14 6 31
split_gain=63.7776 203.372 67.842 158.869 184.221 149.225 231.587 188.265 157.694 138.313 130.692 195.346 106.919 164.801 122.714 115.176 111.135 103.075 147.167 99.5973 98.2709 96.3362 95.519 94.6087 93.4184 126.692 411.508 304.802 175.187 126.27
threshold=0.90963076923076935 1.0846153846153848 1.0000000180025095e-35 0.11513157894736843 173030.50000000003 0.31584615384615389 0.33938461538461545 57.500000000000007 0.19524615384615387 61.500000000000007 56.000000000000007 0.40283400809716602 0.28542510121457493 -0.11076923076923076 -1.0000000180025095e-35 7.5000000000000009 0.59620219469070446 66.500000000000014 3.5000000000000004 0.093038461538461556 12.175553989777745 0.22064777327935226 -0.059288461538461533 699.00000000000011 0.13942307692307696 0.22064777327935226 57.500000000000007 -1.0000000180025095e-35 0.15587044534412958 44.500000000000007
decision_type=2 2 2 2 2 2 2 2 2 2 2 2 2 2 2 2 2 2 2 2 2 2 2 2 2 2 2 2 2 2
left_child=2 -2 5 4 -4 8 7 -7 12 -8 -10 20 15 -14 22 16 21 -18 -19 -17 23 -1 -15 -12 -5 26 -26 -28 -27 -29
right_child=1 -3 3 24 -6 6 9 -9 10 -11 11 -13 13 14 -16 19 17 18 -20 -21 -22 -23 -24 -25 25 28 27 29 -30 -31
leaf_value=0.028369952585340592 0.14804799290457135 -0.020732603443548117 -0.15679392833800454 0.093101537866251804 0.019815911630871881 -0.036327661489288642 -0.018808441353696873 -0.2395926765356019 0.0085056942436797633 0.11483711398325824 0.080834161712894578 0.23648087791913186 0.047653352171198149 -0.013728555774169343 -0.0092876504262057718 0.14185920786664816 -0.018086632950072592 0.10995073637033587 -0.05178501176608117 0.012455911797831259 0.1465972516871146 0.16678377550781071 -0.14776700919747751 -0.060319394635928184 0.048476470490755992 -0.0054663298817093113 -0.25284398753208803 0.0058586474196279581 0.13083662439245899 -0.14095190439328731
leaf_weight=34 29 46 38 23 24 25 234 21 72 21 27 20 120 24 522 37 184 42 21 25 22 20 30 21 61 1077 29 35 24 25
leaf_count=34 29 46 38 23 24 25 234 21 72 21 27 20 120 24 522 37 184 42 21 25 22 20 30 21 61 1077 29 35 24 25
internal_value=-0.000907445 0.0445729 -0.00210421 -0.0103273 -0.0884265 0.00511091 -0.0264106 -0.129549 0.0128872 -0.00774203 0.0588167 0.098956 0.00585152 -0.00561638 -0.0167293 0.0278488 0.0150325 0.000795278 0.055963 0.0898651 0.0593105 0.0799403 -0.0884223 0.0189785 -0.00651603 -0.00835882 -0.051453 -0.119978 -0.00247899 -0.055362
internal_weight=2933 75 2858 1336 62 1522 301 46 1221 255 162 90 1059 696 576 363 301 247 63 62 70 54 54 48 1274 1251 150 89 1101 60
internal_count=2933 75 2858 1336 62 1522 301 46 1221 255 162 90 1059 696 576 363 301 247 63 62 70 54 54 48 1274 1251 150 89 1101 60
is_linear=0
shrinkage=0.05


Tree=143
num_leaves=31
num_cat=0
split_feature=7 24 6 18 35 27 31 29 11 16 27 6 5 5 8 11 5 14 31 5 31 14 27 27 14 14 7 16 14 29
split_gain=86.5177 60.7859 87.0024 102.614 71.0267 122.218 69.7882 132.725 113.315 115.909 88.2505 82.3988 123.934 104.996 92.0821 78.0762 134.692 130.199 79.8789 183.271 65.7938 159.353 207.937 255.667 102.495 96.343 83.7032 65.3037 122.482 65.3221
threshold=15431.500000000002 1.0000000180025095e-35 0.091093117408906896 78150.000000000015 5.5000000000000009 67.500000000000014 61.500000000000007 6.5000000000000009 1.0000000180025095e-35 155200.00000000003 66.500000000000014 0.069711538461538478 0.11513157894736843 0.17269736842105265 78.500000000000014 1.0000000180025095e-35 0.65789473684210542 -0.24119230769230768 30.500000000000004 0.44951923076923084 53.500000000000007 -1.0000000180025095e-35 67.500000000000014 68.500000000000014 -0.059288461538461533 -0.0079038461538461519 4523.0000000000009 355750.00000000006 0.90963076923076935 6.5000000000000009
decision_type=2 2 2 2 2 2 2 2 2 2 2 2 2 2 2 2 2 2 2 2 2 2 2 2 2 2 2 2 2 2
left_child=1 6 3 -3 -5 -6 11 8 9 -8 -11 20 -13 -14 -15 17 -17 -16 19 -19 24 -22 26 -24 -1 -26 -23 28 29 -27
right_child=-2 2 -4 4 5 -7 7 -9 -10 10 -12 12 13 14 15 16 -18 18 -20 -21 21 22 23 -25 25 27 -28 -29 -30 -31
leaf_value=0.04044519035407422 -0.10174335467306923 -0.1153617871056799 0.04904810078349197 0.0020673861957151048 -0.020583455026974604 -0.14476702204152544 0.02950073835913572 -0.05230813277858784 -0.007937308672874694 0.20852181832213326 0.066792861353698649 -0.13297272494861057 0.072839504971844937 -0.10526023314046701 -0.10833061346923237 -0.059967870219750224 0.071314973380916566 -0.13912081683601313 0.052455164910608365 0.069462784480859782 -0.13057447572997244 0.12003159415665395 -0.21828590858036578 0.0056532729701742378 -0.083925123158183512 0.0026183126456817592 0.011303611842263238 -0.063476503858905381 0.093835546072486731 0.074735240902856132
leaf_weight=209 21 31 40 158 83 26 41 35 44 25 20 23 32 30 20 126 23 20 98 22 29 21 22 30 31 1457 111 34 39 32
leaf_count=209 21 31 40 158 83 26 41 35 44 25 20 23 32 30 20 126 23 20 98 22 29 21 22 30 31 1457 111 34 39 32
internal_value=-0.000861105 -0.000128403 -0.020062 -0.0293687 -0.0193263 -0.0503566 0.00248788 0.0339362 0.0572166 0.0905797 0.14593 0.000330492 -0.0205766 -0.0135612 -0.0217508 -0.0135955 -0.039635 0.0106321 0.0277277 -0.0298385 0.00442182 -0.021845 -0.00461954 -0.0892314 0.00753043 0.00320664 0.0287169 0.00494435 0.00647413 0.00417645
internal_weight=2933 2912 338 298 267 109 2574 165 130 86 45 2409 394 371 339 309 149 160 140 42 2015 213 184 52 1802 1593 132 1562 1528 1489
internal_count=2933 2912 338 298 267 109 2574 165 130 86 45 2409 394 371 339 309 149 160 140 42 2015 213 184 52 1802 1593 132 1562 1528 1489
is_linear=0
shrinkage=0.05


Tree=144
num_leaves=31
num_cat=0
split_feature=31 8 27 14 14 16 8 2 2 27 27 8 27 14 15 2 31 2 14 14 14 27 27 31 27 18 16 31 11 27
split_gain=58.8872 76.9763 112.286 56.0566 175.379 65.289 105.696 90.7528 86.146 94.8064 62.9974 220.688 160.331 142.709 176.538 146.53 203.257 166.919 104.582 194.719 122.413 135.215 119.284 100.935 91.5204 87.3825 72.7235 97.1213 70.3118 64.6611
threshold=15.500000000000002 962.50000000000011 67.500000000000014 0.90963076923076935 1.0846153846153848 300750.00000000006 65.500000000000014 0.62098920345306408 0.60340636968612682 56.000000000000007 77.000000000000014 1872.0000000000002 74.500000000000014 0.33938461538461545 12.171402082842794 0.67043229937553417 43.500000000000007 0.64425683021545421 -0.41307692307692301 -0.35269230769230764 -0.2906999999999999 57.500000000000007 67.500000000000014 30.500000000000004 79.500000000000014 108269.50000000001 174600.00000000003 30.500000000000004 1.0000000180025095e-35 67.500000000000014
decision_type=2 2 2 2 2 2 2 2 2 2 2 2 2 2 2 2 2 2 2 2 2 2 2 2 2 2 2 2 2 2
left_child=1 2 -1 5 -5 6 -2 8 9 -7 12 13 18 14 15 17 23 26 -8 22 21 -21 -20 -17 25 -19 27 -12 -14 -22
right_child=3 -3 -4 4 -6 7 10 -9 -10 -11 11 -13 28 -15 -16 16 -18 24 19 20 29 -23 -24 -25 -26 -27 -28 -29 -30 -31
leaf_value=0.0073090506128934548 0.10738219602615046 -0.0302705742385053 0.16729618157767714 0.13682035783312166 -0.019909088672421582 0.010287517269584427 0.10931463017353514 -0.12237892031840894 0.059770410362331342 -0.11985653392199812 -0.13404580992414578 -0.15493171533761926 0.01653311731592046 0.11342598729139 -0.16152130377233326 -0.075701999138492598 -0.16874440820312187 0.044743423764174582 -0.017477929888919181 -0.0034462730946211977 0.0027239006592340879 0.15905038726282311 -0.17087908346494626 0.032739499993541497 0.022715314048828372 0.19125832437875853 0.012062341509169476 -0.018627971113215881 0.11328968105588506 -0.018880015247011033
leaf_weight=23 22 22 21 29 46 30 21 26 26 26 26 28 33 22 20 40 30 21 24 26 1548 25 27 46 71 20 83 61 44 446
leaf_count=23 22 22 21 29 46 30 21 26 26 26 26 28 33 22 20 40 30 21 24 26 1548 25 27 46 71 20 83 61 44 446
internal_value=-0.000818755 0.0458367 0.0839861 -0.0018961 0.0407279 -0.00304429 -0.00150787 -0.0411442 -0.0152082 -0.0501533 -0.00241367 -0.0190663 0.00113693 -0.0103758 -0.0169292 -0.00961194 -0.0568955 0.00983358 -0.00144008 -0.00255729 -0.000145855 0.0762665 -0.0989636 -0.0176697 0.0572118 0.116627 -0.0213662 -0.0532924 0.0719627 -0.00210647
internal_weight=2933 66 44 2867 75 2792 2684 108 82 56 2662 468 2194 440 418 398 116 282 2117 2096 2045 51 51 86 112 41 170 87 77 1994
internal_count=2933 66 44 2867 75 2792 2684 108 82 56 2662 468 2194 440 418 398 116 282 2117 2096 2045 51 51 86 112 41 170 87 77 1994
is_linear=0
shrinkage=0.05


Tree=145
num_leaves=31
num_cat=0
split_feature=2 8 14 7 35 7 31 14 14 30 27 16 15 27 15 14 15 2 18 14 27 33 27 27 7 30 2 27 14 15
split_gain=79.1585 182.191 149.777 67.856 63.4622 125.215 98.3417 85.5427 152.183 110.007 138.994 101.81 99.2639 84.6569 172.252 115.56 83.0706 82.8543 186.711 153.141 159.277 78.0204 152.289 299.867 76.3163 82.3484 197.398 543.764 226.216 197.955
threshold=0.58456185460090648 950.00000000000011 0.26015000000000005 8555.5000000000018 8.5000000000000018 11131.500000000002 53.500000000000007 -0.053346153846153842 -0.013269230769230768 1.0000000180025095e-35 56.000000000000007 355750.00000000006 12.600645488492791 67.500000000000014 11.852523202651957 -0.17115384615384613 11.64483315516873 0.62541240453720104 116415.00000000001 0.22908846153846157 66.500000000000014 1.0000000180025095e-35 67.500000000000014 68.500000000000014 13923.000000000002 1.0000000180025095e-35 0.60916885733604442 57.500000000000007 0.33380384615384623 12.015219664773744
decision_type=2 2 2 2 2 2 2 2 2 2 2 2 2 2 2 2 2 2 2 2 2 2 2 2 2 2 2 2 2 2
left_child=1 2 -1 -3 6 17 7 9 -9 10 -2 12 24 15 -15 -12 -11 18 -6 -19 -21 22 -8 -24 25 -10 27 -27 29 -28
right_child=4 3 -4 -5 5 -7 21 8 11 16 13 -13 -14 14 -16 -17 -18 19 -20 20 -22 -23 23 -25 -26 26 28 -29 -30 -31
leaf_value=-0.04104030823435878 -0.017245331550433167 0.0945524535368924 -0.21008598160404729 -0.015858294179625892 0.21137817795596905 -0.092984696881688048 -0.012305677513736547 -0.13459120011442646 0.0084067525493777516 -0.056223658470717711 0.058461010960204091 -0.087801595635688942 0.10501572146560206 0.16462686774147003 0.002810832900987248 0.22903620431672281 0.016760978455111972 -0.011426531104331854 0.029623698072968798 0.2012508729352287 0.0062727845092704392 0.038544341068216192 -0.21969201956872528 -0.012749625526527895 0.070696452199395868 0.012433748510090749 0.0078768745625193252 -0.15878227448112378 0.12462468804244982 -0.074272683093911745
leaf_weight=35 46 20 21 45 20 20 168 21 1010 47 20 32 23 24 52 20 226 119 48 20 22 38 30 42 38 114 414 78 35 89
leaf_count=35 46 20 21 45 20 20 168 21 1010 47 20 32 23 24 52 20 226 119 48 20 22 38 30 42 38 114 414 78 35 89
internal_value=0.000826687 -0.0387534 -0.104783 0.0181305 0.00253048 0.0266258 0.000190338 0.00360323 -0.00107654 0.0235559 0.0561853 0.000457622 0.00203337 0.0853372 0.0541255 0.144232 0.00416156 0.03713 0.0833862 0.0175225 0.0994958 -0.027884 -0.0384343 -0.0992301 0.000692557 -0.000837366 -0.0136334 -0.0571432 0.00189267 -0.00666047
internal_weight=2937 121 56 65 2816 249 2567 2289 1854 435 162 1833 1801 116 76 40 273 229 68 161 42 278 240 72 1778 1740 730 192 538 503
internal_count=2937 121 56 65 2816 249 2567 2289 1854 435 162 1833 1801 116 76 40 273 229 68 161 42 278 240 72 1778 1740 730 192 538 503
is_linear=0
shrinkage=0.05


Tree=146
num_leaves=31
num_cat=0
split_feature=5 5 2 8 14 14 31 16 7 7 5 15 14 31 27 7 16 8 5 8 15 7 8 27 7 27 14 5 27 7
split_gain=73.6723 103.381 71.6504 164.517 135.228 62.9089 62.166 87.5482 92.2197 103.489 69.4656 55.7748 95.2406 196.766 72.4794 256.573 363.809 224.637 133.572 95.5876 174.588 94.9784 118.588 106.071 100.251 97.5291 86.733 86.1799 85.7145 84.2655
threshold=1.0000000180025095e-35 0.057565789473684216 0.58456185460090648 950.00000000000011 0.26015000000000005 0.20288461538461541 14.500000000000002 355750.00000000006 500.50000000000006 512.50000000000011 0.069711538461538478 12.600645488492791 0.77615384615384631 36.500000000000007 77.000000000000014 13891.500000000002 161767.50000000003 1872.0000000000002 0.19901315789473686 997.50000000000011 12.191090970656875 10014.500000000002 1162.5000000000002 50.500000000000007 8555.5000000000018 67.500000000000014 -1.0000000180025095e-35 0.42927631578947373 72.500000000000014 5307.5000000000009
decision_type=2 2 2 2 2 2 2 2 2 2 2 2 2 2 2 2 2 2 2 2 2 2 2 2 2 2 2 2 2 2
left_child=-1 -2 3 4 -3 -5 -4 8 10 -10 -8 12 14 -14 15 21 -17 18 -16 20 -20 22 28 -24 -25 -26 -27 -21 -11 -30
right_child=1 2 6 5 -6 -7 7 -9 9 11 -12 -13 13 -15 17 16 -18 -19 19 27 -22 -23 23 24 25 26 -28 -29 29 -31
leaf_value=0.072790287575151158 -0.099147143252051192 -0.038994135968705525 0.075167498230626906 -0.01908741579479549 -0.19963146864802916 0.083549962434675773 0.12734644370331308 -0.077915783645994857 -0.097928454638440951 0.00037556456652054179 0.024101677073307931 0.073490526227493566 -0.16327667701918047 0.025760046692238643 -0.11372331998884898 -0.030745964191266614 0.22996108208185811 -0.15516762104421525 -0.0021221444793460874 0.11587472395312132 -0.14853077313917526 -0.026494464400744322 -0.014887047666742141 0.16573114522260513 0.090219147356771348 0.078130714316292108 -0.039816287971144754 0.013150197068059498 0.1116736684854214 0.0047336263920340089
leaf_weight=35 26 35 29 42 21 23 24 34 26 1505 51 27 26 29 27 24 30 27 260 29 22 229 58 21 68 25 41 69 35 39
leaf_count=35 26 35 29 42 21 23 24 34 26 1505 51 27 26 29 27 24 30 27 260 29 22 229 58 21 68 25 41 69 35 39
internal_value=0.000785928 -8.32471e-05 0.000814001 -0.0368249 -0.0995707 0.0172262 0.0024702 0.00169226 0.00270242 0.00113276 0.0573322 0.00213249 0.00137627 -0.0636462 0.0028061 0.00669443 0.114156 -0.0157701 -0.0064745 0.00116057 -0.0136104 0.00381513 0.00769245 0.0427055 0.0642842 0.0482368 0.00483557 0.0436864 0.00296377 0.0554633
internal_weight=2937 2902 2876 121 56 65 2755 2726 2692 2617 75 2591 2564 55 2509 2075 54 434 407 380 282 2021 1792 213 155 134 66 98 1579 74
internal_count=2937 2902 2876 121 56 65 2755 2726 2692 2617 75 2591 2564 55 2509 2075 54 434 407 380 282 2021 1792 213 155 134 66 98 1579 74
is_linear=0
shrinkage=0.05


Tree=147
num_leaves=31
num_cat=0
split_feature=5 5 2 31 5 8 31 16 7 7 5 31 2 27 7 16 8 2 31 31 8 27 8 31 27 27 5 5 27 30
split_gain=66.5092 93.3391 64.699 157.447 138.192 91.5098 56.1244 79.0376 83.269 93.4372 62.7127 52.9223 110.331 56.3636 231.087 328.477 207.926 127.478 114.651 96.5973 81.5105 93.5771 97.6487 208.332 86.7891 266.82 170.498 309.093 276.448 123.878
threshold=1.0000000180025095e-35 0.057565789473684216 0.58456185460090648 32.500000000000007 0.37171052631578955 1050.5000000000002 14.500000000000002 355750.00000000006 500.50000000000006 512.50000000000011 0.069711538461538478 16.500000000000004 0.60852640867233287 77.000000000000014 13891.500000000002 161767.50000000003 1872.0000000000002 0.66902843117713939 42.500000000000007 30.500000000000004 1519.0000000000002 57.500000000000007 1696.5000000000002 48.500000000000007 65.500000000000014 67.500000000000014 0.34210526315789475 0.37980769230769235 69.500000000000014 1.5000000000000002
decision_type=2 2 2 2 2 2 2 2 2 2 2 2 2 2 2 2 2 2 2 2 2 2 2 2 2 2 2 2 2 2
left_child=-1 -2 3 5 -5 -3 -4 8 10 -10 -8 12 -11 14 20 -16 17 -15 19 -19 24 -22 23 -23 29 -26 -27 28 -28 -13
right_child=1 2 6 4 -6 -7 7 -9 9 11 -12 13 -14 16 15 -17 -18 18 -20 -21 21 22 -24 -25 25 26 27 -29 -30 -31
leaf_value=0.06916114453576569 -0.094208781735193689 -0.18279408200294187 0.071422040227422962 0.091386382628318885 -0.045202566298758788 -0.036463399125501443 0.12100554406333762 -0.074031421387038263 -0.093050789961527131 -0.12659644733078745 0.022898955530908011 -0.00440647569061092 0.016896348053038714 0.011574846894296208 -0.029215043807920085 0.21850122735646874 -0.14743786777311257 -0.089673428086625845 -0.1539779591884009 0.022757514577747183 0.041877586589430145 -0.22030044605289648 0.017578192022397143 -0.026971874188563328 0.16060105784039302 -0.028938713118124883 0.26584447218602397 0.01477476059234926 0.028114538148231033 0.056866124408503541
leaf_weight=35 26 22 29 30 48 21 24 34 26 24 51 1295 30 307 24 30 27 33 22 45 28 22 26 38 33 159 25 311 24 88
leaf_count=35 26 22 29 30 48 21 24 34 26 24 51 1295 30 307 24 30 27 33 22 45 28 22 26 38 33 159 25 311 24 88
internal_value=0.000746741 -7.90128e-05 0.000773459 -0.0349929 0.00731737 -0.111697 0.00234735 0.00160809 0.00256799 0.00107635 0.054479 0.00202637 -0.0469019 0.00307159 0.00645884 0.108462 -0.013328 -0.00438493 -0.053394 -0.0247993 0.00376301 -0.0372981 -0.063153 -0.0981908 0.00618651 0.0229459 0.0141544 0.0332038 0.149802 -0.000500268
internal_weight=2937 2902 2876 121 78 43 2755 2726 2692 2617 75 2591 54 2537 2103 54 434 407 100 78 2049 114 86 60 1935 552 519 360 49 1383
internal_count=2937 2902 2876 121 78 43 2755 2726 2692 2617 75 2591 54 2537 2103 54 434 407 100 78 2049 114 86 60 1935 552 519 360 49 1383
is_linear=0
shrinkage=0.05


Tree=148
num_leaves=31
num_cat=0
split_feature=29 7 31 16 35 6 14 14 27 30 7 29 7 2 14 16 27 8 2 15 16 2 27 14 31 2 31 2 2 35
split_gain=60.5068 142.276 201.222 179.322 77.9844 69.534 67.9503 197.605 126.262 131.217 119.926 104.176 81.9606 100.732 89.3743 78.403 77.1937 72.9178 78.4063 70.2491 151.405 107.726 114.691 107.239 72.4222 67.8487 188.024 123.246 119.044 83.6473
threshold=1.0000000180025095e-35 864.50000000000011 29.500000000000004 176423.50000000003 11.500000000000002 0.15587044534412958 -0.059288461538461533 -0.035230769230769225 56.000000000000007 1.0000000180025095e-35 13891.500000000002 7.5000000000000009 1219.5000000000002 0.67700940370559703 -0.16638846153846151 182600.00000000003 77.000000000000014 955.50000000000011 0.61921602487564098 12.586617685003349 335951.50000000006 0.58456185460090648 52.000000000000007 1.0846153846153848 32.500000000000007 0.65818580985069286 20.500000000000004 0.68547844886779796 0.68187245726585399 9.5000000000000018
decision_type=2 2 2 2 2 2 2 2 2 2 2 2 2 2 2 2 2 2 2 2 2 2 2 2 2 2 2 2 2 2
left_child=1 2 -1 -4 5 6 8 -8 -2 -10 11 19 -11 14 17 -12 -16 -14 -19 20 21 22 24 -21 -9 29 -27 28 -28 -23
right_child=4 -3 3 -5 -6 -7 7 10 9 12 15 -13 13 -15 16 -17 -18 18 -20 23 -22 25 -24 -25 -26 26 27 -29 -30 -31
leaf_value=0.18504192419207419 -0.022194432776039039 -0.049510859491669897 -0.051571959405735814 0.1158416458296182 -0.082242117858014982 -0.084524223854556615 -0.1425609902705092 -0.073740983473790142 0.075075192351438724 0.089731113325519807 0.011243404909385059 -0.10673066065086367 -0.068053227434377847 -0.092563695844960395 0.097315576668513579 0.12971882033178392 -0.010228213368133567 0.050295803664601207 -0.041580161257930424 0.12738558343429676 -0.1132503957706249 0.0035282709317115968 -0.12468521007210265 -0.005587952652136045 0.045738160268161639 -0.15294629365082105 -0.018406638358450824 0.032515315250300672 -0.14481206355403312 0.082745483884713519
leaf_weight=26 149 36 37 28 29 24 25 23 121 30 28 24 39 25 46 28 26 57 39 26 31 1481 36 36 28 24 258 123 20 34
leaf_count=26 149 36 37 28 29 24 25 23 121 30 28 24 39 25 46 28 26 57 39 26 31 1481 36 36 28 24 258 123 20 34
internal_value=0.000709196 0.0344538 0.0677434 0.020535 -0.00081531 3.49297e-05 0.000775879 -0.00306068 0.0168286 0.0320247 -0.00146677 -0.00335715 0.0121025 0.00200848 0.0134936 0.0706959 0.0584506 -0.0104721 0.0129147 -0.00217955 -0.00376265 -0.00208022 -0.0564789 0.05021 -0.0080856 0.000359516 -0.0172897 -0.00912202 -0.0275673 0.00531473
internal_weight=2937 127 91 65 2810 2781 2757 2225 532 383 2200 2144 262 232 207 56 72 135 96 2120 2058 2027 87 62 51 1940 425 401 278 1515
internal_count=2937 127 91 65 2810 2781 2757 2225 532 383 2200 2144 262 232 207 56 72 135 96 2120 2058 2027 87 62 51 1940 425 401 278 1515
is_linear=0
shrinkage=0.05


Tree=149
num_leaves=31
num_cat=0
split_feature=29 7 8 27 8 6 2 8 14 14 35 35 34 27 27 7 7 14 14 30 27 16 7 8 8 15 14 35 16 15
split_gain=54.631 128.458 171.95 146.448 78.8525 59.5867 52.1018 134.327 109.551 58.6735 53.507 69.2942 107.187 108.826 298.805 71.7698 46.4124 44.919 215.382 104.933 97.4838 82.4642 64.1205 90.719 98.5112 80.3432 89.9971 116.359 62.5972 144.076
threshold=1.0000000180025095e-35 864.50000000000011 80.500000000000014 56.000000000000007 68.500000000000014 1.0000000180025095e-35 0.58456185460090648 950.00000000000011 0.26015000000000005 0.20288461538461541 11.500000000000002 8.5000000000000018 1.0000000180025095e-35 56.000000000000007 61.500000000000007 7249.0000000000009 500.50000000000006 -0.053346153846153842 -0.014615384615384615 1.0000000180025095e-35 56.000000000000007 355750.00000000006 13923.000000000002 1522.0000000000002 1696.5000000000002 12.600645488492791 0.77615384615384631 4.5000000000000009 249675.00000000003 12.28187957258581
decision_type=2 2 2 2 2 2 2 2 2 2 2 2 2 2 2 2 2 2 2 2 2 2 2 2 2 2 2 2 2 2
left_child=1 2 3 -1 16 -5 7 8 -6 -9 11 17 -13 -14 -15 -16 -2 19 -19 20 -8 22 23 25 -25 26 28 -28 -20 -30
right_child=4 -3 -4 5 6 -7 10 9 -10 -11 -12 12 13 14 15 -17 -18 18 21 -21 -22 -23 -24 24 -26 -27 27 -29 29 -31
leaf_value=-0.061807076280333384 -0.022537083899782553 -0.047042173828279542 0.18953690567005302 0.14785858809354888 -0.033812370217084206 0.02826662818770603 -0.010912908604736888 -0.01788073091672605 -0.17841101694163553 0.081238230572634448 -0.070752683792456209 -0.0069225478989511707 -0.00038825811251350074 0.24987608457540539 0.095793401186739027 -0.033340885932053324 -0.11593667416416141 -0.14868381345177079 -0.001985398758072441 -0.0035548549481356933 0.070612880335702774 -0.083352998186187494 0.057669950456945757 -0.11446711039402808 -0.0059545235332852595 0.088125171149827514 -0.14552238180429608 0.0041610102106243683 0.13950583827329349 0.012028995377105656
leaf_weight=28 34 36 21 20 35 22 53 42 21 23 25 98 39 23 20 23 22 25 1446 306 118 30 47 36 50 26 24 28 25 191
leaf_count=28 34 36 21 20 35 22 53 42 21 23 25 98 39 23 20 23 22 25 1446 306 118 30 47 36 50 26 24 28 25 191
internal_value=0.000672648 0.032737 0.0643699 0.0265317 -0.000775859 0.0855499 0.000417731 -0.0316471 -0.0883474 0.0171862 0.00189432 0.00259531 0.0306407 0.0657205 0.104802 0.0266885 -0.0594602 0.000224814 -0.00317207 0.013963 0.0453238 -0.00125012 6.66407e-05 -0.00141637 -0.0515167 0.0010598 -0.000263061 -0.0649744 0.00176238 0.0268641
internal_weight=2937 127 91 70 2810 42 2754 121 56 65 2633 2608 203 105 66 43 56 2405 1928 477 171 1903 1873 1826 86 1740 1714 52 1662 216
internal_count=2937 127 91 70 2810 42 2754 121 56 65 2633 2608 203 105 66 43 56 2405 1928 477 171 1903 1873 1826 86 1740 1714 52 1662 216
is_linear=0
shrinkage=0.05


Tree=150
num_leaves=31
num_cat=0
split_feature=6 7 2 14 18 2 5 15 31 5 2 31 2 31 31 15 1 6 2 15 31 31 7 31 7 6 15 15 33 7
split_gain=111.266 80.3558 102.757 77.6088 71.0801 63.3081 241.761 228.23 122.704 96.8325 143.83 198.058 158.2 110.876 137.244 98.2705 136.304 112.752 124.14 182.181 286.822 97.6728 95.6927 82.2097 156.807 78.8091 74.6315 81.6267 68.4071 62.4246
threshold=0.11513157894736843 587.00000000000011 0.65755760669708263 -0.035230769230769225 109200.00000000001 0.66735708713531505 0.51315789473684215 11.732060962661613 20.500000000000004 0.51315789473684215 0.65110391378402721 28.500000000000004 0.59280768036842357 56.500000000000007 34.500000000000007 12.543440511287253 1.0000000180025095e-35 0.069711538461538478 0.65241101384162914 12.134177113063762 37.500000000000007 40.500000000000007 6273.5000000000009 48.500000000000007 530.00000000000011 1.0000000180025095e-35 12.496834910111753 12.438080392099653 1.0000000180025095e-35 8948.5000000000018
decision_type=2 2 2 2 2 2 2 2 2 2 2 2 2 2 2 2 2 2 2 2 2 2 2 2 2 2 2 2 2 2
left_child=5 -2 4 -4 -3 9 8 -8 -7 15 12 -12 -11 14 22 17 29 26 19 20 -19 -16 -14 24 -10 -26 27 -1 -22 -17
right_child=1 2 3 -5 -6 6 7 -9 23 10 11 -13 13 -15 21 16 -18 18 -20 -21 28 -23 -24 -25 25 -27 -28 -29 -30 -31
leaf_value=0.00099908743338494258 0.10491311020515533 0.030554144935840785 -0.087430257902814001 0.012789751305598793 0.12417683443087701 -0.12120589507715916 0.027235495470402313 0.22393147836168451 -0.1314770765973432 -0.11244933467981054 -0.018510753360991467 -0.17000484727811938 -0.12610733677143168 -0.062306193232873064 0.12998210220402459 0.053412038155770371 0.15295587477285832 -0.22434730953821416 0.065130672357740435 0.030469621641616613 -0.077293504653093606 0.02620920091294876 4.4876113962989851e-05 0.071724413784896079 -0.0481973625736834 0.030102623416691385 -0.063544432551952718 0.091836860502858553 0.032686478305793458 -0.05239377759751819
leaf_weight=1695 34 74 27 67 28 20 36 25 22 34 50 38 21 53 29 35 24 31 22 37 39 104 52 41 43 126 44 25 22 23
leaf_count=1695 34 74 27 67 28 20 36 25 22 34 50 38 21 53 29 35 24 31 22 37 39 104 52 41 43 126 44 25 22 23
internal_value=0.00065487 0.0340278 0.0216587 -0.016006 0.0563999 -0.00219682 0.0189349 0.108165 -0.00267899 -0.00498102 -0.0280772 -0.0841041 -0.01121 0.00209908 0.0187158 -0.0005709 0.0529927 -0.00286974 -0.0443229 -0.0630642 -0.100728 0.0489546 -0.0363 0.00756512 -0.00621145 0.0101339 0.000678164 0.00232757 -0.0375582 0.0113505
internal_weight=2921 230 196 94 102 2691 313 61 252 2378 381 88 293 259 206 1997 82 1915 151 129 92 133 73 232 191 169 1764 1720 61 58
internal_count=2921 230 196 94 102 2691 313 61 252 2378 381 88 293 259 206 1997 82 1915 151 129 92 133 73 232 191 169 1764 1720 61 58
is_linear=0
shrinkage=0.05


Tree=151
num_leaves=31
num_cat=0
split_feature=6 7 8 7 16 16 31 15 31 2 2 31 2 2 5 5 31 31 6 2 7 16 2 11 27 27 31 6 7 7
split_gain=100.455 73.9315 124.52 81.8861 66.4501 252.087 184.045 118.901 83.1531 96.0434 152.765 77.3711 88.5273 84.2034 71.2197 110.572 79.6977 78.7508 70.8252 197.62 102.228 70.0987 73.6759 68.8932 67.7708 65.0346 86.9041 63.0611 133.972 121.586
threshold=0.11513157894736843 10972.500000000002 1069.0000000000002 587.00000000000011 213800.00000000003 210050.00000000003 18.500000000000004 12.128583856010577 60.500000000000007 0.60966897010803234 0.64149484038352977 61.500000000000007 0.606521636247635 0.62770020961761486 0.31009615384615391 0.28542510121457493 23.500000000000004 26.500000000000004 0.069711538461538478 0.65270385146141063 6858.5000000000009 220050.00000000003 0.58741638064384472 1.0000000180025095e-35 66.500000000000014 64.000000000000014 43.500000000000007 0.057565789473684216 13495.500000000002 10972.500000000002
decision_type=2 2 2 2 2 2 2 2 2 2 2 2 2 2 2 2 2 2 2 2 2 2 2 2 2 2 2 2 2 2
left_child=4 2 3 -2 5 7 -6 11 14 -10 -11 18 -13 -14 15 24 -16 -18 27 20 23 -19 -23 -20 -8 -5 -27 28 29 -1
right_child=1 -3 -4 25 6 -7 8 -9 9 10 -12 12 13 -15 16 -17 17 21 19 -21 -22 22 -24 -25 -26 26 -28 -29 -30 -31
leaf_value=-0.0095426557218371497 0.099682832876345995 -0.043605720842409601 0.16107188300855124 0.054918461094214457 0.15893494347434733 -0.16810684084536748 -0.015326735974607568 -0.12625419780686128 0.012625198998853669 -0.18101292105464195 0.005069466973368025 -0.056334600319613265 0.13301889432312378 0.025747534149895612 -0.041396474835093108 -0.11211578528957063 0.094782274480327944 0.063265639777933633 -0.18837523960233649 0.028582091303473878 -0.030551359200192071 0.080699735209133552 0.0045967253972400805 -0.071337439909399267 0.061177366087600132 0.027137407841584377 -0.073007472036948171 0.013829662177561087 -0.10991949422337184 0.07917078607843403
leaf_weight=1043 34 28 20 58 20 24 146 20 43 23 21 20 27 57 47 25 39 80 26 68 50 35 341 25 36 54 36 403 32 40
leaf_count=1043 34 28 20 58 20 24 146 20 43 23 21 20 27 57 47 25 39 80 26 68 50 35 341 25 36 54 36 403 32 40
internal_value=0.000622321 0.0323326 0.0428998 0.0298051 -0.0020872 -0.00745498 0.00941334 -0.00531404 0.00581171 -0.0404166 -0.0922774 -0.00395374 0.0378739 0.0604042 0.0111927 -0.0137365 0.0207237 0.0266392 -0.00653738 -0.0372345 -0.0815805 0.0207807 0.0117136 -0.131353 -0.000141314 0.0136619 -0.0129016 -0.00311434 -0.00924367 -0.00625445
internal_weight=2921 230 202 182 2691 1835 856 1811 836 87 44 1791 104 84 749 207 542 495 1687 169 101 456 376 51 182 148 90 1518 1115 1083
internal_count=2921 230 202 182 2691 1835 856 1811 836 87 44 1791 104 84 749 207 542 495 1687 169 101 456 376 51 182 148 90 1518 1115 1083
is_linear=0
shrinkage=0.05


Tree=152
num_leaves=31
num_cat=0
split_feature=6 7 8 34 7 16 16 31 15 31 2 2 31 2 2 5 5 31 31 2 2 34 6 2 34 5 16 31 14 2
split_gain=90.6969 66.7568 112.436 78.7991 98.8178 59.9957 227.607 166.188 107.364 75.0617 86.7142 137.951 69.8478 79.9411 76.0154 64.2951 99.8359 71.9498 71.0865 65.3785 152.727 82.3286 63.9552 179.067 233.745 90.2973 63.2657 69.6429 182.031 135.054
threshold=0.11513157894736843 10972.500000000002 1069.0000000000002 1.0000000180025095e-35 587.00000000000011 213800.00000000003 210050.00000000003 18.500000000000004 12.128583856010577 60.500000000000007 0.60966897010803234 0.64149484038352977 61.500000000000007 0.606521636247635 0.62770020961761486 0.31009615384615391 0.28542510121457493 23.500000000000004 26.500000000000004 0.63454651832580578 0.60082709789276134 1.0000000180025095e-35 0.069711538461538478 0.6562495529651643 1.0000000180025095e-35 0.44951923076923084 220050.00000000003 37.500000000000007 0.71538461538461551 0.59242764115333568
decision_type=2 2 2 2 2 2 2 2 2 2 2 2 2 2 2 2 2 2 2 2 2 2 2 2 2 2 2 2 2 2
left_child=5 2 3 4 -2 6 8 -7 12 15 -11 -12 22 -14 -15 16 19 -17 -19 20 -9 -21 -1 24 -24 -26 -20 28 -28 -29
right_child=1 -3 -4 -5 -6 7 -8 9 -10 10 11 -13 13 14 -16 17 -18 18 26 21 -22 -23 23 -25 25 -27 27 29 -30 -31
leaf_value=-0.0029585423055177615 0.092289887028644768 -0.041433192460774523 0.15305835229543904 0.10534960109495235 -0.0062727252276191751 0.15102773510401521 -0.15973637672257127 -0.042742566804293121 -0.11997289155095592 0.011995400630127804 -0.17200145299881053 0.0048171954697342279 -0.053531885055815846 0.12639248892389982 0.024462413556234432 -0.039331045952445631 -0.10653232794507328 0.09005528432328988 0.06010630750626364 -0.1199020931691066 0.069056654172004892 0.0025587345267081029 -0.012349654533172959 0.031291618111961052 -0.23471141818666419 -0.090432242995203888 0.010842798736477692 0.14873010413059126 -0.13293707548362305 0.015990538932806591
leaf_weight=1518 32 28 20 28 122 20 24 54 20 43 23 21 20 27 57 47 25 39 80 22 70 36 62 63 22 22 117 21 27 211
leaf_count=1518 32 28 20 28 122 20 24 54 20 43 23 21 20 27 57 47 25 39 80 22 70 36 62 63 22 22 117 21 27 211
internal_value=0.000591166 0.030722 0.040764 0.0283192 0.014222 -0.00198331 -0.00708381 0.00894432 -0.00504934 0.00552155 -0.0383994 -0.0876778 -0.00375657 0.0359851 0.0573964 0.0106343 -0.0130513 0.0196903 0.0253112 -0.000131616 0.0203344 -0.0439323 -0.00621152 -0.0353819 -0.075048 -0.163054 0.0197444 0.0111298 -0.0161548 0.0280862
internal_weight=2921 230 202 182 154 2691 1835 856 1811 836 87 44 1791 104 84 749 207 542 495 182 124 58 1687 169 106 44 456 376 144 232
internal_count=2921 230 202 182 154 2691 1835 856 1811 836 87 44 1791 104 84 749 207 542 495 182 124 58 1687 169 106 44 456 376 144 232
is_linear=0
shrinkage=0.05


Tree=153
num_leaves=31
num_cat=0
split_feature=7 27 7 27 5 30 18 27 27 11 2 2 15 2 8 2 5 27 5 5 16 15 27 2 5 2 16 5 5 7
split_gain=72.7675 258.951 202.726 92.9647 59.9564 116.388 121.577 115.729 193.592 173.877 123.252 67.2792 121.42 123.395 204.492 129.301 98.511 93.9773 202.915 140.915 59.1628 74.6036 57.2726 67.7945 56.649 149.385 119.428 113.496 211.284 89.5578
threshold=13495.500000000002 77.000000000000014 14330.000000000002 66.500000000000014 0.11513157894736843 1.0000000180025095e-35 108269.50000000001 67.500000000000014 47.000000000000007 1.0000000180025095e-35 0.63260895013809215 0.66735708713531505 11.64483315516873 0.68547844886779796 576.00000000000011 0.6777569353580476 0.22064777327935226 64.000000000000014 0.51315789473684215 0.31009615384615391 350400.00000000006 12.813976130926831 77.000000000000014 0.69354465603828441 0.25657894736842107 0.66240668296813976 166025.00000000003 0.31009615384615391 0.28542510121457493 6709.5000000000009
decision_type=2 2 2 2 2 2 2 2 2 2 2 2 2 2 2 2 2 2 2 2 2 2 2 2 2 2 2 2 2 2
left_child=4 2 3 -2 5 7 -7 8 9 -1 -10 20 13 14 -13 -16 -15 18 -14 -19 24 -22 23 -18 25 26 -6 28 -26 -30
right_child=1 -3 -4 -5 11 6 -8 -9 10 -11 -12 12 17 16 15 -17 22 19 -20 -21 21 -23 -24 -25 27 -27 -28 -29 29 -31
leaf_value=-0.019786896204027526 0.0059522040647353039 -0.16150313928675422 0.093846525496871003 -0.14423492690223957 0.048489625617819998 -0.15691702795940787 -0.021665889300279084 0.10788764906077902 -0.18972901933599468 0.15961560190317051 -0.019869481704451825 -0.164337638654243 0.03662796043374044 -0.064180587070844897 0.058310668125474856 -0.098417050639788298 0.01430132661288951 0.14469392127287922 0.22657909718304198 -0.0035230127112603226 0.10432279759962299 -0.019994498943140853 0.0086643584630221697 0.12389223275761399 0.0030307255240086921 -0.10618205973221553 -0.003381187654404324 -0.00079643054763190455 -0.056722355485168657 -0.18380671677106025
leaf_weight=41 21 31 37 20 214 28 41 22 20 20 23 26 39 23 38 20 23 20 22 79 30 20 48 37 82 24 230 1586 27 29
leaf_count=41 21 31 37 20 214 28 41 22 20 20 23 26 39 23 38 20 23 20 22 79 30 20 48 37 82 24 230 1586 27 29
internal_value=0.000561202 -0.0395011 0.00906755 -0.0673608 0.00211724 -0.0246183 -0.0767704 0.00393982 -0.0180836 0.0391167 -0.0992468 0.00411216 0.0237121 -0.000812701 -0.0481065 0.0041042 0.0294885 0.0566785 0.105475 0.0264851 0.000830699 0.0545554 0.0495238 0.0820593 -0.000394926 0.015028 0.0216136 -0.0045852 -0.0480603 -0.122833
internal_weight=2921 109 78 41 2812 195 69 126 104 61 43 2617 375 215 84 58 131 160 61 99 2242 50 108 60 2192 468 444 1724 138 56
internal_count=2921 109 78 41 2812 195 69 126 104 61 43 2617 375 215 84 58 131 160 61 99 2242 50 108 60 2192 468 444 1724 138 56
is_linear=0
shrinkage=0.05


Tree=154
num_leaves=31
num_cat=0
split_feature=6 14 11 14 2 16 15 31 31 2 2 31 2 2 6 2 7 2 5 6 7 8 16 16 15 29 2 8 16 35
split_gain=74.7912 63.0557 97.8128 134.461 73.013 54.6297 263.604 149.675 67.2474 78.5545 124.173 60.588 70.1162 69.0369 55.4924 152.842 86.0595 67.1434 63.0666 55.9758 110.535 108.17 78.8311 160.452 136.762 132.703 145.444 111.482 110.302 108.384
threshold=0.11513157894736843 -0.25653846153846149 1.0000000180025095e-35 0.03061923076923077 0.71547985076904308 213225.00000000003 12.12784616757034 18.500000000000004 60.500000000000007 0.60966897010803234 0.64149484038352977 61.500000000000007 0.606521636247635 0.62770020961761486 0.069711538461538478 0.65270385146141063 6858.5000000000009 0.61965721845626842 0.37980769230769235 0.057565789473684216 13495.500000000002 1475.5000000000002 175500.00000000003 192775.00000000003 11.84959587798839 1.5000000000000002 0.67251744866371166 778.00000000000011 184600.00000000003 5.5000000000000009
decision_type=2 2 2 2 2 2 2 2 2 2 2 2 2 2 2 2 2 2 2 2 2 2 2 2 2 2 2 2 2 2
left_child=5 4 3 -3 -2 6 11 -7 -9 -10 -11 14 -13 -14 19 16 17 -16 -17 20 21 22 24 27 25 -1 -27 -24 -29 -26
right_child=1 2 -4 -5 -6 7 -8 8 9 10 -12 12 13 -15 15 18 -18 -19 -20 -21 -22 -23 23 -25 29 26 -28 28 -30 -31
leaf_value=0.032987133613844914 -0.067641110379376521 0.042950778881555234 -0.0052075493268199423 0.17939851634946222 0.044920376708224352 0.14338552868781398 -0.14653867181739419 0.010090812026788201 0.01167508358797037 -0.16319071548583705 0.0045539336181929886 -0.050946269558733374 0.11868648526853301 0.021550838270872154 -0.059491656837678042 0.076011414227084573 -0.024899388049652953 -0.1737576835456936 -0.022290372925042386 0.012426035824859152 -0.10066728213761363 0.073045451449651785 -0.033695308449814033 -0.001460003411170757 0.015171285295224147 -0.01615330041277523 -0.13975139875335998 -0.059879167350829793 -0.207500454902174 0.11774940193481648
leaf_weight=138 32 84 65 23 26 20 33 760 43 23 21 20 27 57 26 32 50 26 33 408 32 41 65 175 80 467 25 26 25 38
leaf_count=138 32 84 65 23 26 20 33 760 43 23 21 20 27 57 26 32 50 26 33 408 32 41 65 175 80 467 25 26 25 38
internal_value=0.000532323 0.0278939 0.0430985 0.0724675 -0.017106 -0.00180537 -0.00671843 0.00852457 0.00531768 -0.036285 -0.0831886 -0.00413135 0.0328812 0.0529365 -0.00641787 -0.0337709 -0.0719419 -0.116944 0.02607 -0.00340733 -0.00922178 -0.00649859 -0.00964901 -0.0317256 -0.00105062 -0.0103118 -0.022471 -0.0773012 -0.132605 0.048319
internal_weight=2921 230 172 107 58 2691 1824 867 847 87 44 1791 104 84 1687 167 102 52 65 1520 1112 1080 1039 291 748 630 492 116 51 118
internal_count=2921 230 172 107 58 2691 1824 867 847 87 44 1791 104 84 1687 167 102 52 65 1520 1112 1080 1039 291 748 630 492 116 51 118
is_linear=0
shrinkage=0.05


Tree=155
num_leaves=31
num_cat=0
split_feature=31 27 7 31 27 2 3 2 2 2 7 27 8 7 27 7 8 31 27 27 8 2 7 27 31 31 27 16 35 27
split_gain=101.353 185.066 72.1567 108.921 107.165 88.5481 87.3774 84.9791 119.927 80.3786 67.5109 90.2842 148.848 62.9188 349.911 59.2445 84.4747 78.8134 109.574 76.6044 61.5948 165.444 170.407 355.899 191.48 109.351 107.524 132.938 120.311 164.532
threshold=76.500000000000014 61.500000000000007 7794.0000000000009 15.500000000000002 57.500000000000007 0.58321022987365734 1.0000000180025095e-35 0.68166601657867443 0.67700940370559703 0.58031651377677929 8860.0000000000018 56.000000000000007 1162.5000000000002 13923.000000000002 77.000000000000014 7546.0000000000009 1045.0000000000002 66.500000000000014 72.500000000000014 57.500000000000007 804.50000000000011 0.6628340780735017 6199.0000000000009 50.500000000000007 50.500000000000007 24.500000000000004 56.000000000000007 250950.00000000003 5.5000000000000009 67.500000000000014
decision_type=2 2 2 2 2 2 2 2 2 2 2 2 2 2 2 2 2 2 2 2 2 2 2 2 2 2 2 2 2 2
left_child=2 -2 3 4 -1 9 15 8 10 -5 11 -4 -13 -12 -15 16 17 20 -19 -17 -7 22 23 -22 -25 -24 -27 28 29 -28
right_child=1 -3 7 5 -6 6 -8 -9 -10 -11 13 12 -14 14 -16 19 -18 18 -20 -21 21 -23 25 24 -26 26 27 -29 -30 -31
leaf_value=-0.015733542269711041 0.058649632453325377 -0.13156360229875289 0.0020785180624030342 -0.0081706804358612946 0.12639611999495828 0.0064724008991377995 -0.098860243515730972 -0.064548608720590067 0.1129608845780674 -0.14222001907949763 1.1398163213100753e-07 0.033732291707930517 0.14031244034221643 0.13220809891465166 -0.11533456132769303 0.013068052176022478 0.096449506391009854 0.13988395454477967 -0.018152030174671416 -0.072873215052077014 0.0011224668992538646 0.12455233181293923 -0.10141195327157718 -0.28797961864536165 -0.083122496214150396 -0.034417711739524029 0.16828666894356789 0.10227057254891399 -0.04010943080119056 -0.0034241837256762521
leaf_weight=22 20 35 143 24 33 1129 22 31 33 21 529 181 40 44 21 46 24 24 20 59 63 20 26 22 24 106 21 46 72 41
leaf_count=22 20 35 143 24 33 1129 22 31 33 21 529 181 40 44 21 46 24 24 20 59 63 20 26 22 24 106 21 46 72 41
internal_value=0.00484388 -0.0623235 0.00612732 0.000272847 0.0695281 -0.00183256 -6.19557e-05 0.0168049 0.0193611 -0.0710145 0.0161202 0.0330758 0.0531002 0.00571769 0.0521017 0.0011878 0.00352532 0.00213456 0.0680578 -0.0351986 0.000279627 -0.015561 -0.0222571 -0.0760474 -0.181618 -0.00343054 0.00549171 0.0290278 0.00378989 0.0548328
internal_weight=2942 55 2887 1865 55 1810 1765 1022 991 45 958 364 221 594 65 1743 1638 1614 44 105 1570 441 421 109 46 312 286 180 134 62
internal_count=2942 55 2887 1865 55 1810 1765 1022 991 45 958 364 221 594 65 1743 1638 1614 44 105 1570 441 421 109 46 312 286 180 134 62
is_linear=0
shrinkage=0.05


Tree=156
num_leaves=31
num_cat=0
split_feature=35 16 27 5 5 35 2 31 18 2 27 2 14 27 7 27 7 29 7 35 2 31 35 15 5 7 16 27 29 7
split_gain=92.0048 56.4533 57.7232 50.587 96.3674 63.4937 57.8853 63.1532 50.328 46.3498 191.067 176.344 37.5156 40.6305 184.386 187.92 188.451 112.328 107.879 88.4604 151.435 147.073 323.657 136.601 135.242 130.126 204.357 162.165 120.753 112.165
threshold=11.500000000000002 390148.00000000006 39.500000000000007 1.0000000180025095e-35 0.11513157894736843 4.5000000000000009 0.63353851437568676 46.500000000000007 94100.000000000015 0.58456185460090648 52.000000000000007 0.58031651377677929 -0.41307692307692301 57.500000000000007 815.50000000000011 56.000000000000007 6728.0000000000009 3.5000000000000004 2428.5000000000005 4.5000000000000009 0.59215146303176891 36.500000000000007 5.5000000000000009 12.444104537591599 0.44951923076923084 9649.5000000000018 254150.00000000003 77.000000000000014 4.5000000000000009 8315.5000000000018
decision_type=2 2 2 2 2 2 2 2 2 2 2 2 2 2 2 2 2 2 2 2 2 2 2 2 2 2 2 2 2 2
left_child=1 2 8 -4 5 -5 -7 -8 -1 10 -6 -12 -11 14 -14 18 -17 -18 -16 20 -15 22 24 25 -21 26 -22 -27 -26 -25
right_child=-2 -3 3 4 9 6 7 -9 -10 12 11 -13 13 19 15 16 17 -19 -20 21 23 -23 -24 29 28 27 -28 -29 -30 -31
leaf_value=-0.052875271235485057 -0.080932135980612219 0.074822026304260561 0.066052310325597455 -0.098901663398821893 0.072633883797647153 -0.073259729253565373 -0.035858965952565346 0.057787482025336658 -0.0046400641041883326 0.060634181101566535 0.027311521740321299 -0.15874716884621953 0.13867498739260187 0.12667982614692003 0.10127540198309395 -0.020336749970418289 0.072805257660770839 0.23332027347918549 -0.0010574025287918042 0.015506464486325776 0.0067931210600422152 0.0049647786973153378 -0.23391974378581071 0.17707741953668554 -0.16029422897488679 0.15326107810614081 -0.12728303994154219 -0.014520742130462236 -0.02372220389527677 0.02719373513537994
leaf_weight=70 31 29 36 30 30 31 38 34 238 36 21 32 31 31 27 24 22 22 517 100 509 775 20 22 26 32 30 26 43 29
leaf_count=70 31 29 36 30 30 31 38 34 238 36 21 32 31 31 27 24 22 22 517 100 509 775 20 22 26 32 30 26 43 29
internal_value=0.00460175 0.00551709 0.0048154 0.00726461 0.0064262 -0.0349812 -0.0162372 0.00831243 -0.0156324 0.00871953 -0.0279571 -0.085019 0.0100338 0.00923217 0.0198893 0.0138426 0.0921477 0.153523 0.00403011 0.00505742 0.0188814 -0.00467534 -0.0442131 0.0136979 -0.021608 0.00697178 -0.000682325 0.0780669 -0.075414 0.0921673
internal_weight=2942 2911 2882 2574 2538 133 103 72 308 2405 83 53 2322 2286 643 612 68 44 544 1643 679 964 189 648 169 597 539 58 69 51
internal_count=2942 2911 2882 2574 2538 133 103 72 308 2405 83 53 2322 2286 643 612 68 44 544 1643 679 964 189 648 169 597 539 58 69 51
is_linear=0
shrinkage=0.05


Tree=157
num_leaves=31
num_cat=0
split_feature=31 27 7 31 27 2 2 2 24 7 27 8 5 15 15 5 2 7 29 31 8 16 16 27 5 7 16 14 29 27
split_gain=87.1518 164.999 61.3915 97.4584 93.7578 75.9253 75.327 107.505 64.9361 61.8797 78.3686 134.364 170.046 100.527 83.0137 78.1481 71.666 59.291 78.0172 71.0089 72.6838 65.8153 64.6367 188.512 170.786 168.238 65.3474 64.7568 59.2591 148.577
threshold=76.500000000000014 61.500000000000007 7794.0000000000009 15.500000000000002 57.500000000000007 0.5824897587299348 0.68166601657867443 0.67700940370559703 1.0000000180025095e-35 8860.0000000000018 56.000000000000007 1162.5000000000002 0.37980769230769235 11.573556730385434 12.329385019294504 0.34210526315789475 0.61365580558776867 7546.0000000000009 3.5000000000000004 67.500000000000014 1045.0000000000002 335951.50000000006 229732.00000000003 56.000000000000007 0.31009615384615391 6789.5000000000009 220050.00000000003 0.31969230769230778 5.5000000000000009 64.000000000000014
decision_type=2 2 2 2 2 2 2 2 2 2 2 2 2 2 2 2 2 2 2 2 2 2 2 2 2 2 2 2 2 2
left_child=2 -2 3 4 -1 -5 7 9 17 10 -4 12 -12 -14 16 -13 -15 19 -19 20 21 22 26 -24 27 -26 -7 -25 -11 -30
right_child=1 -3 6 5 -6 8 -8 -9 -10 28 11 15 13 14 -16 -17 -18 18 -20 -21 -22 -23 23 24 25 -27 -28 -29 29 -31
leaf_value=-0.014065935048042918 0.056303591040236439 -0.12329392864493563 0.0021004110975627048 -0.069011842802058174 0.11886438800759187 0.0014656510116492849 -0.061180986634117231 0.10643852637388557 -0.025104220188781785 -0.0019200034004169056 0.11537459700176299 0.06178632078701584 -0.063164283595328913 0.018935905107090301 -0.039397358832900055 0.20230513569616262 0.1244856536044736 -0.0067616426535590029 -0.11088019519213187 0.07826276934646588 0.096280334019918715 -0.07162689696613353 -0.038176364005555789 0.043510227984395522 0.18150401737104332 0.04179189201689576 -0.085339141970845911 -0.071396081110873783 -0.056210653127147042 0.083389882226118636
leaf_weight=22 20 35 143 41 33 1143 31 33 229 503 45 20 40 40 29 20 27 64 25 33 21 29 67 26 40 47 22 23 27 64
leaf_count=22 20 35 143 41 33 1143 31 33 229 503 45 20 40 40 29 20 27 64 25 33 21 29 67 26 40 47 22 23 27 64
internal_value=0.00437239 -0.0579113 0.00556265 0.00016234 0.0656725 -0.00182906 0.0154116 0.0178185 -0.000265326 0.0147498 0.0309825 0.049639 0.0312365 0.00329567 0.0310763 0.1325 0.0616675 0.00342639 -0.0361562 0.00586004 0.00416614 0.00277109 0.00435702 0.0303862 0.0642034 0.106219 -0.000176474 -0.0103591 0.00479049 0.0418988
internal_weight=2942 55 2887 1865 55 1810 1022 991 1769 958 364 221 181 136 96 40 67 1540 89 1451 1418 1397 1368 203 136 87 1165 49 594 91
internal_count=2942 55 2887 1865 55 1810 1022 991 1769 958 364 221 181 136 96 40 67 1540 89 1451 1418 1397 1368 203 136 87 1165 49 594 91
is_linear=0
shrinkage=0.05


Tree=158
num_leaves=31
num_cat=0
split_feature=35 27 2 2 27 8 7 31 8 2 31 27 15 31 2 29 15 18 14 27 8 2 27 2 15 2 27 7 31 2
split_gain=79.0931 48.2663 71.6975 100.61 95.8079 38.5842 45.797 172.156 118.607 163.556 154.091 83.8827 140.203 46.1569 117.015 78.9865 74.3931 66.6806 61.2653 80.9065 68.1875 39.1109 313.389 123.239 91.2784 63.5237 49.5742 38.963 51.9776 37.9063
threshold=11.500000000000002 36.000000000000007 0.5797364115715028 0.58456185460090648 56.000000000000007 65.500000000000014 804.00000000000011 21.500000000000004 81.500000000000014 0.65241101384162914 50.500000000000007 57.500000000000007 11.515926470938227 25.500000000000004 0.58981001377105724 1.0000000180025095e-35 12.444104537591599 192600.00000000003 -0.37115384615384611 71.500000000000014 2035.0000000000002 0.63589826226234447 57.500000000000007 0.62770020961761486 12.022747621535084 0.65241101384162914 67.500000000000014 8110.0000000000009 22.500000000000004 0.59037780761718761
decision_type=2 2 2 2 2 2 2 2 2 2 2 2 2 2 2 2 2 2 2 2 2 2 2 2 2 2 2 2 2 2
left_child=1 -1 -3 4 -4 -5 7 -7 9 10 -9 -11 -13 14 -8 -15 17 21 19 -17 29 23 -23 24 -16 -24 -27 28 -28 -20
right_child=-2 2 3 5 -6 6 13 8 -10 11 -12 12 -14 15 16 18 -18 -19 20 -21 -22 22 25 -25 -26 26 27 -29 -30 -31
leaf_value=-0.018946088204983849 -0.075150154497462457 0.086201624543111088 0.029123414200336779 0.067854616037387946 -0.10572703987594666 -0.14377502528103916 0.12410109462250862 -0.158345569125182 0.1124330279386439 0.10056071087599275 0.00031960776873997279 -0.080181688925808653 0.03836494596080265 -0.076243015079154181 -0.0049089052189707667 0.09790127348465999 0.10030634652570898 -0.052286094423092282 -0.030824743788661197 -0.021174529284171392 -0.07082249960538857 0.18795354997348107 -0.056447215859322719 -0.11182092015777152 0.083110744778609955 0.086860659137306367 0.07097153749284156 -0.035177353124248335 -0.02608630769438558 0.0077436014007554984
leaf_weight=196 31 28 20 26 38 23 27 31 21 25 30 37 76 29 119 40 25 37 66 22 29 28 32 21 39 24 34 35 23 1730
leaf_count=196 31 28 20 26 38 23 27 31 21 25 30 37 76 29 119 40 25 37 66 22 29 28 32 21 39 24 34 35 23 1730
internal_value=0.00415462 0.00500342 0.00673485 0.00590173 -0.0591707 0.00734143 0.00673249 -0.0139238 -0.000266627 -0.0122352 -0.0803589 0.0178777 -0.000443574 0.00886201 0.0233895 0.00549187 0.0168284 0.0114676 0.00675462 0.055602 0.00508945 0.0181393 0.0348705 0.00165024 0.0168247 0.0057677 0.0230073 0.00621944 0.0317432 0.00632186
internal_weight=2942 2911 2715 2687 58 2629 2603 243 220 199 61 138 113 2360 444 1916 417 392 1887 62 1825 355 176 179 158 148 116 92 57 1796
internal_count=2942 2911 2715 2687 58 2629 2603 243 220 199 61 138 113 2360 444 1916 417 392 1887 62 1825 355 176 179 158 148 116 92 57 1796
is_linear=0
shrinkage=0.05


Tree=159
num_leaves=31
num_cat=0
split_feature=31 27 7 31 27 3 2 2 2 7 2 2 29 7 29 10 7 27 15 5 27 7 6 31 15 31 31 5 5 6
split_gain=74.1809 147.206 54.5434 86.9552 83.4204 74.9368 67.9742 93.2484 66.9021 57.5306 68.3951 112.787 148.5 72.2857 128.025 55.2386 51.078 304.779 54.9183 79.9729 141.969 111.841 62.8967 76.4345 55.724 62.5875 52.2222 50.723 100.212 60.4145
threshold=76.500000000000014 61.500000000000007 7794.0000000000009 15.500000000000002 57.500000000000007 1.0000000180025095e-35 0.68166601657867443 0.67700940370559703 0.5824897587299348 8555.5000000000018 0.59215146303176891 0.61365580558776867 5.5000000000000009 8335.5000000000018 2.5000000000000004 1.0000000180025095e-35 13923.000000000002 77.000000000000014 12.167882600718103 0.42927631578947373 52.000000000000007 10972.500000000002 0.057565789473684216 40.500000000000007 11.899039171032728 49.500000000000007 30.500000000000004 1.0000000180025095e-35 0.057565789473684216 0.091093117408906896
decision_type=2 2 2 2 2 2 2 2 2 2 2 2 2 2 2 2 2 2 2 2 2 2 2 2 2 2 2 2 2 2
left_child=2 -2 3 4 -1 8 7 9 -5 10 -4 15 13 -13 -15 -12 18 -18 24 20 -20 -22 23 26 -11 -26 -21 -10 -29 -30
right_child=1 -3 6 5 -6 -7 -8 -9 27 16 11 12 -14 14 -16 -17 17 -19 19 22 21 -23 -24 -25 25 -27 -28 28 29 -31
leaf_value=-0.013367898243045377 0.054354383488792679 -0.11527607714348709 0.10912278744452758 -0.063848429381702362 0.112009636350989 -0.093434910145819991 -0.058428501467133631 0.099151743291187866 0.058529224710644416 0.0089006490976052417 0.0044592329342167721 -0.00039880408729133432 0.14537366760101203 0.0037683841707081807 0.16836475950281768 -0.07958321671383789 0.12214051493424544 -0.10888229951756825 0.045940847674636645 0.064394545335171402 -0.16281327328410761 0.001952913774186699 -0.032797314897550278 0.022692249889315411 -0.015016452024908778 -0.085887569183355106 0.17169656300597561 -0.10180210657881504 -0.002181830981919753 0.030102761931075191
leaf_weight=22 20 35 26 41 33 22 31 33 37 187 88 86 33 27 21 25 44 21 45 27 21 20 20 53 155 39 20 24 1526 160
leaf_count=22 20 35 26 41 33 22 31 33 37 187 88 86 33 27 21 25 44 21 45 27 21 20 20 53 155 39 20 24 1526 160
internal_value=0.00394693 -0.0535148 0.00504518 -3.97996e-05 0.0618346 -0.00192604 0.0143285 0.0166152 -0.00079213 0.0137568 0.0316419 0.024393 0.0504916 0.0269969 0.0760836 -0.0141439 0.00535161 0.047373 0.00068269 0.0214835 -0.0152633 -0.0825087 0.0478512 0.0640475 -0.0105535 -0.0293264 0.110429 0.000688434 -0.000563517 0.000880588
internal_weight=2942 55 2887 1865 55 1810 1022 991 1788 958 306 280 167 134 48 113 652 65 587 206 86 41 120 100 381 194 47 1747 1710 1686
internal_count=2942 55 2887 1865 55 1810 1022 991 1788 958 306 280 167 134 48 113 652 65 587 206 86 41 120 100 381 194 47 1747 1710 1686
is_linear=0
shrinkage=0.05


Tree=160
num_leaves=31
num_cat=0
split_feature=6 5 5 14 8 8 5 5 35 35 31 9 27 27 31 5 35 5 15 27 30 27 8 14 8 8 8 27 6 31
split_gain=146.003 102.138 118.632 76.7631 66.7821 58.1399 47.5092 165.416 118.223 116.339 214.241 84.2642 79.4128 163.069 74.2951 72.9444 109.738 99.5545 82.3827 75.4357 67.3905 49.8136 100.136 50.8137 46.7383 139.032 136.134 93.7909 102.145 90.0587
threshold=0.15587044534412958 1.0000000180025095e-35 0.057565789473684216 -0.44480769230769229 2035.0000000000002 1824.5000000000002 0.28542510121457493 0.31009615384615391 5.5000000000000009 5.5000000000000009 42.500000000000007 1.0000000180025095e-35 64.000000000000014 54.000000000000007 37.500000000000007 0.22064777327935226 7.5000000000000009 0.13942307692307696 11.721959690634847 56.000000000000007 1.0000000180025095e-35 70.500000000000014 816.50000000000011 -1.0000000180025095e-35 583.00000000000011 613.50000000000011 508.00000000000006 57.500000000000007 0.057565789473684216 35.500000000000007
decision_type=2 2 2 2 2 2 2 2 2 2 2 2 2 2 2 2 2 2 2 2 2 2 2 2 2 2 2 2 2 2
left_child=1 -1 -3 -4 5 6 9 8 -8 11 12 14 13 -11 -5 16 18 -18 -12 -19 -16 22 23 -17 26 -26 27 -9 -29 -28
right_child=-2 2 3 4 -6 -7 7 24 -10 10 15 -13 -14 -15 20 21 17 19 -20 -21 -22 -23 -24 -25 25 -27 29 28 -30 -31
leaf_value=0.078409615188306608 0.12066466739532611 -0.11446556441516796 0.080686140134870465 -0.0090410192112289119 -0.064913425004941808 0.05927506028913021 -0.032720713665680613 -0.092882780291727474 -0.16464619436387207 0.04652161890954238 -0.11955617160347434 0.073479352978735174 0.041454196397897901 0.24172061437665071 -0.0064727336168289192 0.054206446681824894 0.075304131139864436 0.040049274599374227 -0.018462174538853637 -0.095229492919139958 -0.12188479923380174 -0.018882656328352617 0.0024984056315862928 0.16252208144214506 0.084105277580194635 -0.0048778346336009609 -0.1799428173998521 0.092639678726242292 -0.014879730382980719 -0.037808625641205497
leaf_weight=38 24 24 27 335 44 37 46 24 27 21 28 27 31 22 22 21 51 20 72 21 30 27 41 23 45 1642 21 31 76 24
leaf_count=38 24 24 27 335 44 37 46 24 27 21 28 27 31 22 22 21 51 20 72 21 30 27 41 23 45 1642 21 31 76 24
internal_value=-0.00188913 -0.00290992 -0.00399484 -0.00305421 -0.00386374 -0.00288812 -0.00373522 -0.00795661 -0.081742 0.00657713 0.0266328 -0.0117245 0.102873 0.146836 -0.0176994 0.00803031 -0.0106557 0.0287046 -0.0469096 -0.0291813 -0.0732587 0.040089 0.0588801 0.11118 -0.00505848 -0.00249644 -0.0295725 -0.00373553 0.0162815 -0.104501
internal_weight=2922 2898 2860 2836 2809 2765 2728 1936 73 792 378 414 74 43 387 304 192 92 100 41 52 112 85 44 1863 1687 176 131 107 45
internal_count=2922 2898 2860 2836 2809 2765 2728 1936 73 792 378 414 74 43 387 304 192 92 100 41 52 112 85 44 1863 1687 176 131 107 45
is_linear=0
shrinkage=0.05


Tree=161
num_leaves=31
num_cat=0
split_feature=6 5 5 14 29 6 33 15 2 14 10 2 6 14 9 14 14 27 2 5 31 27 2 18 5 10 11 31 8 33
split_gain=131.824 92.2049 107.112 69.3053 65.4926 111.923 104.997 123.243 76.7781 112.749 200.392 102.413 85.1595 64.1928 90.2274 70.1591 63.8499 68.4657 94.4736 124.345 83.7286 65.0349 53.168 52.8006 125.334 290.965 132.355 153.107 164.689 150.353
threshold=0.15587044534412958 1.0000000180025095e-35 0.057565789473684216 -0.44480769230769229 4.5000000000000009 1.0000000180025095e-35 1.0000000180025095e-35 12.279327646134496 0.60916885733604442 -0.035230769230769225 1.0000000180025095e-35 0.62682512402534496 0.069711538461538478 0.90963076923076935 1.0000000180025095e-35 0.83458461538461548 0.16346153846153849 79.500000000000014 0.66624072194099437 0.48684210526315791 33.500000000000007 67.500000000000014 0.66735708713531505 78150.000000000015 0.55048076923076927 1.0000000180025095e-35 1.0000000180025095e-35 26.500000000000004 73.500000000000014 1.0000000180025095e-35
decision_type=2 2 2 2 2 2 2 2 2 2 2 2 2 2 2 2 2 2 2 2 2 2 2 2 2 2 2 2 2 2
left_child=1 -1 -3 -4 13 6 -6 -8 -7 10 22 12 -11 15 -15 23 17 18 20 -20 -13 -18 -10 24 26 -26 27 -5 -29 -30
right_child=-2 2 3 4 5 8 7 -9 9 11 -12 16 -14 14 -16 -17 21 -19 19 -21 -22 -23 -24 -25 25 -27 -28 28 29 -31
leaf_value=0.074499425389791721 0.11465646302118836 -0.10876603423312492 0.076666721066535617 -0.094915154958823952 -0.025954975919665498 -0.044795910749497174 -0.16189536814116312 -0.0098062367528272444 -0.037828545276261373 0.13642770892903885 -0.17896501451582458 0.17448324493656112 0.0092061010825687951 0.12082914668295917 -0.016389039698229656 -0.087151683499286703 0.023403980759023432 -0.019967999707244201 -0.082497911909186983 0.064130234132763919 0.045961754711774681 -0.097196514287080427 0.051925584228382893 0.0063091500008599704 -0.19692813498122666 0.050675760287244166 0.017701944214564801 -0.13400855789046071 -0.024227828884951771 0.063665355869821708
leaf_weight=38 24 24 27 67 229 81 34 22 38 33 20 20 22 26 22 23 20 60 25 34 35 25 29 1326 27 21 321 24 154 71
leaf_count=38 24 24 27 67 229 81 34 22 38 33 20 20 22 26 22 23 20 60 25 34 35 25 29 1326 27 21 321 24 154 71
internal_value=-0.00179441 -0.00276445 -0.00379535 -0.00290146 -0.00367074 -0.01659 -0.0410159 -0.102359 -0.00082321 0.00903907 -0.0404986 0.0247955 0.0857389 0.000838619 0.0579302 -0.000508999 0.00943507 0.0231846 0.0459379 0.0018806 0.0930194 -0.0435524 0.00096523 0.00048374 -0.0107849 -0.0886173 -0.00489911 -0.0278719 -0.00978124 0.0035011
internal_weight=2922 2898 2860 2836 2809 727 285 56 442 361 87 274 55 2082 48 2034 219 174 114 59 55 45 67 2011 685 48 637 316 249 225
internal_count=2922 2898 2860 2836 2809 727 285 56 442 361 87 274 55 2082 48 2034 219 174 114 59 55 45 67 2011 685 48 637 316 249 225
is_linear=0
shrinkage=0.05


Tree=162
num_leaves=31
num_cat=0
split_feature=7 14 5 5 7 8 10 29 30 33 2 14 14 8 2 8 16 2 2 7 8 2 14 2 2 27 8 5 7 27
split_gain=103.95 86.3699 81.2498 98.4529 63.8952 68.0094 66.8656 49.3569 79.6638 206.388 203.03 95.0822 69.853 67.2136 69.0526 59.1568 62.4994 54.448 63.6765 173.404 242.307 103.757 86.771 65.6605 64.5188 52.126 49.8235 113.886 73.9862 132.178
threshold=15551.000000000002 -0.44480769230769229 1.0000000180025095e-35 0.057565789473684216 506.50000000000006 69.500000000000014 1.0000000180025095e-35 4.5000000000000009 1.0000000180025095e-35 1.0000000180025095e-35 0.64857995510101329 -0.26961538461538453 0.31969230769230778 576.00000000000011 0.60916885733604442 1255.5000000000002 210912.50000000003 0.61921602487564098 0.63689053058624279 6789.5000000000009 1089.5000000000002 0.64425683021545421 0.16346153846153849 0.66624072194099437 0.67086574435234081 79.500000000000014 889.00000000000011 0.53238866396761142 8518.5000000000018 56.000000000000007
decision_type=2 2 2 2 2 2 2 2 2 2 2 2 2 2 2 2 2 2 2 2 2 2 2 2 2 2 2 2 2 2
left_child=1 -1 -3 -4 6 -6 -5 26 9 12 -11 -10 -9 -13 15 16 -15 -16 19 -19 -21 -20 23 25 -25 -23 27 -7 29 -28
right_child=-2 2 3 4 5 7 -8 8 11 10 -12 13 -14 14 17 -17 -18 18 21 20 -22 22 -24 24 -26 -27 28 -29 -30 -31
leaf_value=0.089623853667029019 -0.11502187256492785 0.070784230491151331 -0.10335030291090366 0.11967321480091531 -0.092673172656958694 -0.0031852074045195244 0.016534512787140018 0.002045522988308538 -0.085718451505323812 -0.016135988219991907 -0.21678951120408405 -0.070386041675236627 -0.078322163467320793 -0.020020111777077916 0.075832484698681174 0.039031648339077643 -0.11936870164427404 -0.14518988697507262 0.12219677599391852 0.10360048405243703 -0.081021333492396513 0.099330994755808366 -0.072605768481336264 -0.078164798910938083 0.021897085524094091 0.0041017855521780326 -0.0039874756031486203 -0.10895689193202161 -0.005786605966082675 0.047166142927266431
leaf_weight=26 20 38 24 20 21 1029 73 147 32 23 28 29 33 51 37 24 23 22 25 37 34 42 25 20 81 22 240 26 404 266
leaf_count=26 20 38 24 20 21 1029 73 147 32 23 28 29 33 51 37 24 23 22 25 37 34 42 25 20 81 22 240 26 404 266
internal_value=-0.00170518 -0.000918567 -0.00174193 -0.00271725 -0.00185356 -0.00324876 0.0388733 -0.00254798 -0.0136012 -0.0379104 -0.126605 -0.00244431 -0.0126961 0.00320776 0.00805149 -0.0289478 -0.0510856 0.0185813 0.0116651 -0.0228566 0.0151301 0.0266246 0.0139654 0.0271485 0.00197568 0.0667314 0.00158439 -0.00580672 0.0101584 0.0228977
internal_weight=2922 2902 2876 2838 2814 2721 93 2700 735 231 51 504 180 472 443 98 74 345 308 93 71 215 190 165 101 64 1965 1055 910 506
internal_count=2922 2902 2876 2838 2814 2721 93 2700 735 231 51 504 180 472 443 98 74 345 308 93 71 215 190 165 101 64 1965 1055 910 506
is_linear=0
shrinkage=0.05


Tree=163
num_leaves=31
num_cat=0
split_feature=6 7 14 5 5 15 5 5 15 16 6 6 14 27 7 14 8 7 27 1 31 33 7 31 27 27 15 8 31 31
split_gain=121.493 92.2472 79.6898 75.3922 87.1031 51.7188 128.753 126.512 166.32 78.798 167.287 105.041 72.6523 107.548 225.614 127.48 73.2045 154.118 115.928 136.427 107.712 79.6906 72.1456 75.9448 174.135 123.085 185.406 118.533 80.2722 121.227
threshold=0.15587044534412958 15551.000000000002 -0.44480769230769229 1.0000000180025095e-35 0.057565789473684216 11.812511265982243 0.62019230769230782 0.62828947368421062 11.480782840096824 130300.00000000001 0.091093117408906896 0.11513157894736843 -0.13846153846153844 64.000000000000014 6952.0000000000009 -0.22692307692307692 742.50000000000011 5505.0000000000009 57.500000000000007 1.0000000180025095e-35 67.500000000000014 1.0000000180025095e-35 11262.500000000002 49.500000000000007 67.500000000000014 59.000000000000007 12.16238714608453 1065.5000000000002 36.500000000000007 35.500000000000007
decision_type=2 2 2 2 2 2 2 2 2 2 2 2 2 2 2 2 2 2 2 2 2 2 2 2 2 2 2 2 2 2
left_child=1 2 -1 -4 -5 6 9 8 -8 11 -11 -6 13 15 -15 -7 18 -18 -14 21 22 -20 23 28 25 26 -25 -26 29 -19
right_child=-2 -3 3 4 5 12 7 -9 -10 10 -12 -13 16 14 -16 -17 17 20 19 -21 -22 -23 -24 24 27 -27 -28 -29 -30 -31
leaf_value=0.085159826826775212 0.11017339683110783 -0.10929938750851215 0.067254310402422746 -0.098204225351206986 -0.0070449626172036416 0.034773567254372688 -0.23605982053339183 -0.0015813611875487958 -0.034333303909731133 -0.018807543405167611 -0.17535574852039493 0.047891428666122178 -0.018961656410147635 -0.14949982474692425 0.049954779796193893 0.17578444992679926 -0.12228907527024212 -0.0043586934293316252 0.045273944946418711 0.1550262438012408 -0.10033942974069787 -0.022998004614434839 0.031880777457287728 -0.12796078278434592 -0.20709231190420502 0.086358098962257823 0.0063441730371884848 -0.051639154869076609 0.023869393124819862 -0.1116022500385169
leaf_weight=26 24 20 38 24 837 53 20 33 21 114 20 97 131 20 48 23 28 426 161 23 28 58 143 34 20 29 104 32 259 28
leaf_count=26 24 20 38 24 837 53 20 33 21 114 20 97 131 20 48 23 28 426 161 23 28 58 143 34 20 29 104 32 259 28
internal_value=-0.0016213 -0.00255263 -0.00180531 -0.00260283 -0.00355031 -0.0027308 -0.0109091 -0.0746502 -0.133193 -0.0064813 -0.0423236 -0.00132971 0.00293371 0.0368492 -0.0087683 0.0776885 -0.000312432 -0.0066507 0.0188895 0.0393992 -0.00369983 0.0271677 -0.00116896 -0.00624814 -0.0319954 -0.00706172 -0.0267779 -0.111808 0.00165657 -0.011007
internal_weight=2922 2898 2878 2852 2814 2790 1142 74 41 1068 134 934 1648 144 68 76 1504 1131 373 242 1103 219 1075 932 219 167 138 52 713 454
internal_count=2922 2898 2878 2852 2814 2790 1142 74 41 1068 134 934 1648 144 68 76 1504 1131 373 242 1103 219 1075 932 219 167 138 52 713 454
is_linear=0
shrinkage=0.05


Tree=164
num_leaves=31
num_cat=0
split_feature=5 5 14 27 8 8 29 27 14 30 33 2 11 27 8 27 27 14 9 14 8 2 2 2 8 27 31 16 16 5
split_gain=66.1396 80.3294 52.2048 74.015 61.8814 46.9636 56.5797 66.7168 116.384 107.805 167.529 226.944 130.355 73.6139 64.8895 152.731 133.442 53.9977 81.9675 65.5937 52.753 71.895 70.8442 85.9054 56.8164 82.4994 49.8325 76.1429 47.2054 47.0303
threshold=1.0000000180025095e-35 0.057565789473684216 -0.41307692307692301 70.500000000000014 2035.0000000000002 1824.5000000000002 4.5000000000000009 57.500000000000007 -0.26961538461538453 1.0000000180025095e-35 1.0000000180025095e-35 0.60829156637191784 1.0000000180025095e-35 54.000000000000007 1155.5000000000002 61.500000000000007 67.500000000000014 0.90963076923076935 1.0000000180025095e-35 0.83458461538461548 576.00000000000011 0.63689053058624279 0.62682512402534496 0.62040513753891002 859.00000000000011 79.500000000000014 68.500000000000014 154250.00000000003 350400.00000000006 0.48684210526315791
decision_type=2 2 2 2 2 2 2 2 2 2 2 2 2 2 2 2 2 2 2 2 2 2 2 2 2 2 2 2 2 2
left_child=-1 -2 3 -3 5 6 17 13 -9 10 11 -10 -13 -8 15 -11 -16 19 -19 26 -17 22 23 -22 25 -23 28 -28 -4 -26
right_child=1 2 4 -5 -6 -7 7 8 9 14 -12 12 -14 -15 16 20 -18 18 -20 -21 21 24 -24 -25 29 -27 27 -29 -30 -31
leaf_value=0.063900421314391248 -0.09331439236387673 0.12279004939456484 -0.00053527265529207336 -0.012808869128574187 -0.061213736084042764 0.055140006897191923 -0.0092522796811523398 -0.13203674842204366 -0.13617433414965197 0.13059030596118468 -0.15164264100562794 0.087050359221675519 -0.048876566483967029 0.075506863407695385 -0.11923627370963 -0.066899348046515414 0.0065659603046527145 0.11411592922676568 -0.016662084328103389 -0.083212720322144496 -0.023245131012124182 0.10831188008449322 -0.091096683437820014 0.091303168322464712 0.035766582952665459 -0.00013880268685591564 -0.0048606508882283288 0.12010807234591624 0.074657205213302685 -0.06776641152094845
leaf_weight=38 24 20 1935 20 44 36 74 23 31 23 34 39 32 39 34 29 55 26 22 23 88 40 28 20 24 31 27 22 21 20
leaf_count=38 24 20 1935 20 44 36 74 23 31 23 34 39 32 39 34 29 55 26 22 23 88 40 28 20 24 31 27 22 21 20
internal_value=-0.00154174 -0.00240793 -0.0016401 0.055003 -0.00244724 -0.00151181 -0.00225995 -0.014964 -0.0221454 -0.0173249 -0.0556672 -0.0235092 0.0257346 0.0199976 -0.0039989 0.00701486 -0.0415171 0.00180151 0.054162 0.000557128 -0.00316112 0.00420685 -0.0203712 -0.00192139 0.0333089 0.0609563 0.00152467 0.0512763 0.000273228 -0.0112274
internal_weight=2922 2884 2860 40 2820 2776 2740 664 551 528 136 102 71 113 392 303 89 2076 48 2028 280 251 136 108 115 71 2005 49 1956 44
internal_count=2922 2884 2860 40 2820 2776 2740 664 551 528 136 102 71 113 392 303 89 2076 48 2028 280 251 136 108 115 71 2005 49 1956 44
is_linear=0
shrinkage=0.05


Tree=165
num_leaves=31
num_cat=0
split_feature=6 27 6 8 14 8 2 29 7 8 14 8 6 2 27 6 7 7 35 2 2 2 27 27 18 27 2 2 29 2
split_gain=85.2695 37.1697 31.2658 72.3284 107.646 91.4463 76.187 68.4324 98.8377 193.816 111.681 169.376 107.231 76.7572 81.9797 162.722 158.608 142.117 111.177 79.8237 106.99 77.2792 136.582 121.284 110.583 99.5214 156.358 358.415 245.055 184.278
threshold=0.15587044534412958 29.000000000000004 0.057565789473684216 1565.0000000000002 0.15371538461538464 1438.5000000000002 0.64650040864944469 4.5000000000000009 5236.5000000000009 955.50000000000011 0.33653846153846162 823.50000000000011 1.0000000180025095e-35 0.66928958892822277 68.500000000000014 1.0000000180025095e-35 8555.5000000000018 4489.0000000000009 5.5000000000000009 0.64537152647972118 0.62911051511764537 0.60786306858062755 64.000000000000014 61.500000000000007 112000.00000000001 50.500000000000007 0.62911051511764537 0.63589826226234447 2.5000000000000004 0.65325996279716503
decision_type=2 2 2 2 2 2 2 2 2 2 2 2 2 2 2 2 2 2 2 2 2 2 2 2 2 2 2 2 2 2
left_child=1 -1 3 5 6 7 -5 13 -9 10 11 -10 -11 14 15 21 19 -17 -19 20 -16 22 23 -3 -24 -23 -27 -28 29 -29
right_child=-2 2 -4 4 -6 -7 -8 8 9 12 -12 -13 -14 -15 16 17 -18 18 -20 -21 -22 25 24 -25 -26 26 27 28 -30 -31
leaf_value=-0.055929751541012908 -0.091520596435809051 0.010165023030084226 0.0050528544968695801 0.038671423985334477 -0.15008150259500713 0.059036072019534105 -0.088779141045921481 0.056836356173124027 0.018029931598456107 -0.026032361003766061 -0.19533461445596964 -0.13979169647119052 0.077701523222652086 -0.080507921014117245 0.054550970528028098 -0.18675276209317632 -0.065932749011195627 0.02697389145352562 -0.099739128911643798 0.10696784941208855 -0.062272940086297301 0.011032515433503922 -0.0079146857359516081 -0.10946784197475035 0.13767651875385378 -0.068845370821378107 0.14116221574700111 -0.19708004032300599 0.023287509164763888 -0.012376606776630236
leaf_weight=32 27 510 1054 28 21 56 20 30 32 125 22 36 31 30 89 20 35 35 34 46 25 243 20 22 37 148 36 31 72 24
leaf_count=32 27 510 1054 28 21 56 20 30 32 125 22 36 31 30 89 20 35 35 34 46 25 243 20 22 37 148 36 31 72 24
internal_value=-0.00322932 -0.00241481 -0.00182311 -0.00572644 -0.0559264 -0.00378447 -0.0144032 -0.00582062 -0.0286453 -0.0391091 -0.0974985 -0.0655319 -0.00534997 -0.00149183 0.000171358 -0.00459368 0.0302892 -0.0696751 -0.035446 0.051397 0.0288557 0.000475179 0.0130872 0.00518876 0.0865799 -0.0129245 -0.031657 0.00210006 -0.0373598 -0.116742
internal_weight=2971 2944 2912 1858 69 1789 48 1733 276 246 90 68 156 1457 1427 1232 195 89 69 160 114 1143 589 532 57 554 311 163 127 55
internal_count=2971 2944 2912 1858 69 1789 48 1733 276 246 90 68 156 1457 1427 1232 195 89 69 160 114 1143 589 532 57 554 311 163 127 55
is_linear=0
shrinkage=0.05


Tree=166
num_leaves=31
num_cat=0
split_feature=6 31 31 6 2 27 8 27 14 2 15 27 14 27 15 7 14 2 6 29 5 31 2 7 27 7 35 7 7 27
split_gain=76.9833 48.4675 64.1859 48.4054 57.8907 170.878 192.65 227.33 135.628 128.54 210.311 298.802 265.284 179.426 169.929 114.251 243.259 113.213 93.3027 68.8033 68.258 58.832 56.472 81.7192 63.4919 103.182 53.9907 91.6389 267.155 202.866
threshold=0.15587044534412958 90.500000000000014 76.500000000000014 0.11513157894736843 0.6597372591495515 64.000000000000014 1204.5000000000002 59.000000000000007 -0.16715769230769228 0.64857995510101329 12.165252468511499 71.500000000000014 0.47000000000000003 47.000000000000007 11.843289065695897 804.00000000000011 0.023076923076923082 0.64725190401077282 1.0000000180025095e-35 2.5000000000000004 0.37171052631578955 29.500000000000004 0.66022831201553356 5307.5000000000009 64.000000000000014 5912.5000000000009 8.5000000000000018 739.50000000000011 2408.5000000000005 57.500000000000007
decision_type=2 2 2 2 2 2 2 2 2 2 2 2 2 2 2 2 2 2 2 2 2 2 2 2 2 2 2 2 2 2
left_child=1 2 3 4 9 6 7 -6 -7 17 11 13 -12 -11 21 16 -10 26 -17 -19 -13 -15 24 -24 25 -5 27 -1 29 -29
right_child=-2 -3 -4 22 5 8 -8 -9 15 10 12 20 -14 14 -16 18 -18 19 -20 -21 -22 -23 23 -25 -26 -27 -28 28 -30 -31
leaf_value=-0.060720144557851068 -0.086961457838486481 0.073203826035368499 -0.073160336062172857 0.16272306014393378 -0.011746553959030855 0.10422063818611049 0.15451797605203491 0.16052333879520292 -0.18765464853561648 0.058513069166956345 -0.26913929845766998 0.12184669862594114 -0.017752658685236743 -0.10485466709492895 -0.027948674113673161 -0.072680215017341288 0.015289725923844855 0.013969667871200032 0.012567702375741344 0.14533958741978034 0.021168887517735064 -0.21883789672876686 0.035109201189124993 -0.048350327909520097 0.0010454006553338867 0.021272839748986676 0.027738257817060737 0.22518893467589016 -0.0081912661315649542 0.028610689084754028
leaf_weight=76 27 21 32 24 93 24 37 24 28 21 21 27 21 21 40 39 31 20 179 20 45 26 67 52 37 28 119 21 1715 35
leaf_count=76 27 21 32 24 93 24 37 24 28 21 21 27 21 21 40 39 31 20 179 20 45 26 67 52 37 28 119 21 1715 35
internal_value=-0.00306949 -0.00229548 -0.00284209 -0.00205952 -0.00386278 0.0123837 0.0552085 0.0236551 -0.00952105 -0.00718328 -0.0432772 -0.0197027 -0.143905 -0.0722962 -0.103959 -0.019428 -0.0810928 -0.00318438 -0.00268648 0.079978 0.059109 -0.168346 0.0211675 -0.0013285 0.0512702 0.0868405 -0.00488291 -0.00698875 -0.00467682 0.102687
internal_weight=2971 2944 2923 2891 2683 455 154 117 301 2228 222 180 42 108 87 277 59 2006 218 40 72 47 208 119 89 52 1966 1847 1771 56
internal_count=2971 2944 2923 2891 2683 455 154 117 301 2228 222 180 42 108 87 277 59 2006 218 40 72 47 208 119 89 52 1966 1847 1771 56
is_linear=0
shrinkage=0.05


Tree=167
num_leaves=31
num_cat=0
split_feature=6 31 31 6 2 27 33 14 2 15 27 2 14 5 31 7 14 2 6 16 35 29 2 2 7 27 7 35 7 7
split_gain=69.5064 43.7623 57.9487 43.7081 52.2605 154.272 182.93 122.458 116.081 190.56 258.88 169.399 168.222 106.849 186.831 103.136 219.638 102.24 84.2262 71.9762 68.5319 62.1124 56.6175 50.9994 73.7653 57.3232 93.1467 48.7291 82.7182 241.233
threshold=0.15587044534412958 90.500000000000014 76.500000000000014 0.11513157894736843 0.6597372591495515 64.000000000000014 1.0000000180025095e-35 -0.16715769230769228 0.64857995510101329 12.184393105807702 71.500000000000014 0.65239256620407116 0.52269230769230779 0.19901315789473686 27.500000000000004 804.00000000000011 0.023076923076923082 0.64725190401077282 1.0000000180025095e-35 188050.00000000003 4.5000000000000009 2.5000000000000004 0.66898187994956981 0.66022831201553356 5307.5000000000009 64.000000000000014 5912.5000000000009 8.5000000000000018 739.50000000000011 2408.5000000000005
decision_type=2 2 2 2 2 2 2 2 2 2 2 2 2 2 2 2 2 2 2 2 2 2 2 2 2 2 2 2 2 2
left_child=1 2 3 4 8 6 20 -7 17 10 11 -10 -11 -13 -15 16 -9 27 -17 -12 -6 -19 -8 25 -25 26 -5 28 -1 -30
right_child=-2 -3 -4 23 5 7 22 15 9 12 19 13 -14 14 -16 18 -18 21 -20 -21 -22 -23 -24 24 -26 -27 -28 -29 29 -31
leaf_value=-0.057688124571852253 -0.082629425453908778 0.069560982731846271 -0.069513716188918023 0.15462066296843574 -0.035038186927366148 0.09903123002823952 0.19207455172917032 -0.17830530672310935 -0.17969822979699893 -0.24203155399554999 0.095586327426224027 0.04368790916560851 -0.036655970384825522 -0.0021125844834524337 -0.19564384405885762 -0.069055491822111945 0.014527698172633672 0.013274658141444571 0.011939668406873822 -0.0037417235630462843 0.048913247685004956 0.13810876195703572 0.08634458515493823 0.033356357400268093 -0.045937451472838418 0.00099327163394249355 0.020212983151771845 0.026352508817615628 0.097579402335771698 -0.0077817268891738527
leaf_weight=76 27 21 32 24 44 24 20 28 26 20 42 29 20 33 20 39 31 20 179 32 54 20 36 67 52 37 28 119 56 1715
leaf_count=76 27 21 32 24 44 24 20 28 26 20 42 29 20 33 20 39 31 20 179 32 54 20 36 67 52 37 28 119 56 1715
internal_value=-0.00291518 -0.00217963 -0.00269912 -0.00195545 -0.00366906 0.011767 0.0524579 -0.00904547 -0.00682403 -0.0411243 -0.0193416 -0.0686973 -0.139816 -0.0332649 -0.0754683 -0.0184599 -0.0770485 -0.00302373 -0.00255238 0.0526191 0.0111725 0.0760052 0.124469 0.0201156 -0.00126053 0.0487227 0.082521 -0.00463797 -0.00663868 -0.00444201
internal_weight=2971 2944 2923 2891 2683 455 154 301 2228 222 182 108 40 82 53 277 59 2006 218 74 98 40 56 208 119 89 52 1966 1847 1771
internal_count=2971 2944 2923 2891 2683 455 154 301 2228 222 182 108 40 82 53 277 59 2006 218 74 98 40 56 208 119 89 52 1966 1847 1771
is_linear=0
shrinkage=0.05


Tree=168
num_leaves=31
num_cat=0
split_feature=6 31 31 6 2 5 31 31 7 27 31 27 2 5 35 31 30 31 34 6 8 27 27 8 2 14 35 7 2 2
split_gain=62.7548 39.5146 52.3166 39.4693 49.1441 108.848 73.5067 47.3858 41.6216 193.09 40.8727 39.4383 153.055 120.69 107.472 132.173 169.943 121.559 238.382 357.735 184.715 168.831 106.029 259.838 178.239 311.175 295.005 117.418 325.692 181.9
threshold=0.15587044534412958 90.500000000000014 76.500000000000014 0.11513157894736843 0.63424724340438854 0.53238866396761142 30.500000000000004 72.000000000000014 13923.000000000002 77.000000000000014 47.500000000000007 57.500000000000007 0.67700940370559703 0.55048076923076927 4.5000000000000009 34.500000000000007 1.0000000180025095e-35 36.500000000000007 1.0000000180025095e-35 1.0000000180025095e-35 915.50000000000011 75.500000000000014 65.500000000000014 1157.5000000000002 0.60593992471694957 0.24324615384615386 3.5000000000000004 7384.0000000000009 0.62617102265357982 0.6227824091911317
decision_type=2 2 2 2 2 2 2 2 2 2 2 2 2 2 2 2 2 2 2 2 2 2 2 2 2 2 2 2 2 2
left_child=1 2 3 7 10 6 -6 8 11 -10 -5 12 13 -1 15 22 -17 18 19 -16 -20 -21 23 24 25 -13 -26 28 -24 -29
right_child=-2 -3 -4 4 5 -7 -8 -9 9 -11 -12 14 -14 -15 17 16 -18 -19 20 21 -22 -23 27 -25 26 -27 -28 29 -30 -31
leaf_value=0.0029880070332078774 -0.07851320231862613 0.066099419893246678 -0.066048857801799837 0.11170161478705219 -0.043445593910463619 -0.066525657249309714 0.049739809205579216 0.061091892894529792 0.096300197909575336 -0.088258326357292333 0.017155948513514038 0.083762227026687605 0.099296298623085033 -0.066848005396109675 -0.26010805074240745 0.1533051450931209 -0.022341841657132034 -0.012860177903153214 0.054094198858451494 -0.14192164936513282 -0.1174533828890701 0.026993673034777038 0.13004344356578809 0.11900446340144868 -0.20102546017100342 -0.10484431902517999 -0.020039227369711726 -0.076481157799744584 -0.0017419365435274474 0.023665020933805115
leaf_weight=965 27 21 32 23 27 39 96 28 43 21 23 48 39 66 29 32 24 681 54 26 22 34 66 25 41 40 50 76 161 112
leaf_count=965 27 21 32 23 27 39 96 28 43 21 23 48 39 66 29 32 24 681 54 26 22 34 66 25 41 40 50 76 161 112
internal_value=-0.00276919 -0.00207018 -0.0025639 -0.0018572 0.0191162 0.00611639 0.0292252 -0.00348568 -0.00417089 0.0356207 0.064677 -0.00515704 0.00219377 -0.00148378 -0.0103313 0.00454176 0.0780331 -0.0222032 -0.0607028 -0.116193 0.0042809 -0.0462341 -0.00211035 -0.0316237 -0.0527438 -0.00193296 -0.101769 0.0123895 0.0365929 -0.0168122
internal_weight=2971 2944 2923 2891 208 162 123 2683 2655 64 46 2591 1070 1031 1521 675 56 846 165 89 76 60 619 204 179 88 91 415 227 188
internal_count=2971 2944 2923 2891 208 162 123 2683 2655 64 46 2591 1070 1031 1521 675 56 846 165 89 76 60 619 204 179 88 91 415 227 188
is_linear=0
shrinkage=0.05


Tree=169
num_leaves=31
num_cat=0
split_feature=6 31 31 6 2 27 8 27 2 15 27 18 27 7 29 2 8 13 35 7 18 7 5 29 7 2 5 31 7 7
split_gain=56.6579 35.6799 47.2308 35.6285 45.1423 135.36 167.565 200.763 103.73 170.367 239.291 222.167 155.143 163.797 107.534 90.8092 78.64 91.074 157.467 73.1008 59.8949 88.5853 58.2864 55.1543 45.2418 44.3878 98.2511 66.3612 43.0718 123.904
threshold=0.15587044534412958 90.500000000000014 76.500000000000014 0.11513157894736843 0.6597372591495515 64.000000000000014 1204.5000000000002 59.000000000000007 0.64857995510101329 12.165252468511499 71.500000000000014 191100.00000000003 47.000000000000007 5206.0000000000009 3.5000000000000004 0.64725190401077282 576.00000000000011 1.0000000180025095e-35 5.5000000000000009 7414.0000000000009 144279.00000000003 9383.0000000000018 0.37171052631578955 2.5000000000000004 841.50000000000011 0.63424724340438854 0.53238866396761142 30.500000000000004 5860.5000000000009 5618.5000000000009
decision_type=2 2 2 2 2 2 2 2 2 2 2 2 2 2 2 2 2 2 2 2 2 2 2 2 2 2 2 2 2 2
left_child=1 2 3 4 8 6 7 -6 15 10 12 -11 -10 -14 -15 28 17 18 24 -18 21 -21 -12 -17 -7 -5 27 -27 29 -1
right_child=-2 -3 -4 25 5 16 -8 -9 9 11 22 -13 13 14 -16 23 19 -19 -20 20 -22 -23 -24 -25 -26 26 -28 -29 -30 -31
leaf_value=-0.0028990046724119006 -0.074602027883498873 0.06281010642718364 -0.062756702387444324 0.061462551154955858 -0.013542112572044615 -0.080351014536430398 0.14176648087257324 0.14834926050480965 0.057105848533917938 -0.24384293163557189 0.11104948702113655 -0.013785912371924704 -0.19084047485411781 0.035607924216515784 -0.10230907436427483 0.012698402808080265 0.047356375619199517 0.013821566434589228 -0.19086157801026982 -0.0016962236985382951 0.031931724071391207 -0.12425561635009137 0.018012762092004329 0.1303521888043305 0.015956577878596598 -0.041281330535992478 -0.063207879826388397 0.047255406794637356 -0.0097019015363875166 0.056663941546386834
leaf_weight=602 27 21 32 46 93 22 37 24 21 21 27 21 29 24 34 20 81 46 21 41 40 23 45 20 27 27 39 96 1262 102
leaf_count=602 27 21 32 46 93 22 37 24 21 21 27 21 29 24 34 20 81 46 21 41 40 23 45 20 27 27 39 96 1262 102
internal_value=-0.00263119 -0.00196692 -0.00243615 -0.00176459 -0.00331189 0.0110343 0.0491498 0.019722 -0.00624425 -0.0386685 -0.0174475 -0.129239 -0.0645154 -0.0939615 -0.0451909 -0.00265169 -0.00845996 -0.0407264 -0.0766122 0.011756 -0.015942 -0.0459441 0.0530765 0.0718284 -0.0272573 0.018162 0.00580563 0.0277621 -0.00417317 0.00573057
internal_weight=2971 2944 2923 2891 2683 455 154 117 2228 222 180 42 108 87 58 2006 301 116 70 185 104 64 72 40 49 208 162 123 1966 704
internal_count=2971 2944 2923 2891 2683 455 154 117 2228 222 180 42 108 87 58 2006 301 116 70 185 104 64 72 40 49 208 162 123 1966 704
is_linear=0
shrinkage=0.05


Tree=170
num_leaves=31
num_cat=0
split_feature=8 33 5 2 2 35 35 6 7 5 16 10 18 18 33 8 8 7 16 18 18 18 5 10 2 5 8 5 2 2
split_gain=57.4682 110.764 45.1589 79.2353 141.643 121.136 59.0844 57.2663 52.7314 48.9578 102.001 91.3368 74.9178 96.6901 84.4934 70.945 137.869 93.7737 73.9363 74.7156 89.5255 73.1918 141.726 101.338 89.2423 85.5134 80.6705 189.039 83.1523 251.644
threshold=2047.5000000000002 1.0000000180025095e-35 0.59716599190283415 0.63353851437568676 0.61206224560737621 5.5000000000000009 8.5000000000000018 0.11513157894736843 8555.5000000000018 0.51315789473684215 277737.50000000006 1.0000000180025095e-35 87100.000000000015 145500.00000000003 1.0000000180025095e-35 598.50000000000011 545.50000000000011 4149.0000000000009 266389.50000000006 146780.50000000003 169802.00000000003 123791.50000000001 0.28542510121457493 1.0000000180025095e-35 0.63610014319419872 0.11513157894736843 338.50000000000006 0.19901315789473686 0.65325996279716503 0.62927025556564342
decision_type=2 2 2 2 2 2 2 2 2 2 2 2 2 2 2 2 2 2 2 2 2 2 2 2 2 2 2 2 2 2
left_child=2 -2 6 4 -4 -5 9 -8 -7 15 11 12 -11 -14 -15 16 18 -18 19 21 -21 23 -23 26 -25 -26 27 28 29 -1
right_child=1 -3 3 5 -6 8 7 -9 -10 10 -12 -13 13 14 -16 -17 17 -19 -20 20 -22 22 -24 24 25 -27 -28 -29 -30 -31
leaf_value=0.030734190355416292 -0.12846173468467112 0.028355832263756705 0.0041603693519114008 0.036765055760061713 0.16021171057261385 -0.0099643287140053598 0.035849989440591201 -0.036503405205185906 -0.11842222287913794 -0.10483229118623918 -0.12883855803600419 0.033791665096703907 0.037862576110854015 -0.011777152380367997 -0.1259988818731573 0.005676436897802787 -0.019488663510405773 -0.13470310644721087 -0.093432969130672408 0.093778687882307393 -0.017595703208186545 -0.010937290271467202 -0.16875489054627679 0.079390302631590109 -0.084546645372718957 0.020086703283459684 0.014781450790914931 -0.1915423036844873 0.019111563843742095 -0.19198954316960787
leaf_weight=28 24 21 33 92 26 23 183 32 22 31 21 69 47 43 26 1588 34 37 23 41 32 49 20 53 23 126 74 20 54 23
leaf_count=28 24 21 33 92 26 23 183 32 22 31 21 69 47 43 26 1588 34 37 23 41 32 49 20 53 23 126 74 20 54 23
internal_value=0.000731456 -0.0552687 0.00161222 0.024773 0.0731681 0.00385671 -8.25176e-05 0.0250459 -0.0632441 -0.00227988 -0.0238786 -0.0135961 -0.0358812 -0.0173371 -0.0550096 1.94737e-05 -0.0140738 -0.0797053 -0.00581941 -0.00208262 0.0449314 -0.00940343 -0.0569319 -0.00120059 0.0237285 0.00385584 -0.0265298 -0.0510183 -0.0240475 -0.0697911
internal_weight=2918 45 2873 196 59 137 2677 215 45 2462 237 216 147 116 69 2225 637 71 566 543 73 470 69 401 202 149 199 125 105 51
internal_count=2918 45 2873 196 59 137 2677 215 45 2462 237 216 147 116 69 2225 637 71 566 543 73 470 69 401 202 149 199 125 105 51
is_linear=0
shrinkage=0.05


Tree=171
num_leaves=31
num_cat=0
split_feature=31 31 11 5 15 6 29 7 29 7 2 5 31 15 18 15 7 31 5 2 10 35 29 8 8 29 34 7 5 8
split_gain=52.9762 103.26 144.077 129.464 77.0586 71.1568 173.718 94.0547 128.029 101.35 90.9499 183.704 164.515 99.2575 82.9305 95.8744 160.707 277.648 81.395 101.549 80.2232 132.849 95.4018 77.9901 132.266 75.9843 73.4275 66.0303 96.3685 78.6117
threshold=41.500000000000007 43.500000000000007 1.0000000180025095e-35 0.42927631578947373 12.27524990054877 1.0000000180025095e-35 4.5000000000000009 5206.0000000000009 1.0000000180025095e-35 5540.0000000000009 0.58519470691680919 0.46761133603238875 31.500000000000004 12.573316630777468 263500.00000000006 12.015219664773744 6858.5000000000009 33.500000000000007 0.46761133603238875 0.6628340780735017 1.0000000180025095e-35 4.5000000000000009 5.5000000000000009 1272.5000000000002 920.00000000000011 3.5000000000000004 1.0000000180025095e-35 4438.0000000000009 0.17269736842105265 977.00000000000011
decision_type=2 2 2 2 2 2 2 2 2 2 2 2 2 2 2 2 2 2 2 2 2 2 2 2 2 2 2 2 2 2
left_child=5 2 3 -2 -4 6 7 8 -1 -9 -11 13 25 -12 15 27 17 -17 19 26 21 23 -22 24 -8 -13 -10 28 -7 -29
right_child=1 -3 4 -5 -6 14 20 9 18 10 11 12 -14 -15 -16 16 -18 -19 -20 -21 22 -23 -24 -25 -26 -27 -28 29 -30 -31
leaf_value=0.051894905385212832 0.037897262525284428 0.0041136628359055996 -0.074764215112862423 0.19756033276300508 0.043792208091682182 0.065822949278547427 -0.016616178378834081 0.082872442637444116 -0.045864693686353257 -0.082124320778723475 -9.0469573321650534e-05 -0.011264206313905902 0.16396578285375976 -0.091581569296362991 0.09903255546643279 0.0069036448916116079 0.0046043275424026611 -0.23613674866532849 -0.13000242939759127 -0.13066606420652691 0.029375421470778623 -0.18807252756444925 -0.093356274612464346 -0.001588031569826632 -0.165232059409056 0.10323761515142793 0.015044579783002396 0.050946062053634368 -0.023345072914946089 -0.0015749107929582215
leaf_weight=44 26 1058 21 25 39 37 30 42 116 30 389 46 31 32 24 25 102 22 23 23 46 23 24 41 30 21 86 179 165 118
leaf_count=44 26 1058 21 25 39 37 30 42 116 30 389 46 31 32 24 25 102 22 23 23 46 23 24 41 30 21 86 179 165 118
internal_value=0.000692866 0.00893448 0.0547942 0.116495 0.00215891 -0.00481302 -0.0127807 -0.0033598 -0.0265746 0.00810419 0.00236106 0.00726912 0.0688927 -0.00707663 0.00794919 0.00455325 -0.0306186 -0.107014 -0.040532 -0.0313103 -0.0556108 -0.0797613 -0.0127058 -0.0548853 -0.0911586 0.0246503 -0.0199137 0.0150695 -0.00696309 0.0300688
internal_weight=2918 1169 111 51 60 1749 1077 883 292 591 549 519 98 421 672 648 149 47 248 225 194 124 70 101 60 67 202 499 202 297
internal_count=2918 1169 111 51 60 1749 1077 883 292 591 549 519 98 421 672 648 149 47 248 225 194 124 70 101 60 67 202 499 202 297
is_linear=0
shrinkage=0.05


Tree=172
num_leaves=31
num_cat=0
split_feature=8 33 31 31 11 6 29 16 16 33 20 29 2 2 14 31 8 11 15 8 31 2 14 29 6 29 31 8 33 8
split_gain=52.0858 100.091 54.1622 87.2493 130.102 74.1898 156.869 93.0073 165.514 136.774 101.865 79.734 110.118 110.894 89.2186 204.927 300.114 94.3247 69.5746 66.9666 95.7767 64.2383 63.916 57.7887 91.2649 68.6275 53.2581 50.3546 99.8873 72.0183
threshold=2047.5000000000002 1.0000000180025095e-35 41.500000000000007 43.500000000000007 1.0000000180025095e-35 1.0000000180025095e-35 4.5000000000000009 227775.00000000003 275092.50000000006 1.0000000180025095e-35 1.0000000180025095e-35 5.5000000000000009 0.62960797548294078 0.60958421230316173 0.11923076923076925 33.500000000000007 990.00000000000011 1.0000000180025095e-35 12.27524990054877 405.50000000000006 37.500000000000007 0.62609851360321056 -0.031769230769230765 4.5000000000000009 0.069711538461538478 1.5000000000000002 37.500000000000007 741.50000000000011 1.0000000180025095e-35 1050.5000000000002
decision_type=2 2 2 2 2 2 2 2 2 2 2 2 2 2 2 2 2 2 2 2 2 2 2 2 2 2 2 2 2 2
left_child=2 -2 5 4 22 6 27 9 -9 10 21 14 13 -13 19 17 -17 -16 -6 20 -7 -8 -4 25 -25 -21 -27 28 -1 -29
right_child=1 -3 3 -5 18 11 7 8 -10 -11 -12 12 -14 -15 15 16 -18 -19 -20 23 -22 -23 -24 24 -26 26 -28 29 -30 -31
leaf_value=-0.002258757522777871 -0.12223471761739105 0.026828601024162149 0.063271418624740103 0.0054123105740322497 -0.071043720092818632 -0.041976567393817117 0.029690107674460699 0.07933688368827968 -0.081299151799830063 -0.18476567777855268 -0.1481319461472973 0.036378636505331061 0.010771257734355714 0.1898294816367434 0.08324740266781358 -0.2318022484380852 0.0017281048588736359 -0.03451769938511861 0.041608199317132111 -0.04068096709715855 0.071490144690909946 -0.060742899945282897 0.17759224686294939 0.026286892891741489 -0.087192462938498722 0.067122879658609774 0.0021126275178655592 0.021630108500990897 -0.06410070218623666 -0.015345432355802184
leaf_weight=253 24 21 30 1028 21 95 31 31 33 24 22 27 94 21 32 26 29 36 39 23 23 53 21 55 26 128 42 317 88 225
leaf_count=253 24 21 30 1028 21 95 31 31 33 24 22 27 94 21 32 26 29 36 39 23 23 53 21 55 26 128 42 317 88 225
internal_value=0.000657477 -0.0526557 0.00149607 0.00996745 0.0520659 -0.00406583 -0.0121452 -0.0528453 -0.00341068 -0.0771226 -0.0525523 0.00917064 0.0423282 0.103872 1.20157e-05 -0.0371129 -0.108798 0.0208686 0.00204423 0.0116802 -0.019776 -0.0273137 0.110698 0.0252475 -0.0101395 0.0401225 0.0511016 -0.00319252 -0.0182467 0.00627126
internal_weight=2918 45 2873 1139 111 1734 1077 194 64 130 106 657 142 48 515 123 55 68 60 392 118 84 51 274 81 193 170 883 341 542
internal_count=2918 45 2873 1139 111 1734 1077 194 64 130 106 657 142 48 515 123 55 68 60 392 118 84 51 274 81 193 170 883 341 542
is_linear=0
shrinkage=0.05


Tree=173
num_leaves=31
num_cat=0
split_feature=8 33 35 5 2 14 14 30 5 8 5 18 7 7 5 2 2 2 33 2 29 35 7 5 8 10 16 14 5 30
split_gain=47.0166 90.3827 38.8322 58.1728 68.9674 120.327 75.8954 52.8738 51.2112 88.9763 105.354 70.8457 51.5326 82.7203 43.6766 99.6127 235.371 175.854 86.1607 90.0222 82.7187 57.7847 56.7061 111.947 103.242 217.982 99.1435 62.3436 71.4874 73.5354
threshold=2047.5000000000002 1.0000000180025095e-35 8.5000000000000018 0.11513157894736843 0.62960797548294078 0.18096153846153848 0.3061692307692308 1.0000000180025095e-35 0.59716599190283415 993.50000000000011 0.65789473684210542 81750.000000000015 12728.000000000002 9245.0000000000018 0.51315789473684215 0.6597372591495515 0.65110391378402721 0.64410844445228588 1.0000000180025095e-35 0.59280768036842357 4.5000000000000009 6.5000000000000009 4489.0000000000009 0.25657894736842107 554.00000000000011 1.0000000180025095e-35 266389.50000000006 0.15294615384615387 0.24038461538461542 1.0000000180025095e-35
decision_type=2 2 2 2 2 2 2 2 2 2 2 2 2 2 2 2 2 2 2 2 2 2 2 2 2 2 2 2 2 2
left_child=2 -2 8 -4 5 7 -6 -5 14 10 -10 -11 13 -13 22 16 17 18 19 -16 -21 -17 23 26 -25 -26 27 28 29 -1
right_child=1 -3 3 4 6 -7 -8 -9 9 11 -12 12 -14 -15 15 21 -18 -19 -20 20 -22 -23 -24 24 25 -27 -28 -29 -30 -31
leaf_value=0.013656428408576886 -0.11614834871529543 0.025493527779364474 0.10219274878650163 0.045229174378792189 -0.031661879053352791 -0.023159597709279535 0.067441964470993918 0.14138677869115809 0.13488575673445477 -0.074526510319386827 0.0029169998797869763 0.002760783549161836 -0.027087987465592774 0.13159706912823577 -0.1013696745190491 0.085826478401819867 -0.18864403657324902 0.10089040275277761 -0.13112812646373903 0.0499747687726875 -0.046326880008312657 -0.024315051506481954 0.0051441662615652915 -0.02159993448664272 0.0008295328414748076 -0.19792331120403639 -0.10304556762649549 0.058626496067828375 0.054015073372426448 -0.035942997995908034
leaf_weight=164 24 21 20 31 97 39 24 27 33 25 28 33 34 20 28 29 23 26 22 44 45 20 1572 170 27 28 21 53 53 137
leaf_count=164 24 21 20 31 97 39 24 27 33 25 28 33 34 20 28 29 23 26 22 44 45 20 1572 170 27 28 21 53 53 137
internal_value=0.000624343 -0.050028 0.00142117 0.020759 0.0132217 0.0446207 -0.0119242 0.0902446 -0.000324303 0.025961 0.0744957 -0.0004713 0.0208127 0.0516287 -0.00217433 -0.0225748 -0.0391351 -0.0181625 -0.0405239 -0.0233471 0.00122946 0.040811 0 -0.0123841 -0.0409299 -0.100439 0.00261677 0.00810489 0.000512384 -0.00890656
internal_weight=2918 45 2873 238 218 97 121 58 2635 173 61 112 87 53 2462 237 188 165 139 117 89 49 2225 653 225 55 428 407 354 301
internal_count=2918 45 2873 238 218 97 121 58 2635 173 61 112 87 53 2462 237 188 165 139 117 89 49 2225 653 225 55 428 407 354 301
is_linear=0
shrinkage=0.05


Tree=174
num_leaves=31
num_cat=0
split_feature=27 27 27 10 8 7 15 2 29 7 8 7 31 8 2 27 29 27 31 7 16 15 31 5 35 31 7 2 5 7
split_gain=43.8859 338.781 128.791 185.159 81.0764 72.5397 92.7614 87.2462 147.44 333.601 138.326 207.272 149.163 196.209 172.641 151.261 142.058 121.991 166.512 113.806 78.0273 168.212 108.651 98.2229 119.559 109.825 101.349 130.064 80.4643 74.9056
threshold=65.500000000000014 67.500000000000014 64.000000000000014 1.0000000180025095e-35 2047.5000000000002 506.50000000000006 11.806254904899349 0.63424724340438854 1.5000000000000002 588.50000000000011 829.00000000000011 6777.5000000000009 25.500000000000004 1060.5000000000002 0.61949598789215099 77.000000000000014 4.5000000000000009 77.000000000000014 36.500000000000007 804.00000000000011 250950.00000000003 12.184393105807702 37.500000000000007 0.25657894736842107 5.5000000000000009 36.500000000000007 6067.5000000000009 0.65497863292694103 0.59716599190283415 9791.5000000000018
decision_type=2 2 2 2 2 2 2 2 2 2 2 2 2 2 2 2 2 2 2 2 2 2 2 2 2 2 2 2 2 2
left_child=2 -2 -1 -4 5 6 -3 10 9 -9 16 -12 13 -13 29 -16 17 18 -7 -10 21 23 -22 -21 25 -25 27 -26 -28 -14
right_child=1 4 3 -5 -6 7 -8 8 19 -11 11 12 14 -15 15 -17 -18 -19 -20 20 22 -23 -24 24 26 -27 28 -29 -30 -31
leaf_value=-0.0017162739749728264 0.13795416132390129 0.13721776413711118 -0.12737526017895678 0.048009779577341552 -0.072311683674143923 0.21319826550039067 0.00054376743788868745 0.033686817690258108 -0.093508527619240875 -0.24779265005493639 -0.15166144000975443 -0.16625752223143542 -0.016020679374419557 0.031398437192952967 0.19305062878777013 0.020621824730558701 -0.04034543643190279 0.030159626235686333 0.047623397048525633 0.069065515949816525 -0.00018601176697154376 -0.12520883404460781 0.14772712578467354 0.0013260697755179728 -0.032901099238347407 0.098177845397924735 0.030446283801630804 -0.1909829843233074 -0.087030652490272337 0.054136974724653467
leaf_weight=1653 48 23 47 22 35 31 27 22 33 20 21 25 128 25 26 25 29 57 30 50 30 27 21 254 32 33 47 22 21 54
leaf_count=1653 48 23 47 22 35 31 27 22 33 20 21 25 128 25 26 25 29 57 30 50 30 27 21 254 32 33 47 22 21 54
internal_value=0.000593126 0.00795195 -0.00451514 -0.0713945 0.00250042 0.00486378 0.063662 0.00208768 -0.0102032 -0.100502 0.0187758 -0.000467704 0.0107836 -0.0674643 0.0276181 0.10883 0.0585791 0.082947 0.132061 -0.0035243 0.00201253 -0.00415658 0.0607915 0.00297897 -0.00510275 0.0125101 -0.0465534 -0.0976312 -0.00583446 0.00478617
internal_weight=2918 1196 1722 69 1148 1113 50 1063 612 42 451 304 283 50 233 51 147 118 61 570 537 486 51 459 409 287 122 54 68 182
internal_count=2918 1196 1722 69 1148 1113 50 1063 612 42 451 304 283 50 233 51 147 118 61 570 537 486 51 459 409 287 122 54 68 182
is_linear=0
shrinkage=0.05


Tree=175
num_leaves=31
num_cat=0
split_feature=8 7 5 5 27 27 5 8 15 7 27 31 7 31 16 16 31 15 29 29 6 27 14 31 27 14 5 31 7 27
split_gain=62.8998 97.1012 96.2309 70.6723 111.037 119.385 90.2844 83.567 61.7246 58.502 50.5216 57.6919 84.6167 77.977 52.5634 143.099 153.106 90.6734 87.281 69.2352 82.7334 106.439 76.5393 129.239 90.4114 72.8373 68.0932 150.89 159.193 117.111
threshold=80.500000000000014 678.00000000000011 0.057565789473684216 0.17269736842105265 72.500000000000014 64.000000000000014 0.091093117408906896 70.500000000000014 11.932299836722258 15431.500000000002 36.000000000000007 15.500000000000002 7598.5000000000009 17.500000000000004 215404.50000000003 210050.00000000003 36.500000000000007 12.364202383521368 6.5000000000000009 5.5000000000000009 0.057565789473684216 56.000000000000007 0.12384615384615387 44.500000000000007 64.000000000000014 0.31969230769230778 0.17269736842105265 29.500000000000004 5505.0000000000009 47.000000000000007
decision_type=2 2 2 2 2 2 2 2 2 2 2 2 2 2 2 2 2 2 2 2 2 2 2 2 2 2 2 2 2 2
left_child=2 -2 -1 6 5 -5 7 -4 -8 10 -3 12 -12 -13 15 26 -17 18 19 20 21 -16 -23 25 -25 -24 27 29 -29 -15
right_child=1 9 3 4 -6 -7 8 -9 -10 -11 11 13 -14 14 17 16 -18 -19 -20 -21 -22 22 23 24 -26 -27 -28 28 -30 -31
leaf_value=-0.090957469966011756 0.091690438813065656 -0.01830860540769166 0.052952998822630798 -0.068536885748064297 -0.14374389093906723 0.075124843041616596 0.12732499691444041 -0.069812295322790943 0.020460112973642496 -0.075483833185957569 0.10470885716564438 -0.059724187718924751 -0.017766146161855557 -0.03303414078707919 0.014482512567802515 -0.15457927339879918 0.015781006427226719 -0.0042394497700332023 0.12779209087421367 -0.033747741841051698 -0.015983034262292077 0.023677919223607125 0.19549344053300119 0.096728094013946317 -0.051391830995901305 0.093246736818289266 0.0087418377176016384 -0.042310250909240156 0.12666850145503039 -0.18334720723719394
leaf_weight=40 33 195 22 34 20 25 23 37 33 22 36 43 23 34 151 29 24 255 23 41 67 55 30 21 20 43 1516 35 23 21
leaf_count=40 33 195 22 34 20 25 23 37 33 22 36 43 23 34 151 29 24 255 23 41 67 55 30 21 20 43 1516 35 23 21
internal_value=0.0044341 0.00656068 -0.0204377 -0.00583238 -0.0422342 -0.00755456 0.0191456 -0.0239387 0.0645889 0.0055177 0.00618605 0.00810697 0.0569305 0.00691768 0.00812222 0.00331219 -0.0774564 0.0195727 0.0330453 0.0279134 0.034466 0.045046 0.0723 0.0956729 0.0244036 0.135544 0.00594768 -0.0314689 0.0247152 -0.0907457
internal_weight=2974 2740 234 194 79 59 115 59 56 2707 2685 2490 59 2431 2388 1682 53 706 451 428 387 320 169 114 41 73 1629 113 58 55
internal_count=2974 2740 234 194 79 59 115 59 56 2707 2685 2490 59 2431 2388 1682 53 706 451 428 387 320 169 114 41 73 1629 113 58 55
is_linear=0
shrinkage=0.05


Tree=176
num_leaves=31
num_cat=0
split_feature=8 2 2 5 27 2 27 7 27 7 27 2 31 7 31 2 2 8 18 7 8 7 16 8 18 7 31 5 27 27
split_gain=56.7732 112.833 463.934 108.061 119.111 91.8209 337.468 87.6624 78.9498 52.8226 46.2636 53.3939 54.8564 80.311 69.8051 133.52 54.5007 117.779 51.3119 46.132 95.0098 184.484 90.8583 96.8896 241.872 129.427 121.616 96.6338 118.966 103.556
threshold=80.500000000000014 0.65325996279716503 0.63791161775589 0.17269736842105265 72.500000000000014 0.63353851437568676 54.000000000000007 678.00000000000011 64.000000000000014 15431.500000000002 39.500000000000007 0.5797364115715028 15.500000000000002 7598.5000000000009 17.500000000000004 0.65739285945892345 0.58519470691680919 764.50000000000011 94100.000000000015 6858.5000000000009 930.00000000000011 6756.5000000000009 218650.00000000003 820.50000000000011 141650.00000000003 5597.5000000000009 33.500000000000007 0.17269736842105265 56.000000000000007 57.500000000000007
decision_type=2 2 2 2 2 2 2 2 2 2 2 2 2 2 2 2 2 2 2 2 2 2 2 2 2 2 2 2 2 2
left_child=1 2 5 -3 8 6 -1 -2 -5 10 18 -12 13 -13 15 -14 17 -16 -9 20 22 -22 23 25 -25 27 -27 28 -18 -29
right_child=7 3 -4 4 -6 -7 -8 9 -10 -11 11 12 14 -15 16 -17 19 -19 -20 -21 21 -23 -24 24 -26 26 -28 29 -30 -31
leaf_value=0.10562558992727916 0.087119767348931995 0.05518512456662357 -0.24098524858325834 -0.04697577052073687 -0.13659245915970397 0.09432870430686463 -0.17065392661654302 -0.051139112548978731 0.071383568108734849 -0.07172672032837954 0.078109526315298466 0.10309372450891044 -0.1466575335764207 -0.016881686707079669 0.0493665987587074 0.029129791772203747 0.005363601069090721 -0.090436485084586626 -0.0017405188681773557 0.016180932785833272 0.012344590387785232 -0.15384807407431755 0.038219238065666114 -0.0098122557386771461 -0.19685812886292336 0.023642844775519763 0.17225757468474137 0.044989688675349887 -0.11808732968536671 -0.0052170832564266984
leaf_weight=22 33 66 26 32 20 21 22 66 25 22 27 35 21 23 24 22 41 40 258 1076 41 28 175 96 21 40 21 132 37 461
leaf_count=22 33 66 26 32 20 21 22 66 25 22 27 35 21 23 24 22 41 40 258 1076 41 28 175 96 21 40 21 132 37 461
internal_value=0.00421241 -0.0194168 -0.0629144 0.0082532 -0.0319287 0.00849784 -0.0324745 0.00623284 0.00488276 0.00524175 0.00587692 0.00830953 0.00749662 0.055484 0.00626916 -0.0567449 0.00748733 -0.0379371 -0.0118313 0.00883164 0.00159127 -0.0551486 0.00542445 -0.00133318 -0.0435667 0.00541546 0.0750853 -0.000920958 -0.0532087 0.00595606
internal_weight=2974 234 91 143 77 65 44 2740 57 2707 2685 2361 2334 58 2276 43 2233 64 324 2169 1093 69 1024 849 117 732 61 671 78 593
internal_count=2974 234 91 143 77 65 44 2740 57 2707 2685 2361 2334 58 2276 43 2233 64 324 2169 1093 69 1024 849 117 732 61 671 78 593
is_linear=0
shrinkage=0.05


Tree=177
num_leaves=31
num_cat=0
split_feature=8 2 2 5 27 2 27 7 27 7 27 16 16 31 15 16 27 7 15 5 7 15 16 8 6 31 27 15 5 27
split_gain=51.2567 101.851 418.883 97.5536 107.555 82.9031 304.716 79.1422 71.2804 47.6939 42.4272 48.7277 127.545 135.664 80.9494 90.3863 91.3719 114.415 81.5414 68.3346 82.9128 63.3808 61.5792 66.6493 56.6421 53.5527 115.685 47.5809 61.2774 59.9674
threshold=80.500000000000014 0.65325996279716503 0.63791161775589 0.17269736842105265 72.500000000000014 0.63353851437568676 54.000000000000007 678.00000000000011 64.000000000000014 15431.500000000002 36.000000000000007 215404.50000000003 210050.00000000003 36.500000000000007 12.280488757552794 249675.00000000003 50.500000000000007 10088.000000000002 12.292820110684987 0.55048076923076927 6127.0000000000009 12.364202383521368 280500.00000000006 1296.5000000000002 0.069711538461538478 45.500000000000007 56.000000000000007 12.543440511287253 0.34210526315789475 66.500000000000014
decision_type=2 2 2 2 2 2 2 2 2 2 2 2 2 2 2 2 2 2 2 2 2 2 2 2 2 2 2 2 2 2
left_child=1 2 5 -3 8 6 -1 -2 -5 10 -9 12 -12 -14 15 19 -17 -18 -16 20 -13 25 -23 24 27 26 -20 28 -24 -29
right_child=7 3 -4 4 -6 -7 -8 9 -10 -11 11 14 13 -15 18 16 17 -19 21 -21 -22 22 23 -25 -26 -27 -28 29 -30 -31
leaf_value=0.10036820765264431 0.08277693990944375 0.052430041952681444 -0.22898214783134133 -0.044634299140388717 -0.12979680854289685 0.089634627019059596 -0.16215984296070507 -0.016863569318350771 0.067828612264052804 -0.068156617178636442 0.0052530411477657406 0.1014599352857031 -0.14601870530454564 0.014334579770495785 -0.079563576677727954 -0.0022435323010742392 0.17247462900106048 0.022204783929521174 -0.014434846306776073 -0.043954198390158045 0.018821354596988953 -0.077876612858705785 -0.050991954127909647 -0.074239679565073532 -0.052536279111570307 -0.0098344820650787292 0.1288040554754622 0.018103012672354587 0.029183824780196505 0.10870313773371057
leaf_weight=22 33 66 26 32 20 21 22 195 25 22 1721 36 29 24 28 22 35 20 23 34 193 25 36 24 28 29 36 47 70 30
leaf_count=22 33 66 26 32 20 21 22 195 25 22 1721 36 29 24 28 22 35 20 23 34 193 25 36 24 28 29 36 47 70 30
internal_value=0.004001 -0.0184506 -0.0597776 0.00783681 -0.0303395 0.0080752 -0.0308525 0.00592083 0.00463638 0.00497904 0.00558267 0.00734312 0.00289574 -0.0734215 0.0183533 0.0360302 0.0836653 0.118061 0.00235019 0.0220383 0.031873 0.00897628 -0.0034239 0.00450509 0.0135165 0.0456322 0.0729506 0.0236734 0.00188479 0.0535618
internal_weight=2974 234 91 143 77 65 44 2740 57 2707 2685 2490 1774 53 716 340 77 55 376 263 229 348 260 235 211 88 59 183 106 77
internal_count=2974 234 91 143 77 65 44 2740 57 2707 2685 2490 1774 53 716 340 77 55 376 263 229 348 260 235 211 88 59 183 106 77
is_linear=0
shrinkage=0.05


Tree=178
num_leaves=31
num_cat=0
split_feature=8 2 2 33 2 7 7 7 27 31 7 31 2 18 2 2 8 15 31 7 8 7 8 8 18 16 17 27 16 2
split_gain=46.2772 91.9376 378.208 125.957 84.7696 71.4495 43.0635 39.9584 40.8695 48.7208 76.545 65.1957 120.83 46.6433 45.6872 48.8154 107.748 42.2186 63.6445 51.7132 81.3836 174.703 71.3757 102.031 150.864 201.583 128.433 83.006 98.8565 81.8062
threshold=80.500000000000014 0.65325996279716503 0.63791161775589 1.0000000180025095e-35 0.65910908579826366 678.00000000000011 15431.500000000002 804.00000000000011 39.500000000000007 15.500000000000002 7598.5000000000009 17.500000000000004 0.65739285945892345 94100.000000000015 0.5797364115715028 0.58519470691680919 764.50000000000011 12.576345621333891 37.500000000000007 6858.5000000000009 930.00000000000011 6756.5000000000009 864.50000000000011 816.50000000000011 143656.50000000003 218650.00000000003 1.0000000180025095e-35 56.000000000000007 279237.50000000006 0.6049691140651704
decision_type=2 2 2 2 2 2 2 2 2 2 2 2 2 2 2 2 2 2 2 2 2 2 2 2 2 2 2 2 2 2
left_child=1 2 3 -1 -3 -2 7 -7 13 10 -10 12 -11 -9 -13 16 -16 19 -19 20 22 -22 23 -17 26 -26 29 -24 -29 -25
right_child=5 4 -4 -5 -6 6 -8 8 9 11 -12 14 -14 -15 15 17 -18 18 -20 -21 21 -23 27 24 25 -27 -28 28 -30 -31
leaf_value=0.070126446224026737 0.078650596157121513 0.092976750662217986 -0.2175769095276964 -0.06965687263155311 -0.0098311152162169537 -0.063213851836055365 -0.064764204392066357 -0.048262741996902475 0.10135463403641654 -0.13942382578601203 -0.016449613991753879 0.072732408317252722 0.027794585157843194 -0.0011651741898611784 0.047903959870462094 0.0086905228567096954 -0.085809942355328378 -0.085347556348416398 0.022111902679976835 0.017791018946220587 0.016167456913098434 -0.14637330370918714 -0.010427025480325832 0.046925553360685185 -0.22997575726230346 -0.023627094389339492 0.10562877564678363 0.026545195404069251 0.17877406036082788 -0.076597570510873778
leaf_weight=36 33 24 26 29 119 21 22 66 34 21 23 27 22 258 24 791 40 29 26 1031 40 28 30 20 20 29 22 23 20 40
leaf_count=36 33 24 26 29 119 21 22 66 34 21 23 27 22 258 24 791 40 29 26 1031 40 28 30 20 20 29 22 23 20 40
internal_value=0.00380046 -0.0175325 -0.056797 0.00767357 0.00744133 0.00562473 0.00472978 0.00530344 0.00584778 0.00815349 0.0537865 0.00700967 -0.0538882 -0.0107865 0.00818327 0.00739022 -0.0355927 0.00867424 -0.0345099 0.00981247 0.00206845 -0.0508043 0.00569164 0.00191525 -0.0389323 -0.10825 0.00250959 0.0532517 0.0977158 -0.0353304
internal_weight=2974 234 91 65 143 2740 2707 2685 2664 2340 57 2283 43 324 2240 2213 64 2149 55 2094 1063 68 995 922 131 49 82 73 43 60
internal_count=2974 234 91 65 143 2740 2707 2685 2664 2340 57 2283 43 324 2240 2213 64 2149 55 2094 1063 68 995 922 131 49 82 73 43 60
is_linear=0
shrinkage=0.05


Tree=179
num_leaves=31
num_cat=0
split_feature=5 5 2 5 6 34 27 31 8 2 2 27 27 27 6 8 31 14 31 2 31 8 13 34 2 5 11 31 13 2
split_gain=44.2509 249.793 36.7798 46.5928 41.8577 146.161 44.9146 109.179 224.677 54.9954 170.1 81.5297 213.854 111.446 142.05 177.57 149.076 152.577 139.584 334.725 265.568 216.322 183.887 173.964 137.859 131.581 114.934 108.799 129.632 81.367
threshold=0.057565789473684216 1.0000000180025095e-35 0.69664514064788829 0.22064777327935226 0.091093117408906896 1.0000000180025095e-35 79.500000000000014 42.500000000000007 551.50000000000011 0.66760164499282848 0.66902843117713939 66.500000000000014 67.500000000000014 57.500000000000007 0.069711538461538478 854.00000000000011 27.500000000000004 0.31584615384615389 34.500000000000007 0.64362648129463207 38.500000000000007 722.00000000000011 1.0000000180025095e-35 1.0000000180025095e-35 0.61414834856987011 0.37980769230769235 1.0000000180025095e-35 20.500000000000004 1.0000000180025095e-35 0.62682512402534496
decision_type=2 2 2 2 2 2 2 2 2 2 2 2 2 2 2 2 2 2 2 2 2 2 2 2 2 2 2 2 2 2
left_child=1 -1 4 -4 6 -6 9 -8 -9 11 -11 13 -13 27 15 18 24 25 21 20 -20 22 23 -15 -17 -18 -19 28 -2 -14
right_child=2 -3 3 -5 5 -7 7 8 -10 10 -12 12 29 14 -16 16 17 26 19 -21 -22 -23 -24 -25 -26 -27 -28 -29 -30 -31
leaf_value=0.037416687432457421 0.13541536625485617 -0.17284926548263069 -0.078347279407928905 -0.0038627309296353583 0.0058709708595399857 0.10456644380801297 0.0078395273858691047 0.0029467894970126051 -0.17873623377156322 0.15480112483361697 0.014093237577660159 0.15805012089310935 0.028794542539309437 -0.21493938380287064 -0.13196360204779806 0.17121427662344094 0.11237313191281673 -0.0060838112135982274 0.20529435883819788 -0.11504672726318069 -0.014744423796265411 -0.21668543377141847 0.075884880439788804 -0.03006455101858177 0.0082021742619271653 -0.0036530970228173714 -0.13095653557200038 0.0022075624262385732 -0.01603445032325523 -0.006853669843069521
leaf_weight=39 34 22 29 76 185 47 134 43 28 24 199 26 340 20 28 25 32 39 22 43 36 26 21 35 27 102 35 931 24 302
leaf_count=39 34 22 29 76 185 47 134 43 28 24 199 26 340 20 28 25 32 39 22 43 36 26 21 35 27 102 35 931 24 302
internal_value=0.00360964 -0.0384939 0.00449432 -0.0245372 0.00558252 0.0259233 0.00374771 -0.0186943 -0.0687831 0.00569089 0.0293217 0.00323403 0.0177333 -0.00330763 -0.0227801 -0.0161394 0.0112053 -0.00771386 -0.051175 -0.00943405 0.0688422 -0.0924081 -0.0495976 -0.0976506 0.0868475 0.0240805 -0.0653097 0.00635598 0.0727407 0.0120192
internal_weight=2974 61 2913 105 2808 232 2576 205 71 2371 223 2148 668 1480 491 463 260 208 203 101 58 102 76 55 52 134 74 989 58 642
internal_count=2974 61 2913 105 2808 232 2576 205 71 2371 223 2148 668 1480 491 463 260 208 203 101 58 102 76 55 52 134 74 989 58 642
is_linear=0
shrinkage=0.05


Tree=180
num_leaves=31
num_cat=0
split_feature=2 5 2 27 33 27 27 7 6 2 13 2 2 27 27 27 30 2 2 5 11 2 2 5 29 2 15 27 2 18
split_gain=51.9488 138.624 95.8483 146.982 151.21 164.969 94.3372 87.927 87.9033 132.437 87.0952 83.9354 73.0473 72.5548 247.075 167.984 215.803 265.264 201.404 187.024 145.096 137.553 218.085 199.079 125.322 82.2053 80.6759 135.552 308.122 97.8832
threshold=0.69728717207908641 0.22064777327935226 0.6597372591495515 64.000000000000014 1.0000000180025095e-35 56.000000000000007 59.000000000000007 587.00000000000011 0.057565789473684216 0.67043229937553417 1.0000000180025095e-35 0.68854001164436351 0.68051502108573925 65.500000000000014 67.500000000000014 57.500000000000007 1.5000000000000002 0.62682512402534496 0.64091029763221752 0.19901315789473686 1.0000000180025095e-35 0.5925891399383546 0.58519470691680919 0.31009615384615391 2.5000000000000004 0.59069615602493297 12.167882600718103 50.500000000000007 0.60340636968612682 112000.00000000001
decision_type=2 2 2 2 2 2 2 2 2 2 2 2 2 2 2 2 2 2 2 2 2 2 2 2 2 2 2 2 2 2
left_child=2 -2 13 4 6 -6 12 -3 9 -5 -9 -10 -4 15 -15 26 18 -18 19 20 -17 22 -21 -23 -20 -16 29 -28 -29 -1
right_child=1 7 3 8 5 -7 -8 10 11 -11 -12 -13 -14 14 25 16 17 -19 24 21 -22 23 -24 -25 -26 -27 27 28 -30 -31
leaf_value=0.0068835524261493036 -0.14154057456991981 0.085829157756632246 -0.027874425695651142 0.0049717238991390791 0.0071067398460350224 0.18555954507579703 0.11479313080057951 0.013021363400993462 0.0034033715758650844 -0.13668528951402081 -0.11615628518199468 0.098008475444097631 0.065271335126311059 0.14785149481481691 0.08752892407214069 -0.011856393968715372 -0.034366527011841973 0.18230594600631986 -0.21966545752469929 -0.098752295093618936 0.14006151257708854 -0.18047065342075874 0.10019324019857168 -0.048523112623163486 -0.074019126243451069 -0.0010596302823972093 0.0049578394673458932 0.20283792525826896 -0.018196957632674191 -0.030796348459437385
leaf_weight=412 24 20 65 42 20 37 23 34 232 27 21 26 31 30 27 45 34 24 24 23 24 33 34 213 39 775 246 30 33 296
leaf_count=412 24 20 65 42 20 37 23 34 232 27 21 26 31 30 27 45 34 24 24 23 24 33 34 213 39 775 246 30 33 296
internal_value=-0.00162614 -0.0372132 -0.000384763 0.0194141 0.0562416 0.123154 0.0240725 -0.00361788 -0.000403296 -0.0505045 -0.0363316 0.0129909 0.00218849 -0.00463981 0.00721193 -0.0111734 -0.0351229 0.0553645 -0.0472093 -0.0331703 0.0410385 -0.0500938 0.019797 -0.0663098 -0.129843 0.00192708 0.000433723 0.021751 0.0871332 -0.00886469
internal_weight=2944 99 2845 503 176 57 119 75 327 69 55 258 96 2342 832 1510 493 58 435 372 69 303 57 246 63 802 1017 309 63 708
internal_count=2944 99 2845 503 176 57 119 75 327 69 55 258 96 2342 832 1510 493 58 435 372 69 303 57 246 63 802 1017 309 63 708
is_linear=0
shrinkage=0.05


Tree=181
num_leaves=31
num_cat=0
split_feature=8 2 5 2 27 8 8 27 6 2 2 27 27 8 2 7 15 14 27 0 2 2 31 31 5 7 7 14 5 29
split_gain=66.0775 44.927 125.168 80.1738 142.189 161.28 181.996 162.191 111.353 149.219 81.7309 81.452 216.788 108.9 199.989 172.592 117.163 152.151 100.939 114.415 108.59 154.454 152.429 131.058 358.56 221.742 189.171 156.055 129.586 102.219
threshold=65.500000000000014 0.69728717207908641 0.22064777327935226 0.6597372591495515 64.000000000000014 1204.5000000000002 1556.0000000000002 59.000000000000007 0.057565789473684216 0.67043229937553417 0.65818580985069286 65.500000000000014 67.500000000000014 829.00000000000011 0.62406140565872203 6235.0000000000009 12.110607503874594 0.089615384615384638 57.500000000000007 1.0000000180025095e-35 0.5925891399383546 0.58519470691680919 36.500000000000007 41.500000000000007 0.19901315789473686 6814.0000000000009 10014.500000000002 -1.0000000180025095e-35 0.40283400809716602 3.5000000000000004
decision_type=2 2 2 2 2 2 2 2 2 2 2 2 2 2 2 2 2 2 2 2 2 2 2 2 2 2 2 2 2 2
left_child=-1 3 -3 10 5 7 -7 -5 9 -6 11 18 -13 14 -14 -15 17 -16 19 -2 21 -20 -23 24 -22 27 -25 -26 -29 -27
right_child=1 2 -4 4 8 6 -8 -9 -10 -11 -12 12 13 15 16 -17 -18 -19 20 -21 23 22 -24 26 25 29 -28 28 -30 -31
leaf_value=0.076165694801129974 0.00096817641779400356 -0.13449291178794323 -0.0034314839901047924 -0.0036987193667585025 0.00096794003644562737 0.24743510544003541 0.042962822386090685 0.13401147110037148 0.012344262054560259 -0.15336514888366978 -0.081842256684806686 0.14048348289490539 0.083738037672121485 -0.14452672840390371 -0.0029555204786280657 -0.0044179274856381004 -0.096414216090775884 0.143018933211393 -0.070583709370606054 -0.10932719273438592 0.065597431138688753 0.1574841849688042 -0.019407833310273979 0.011696695487225975 -0.034238516454079847 0.0089713660147598667 -0.13352316485510934 -0.25327177505324205 -0.1056587924520333 -0.093664104131336565
leaf_weight=27 963 24 75 101 39 20 24 27 258 26 34 30 103 23 159 456 28 20 27 24 42 27 22 159 20 46 26 38 25 51
leaf_count=27 963 24 75 101 39 20 24 27 258 26 34 30 103 23 159 456 28 20 27 24 42 27 22 159 20 46 26 38 25 51
internal_value=-0.00154397 -0.00226755 -0.0353581 -0.00110205 0.0171636 0.0538734 0.136368 0.0253924 -0.00237985 -0.0608292 -0.00499694 -0.00384979 0.0087823 0.00375114 0.0268417 -0.0111847 -0.00147167 0.0133973 -0.0108912 -0.00171952 -0.0296187 0.0251786 0.0780837 -0.0398671 -0.0657627 -0.0964605 -0.00874668 -0.156437 -0.195035 -0.044981
internal_weight=2944 2917 99 2818 495 172 44 128 323 65 2323 2289 819 789 310 479 207 179 1470 987 483 76 49 407 222 180 185 83 63 97
internal_count=2944 2917 99 2818 495 172 44 128 323 65 2323 2289 819 789 310 479 207 179 1470 987 483 76 49 407 222 180 185 83 63 97
is_linear=0
shrinkage=0.05


Tree=182
num_leaves=31
num_cat=0
split_feature=8 2 5 7 13 2 2 13 2 5 27 27 2 7 27 30 2 2 2 5 5 35 27 2 7 8 7 8 30 2
split_gain=59.6592 40.5685 113.007 79.3892 78.6482 77.8834 60.0236 103.613 96.872 53.3376 42.418 183.342 111.216 231.009 121.618 168.449 190.914 119.7 164.265 99.7495 211.653 176.42 95.109 284.376 112.739 97.5701 163.659 83.5294 95.5714 79.9348
threshold=65.500000000000014 0.69728717207908641 0.22064777327935226 587.00000000000011 1.0000000180025095e-35 0.68547844886779796 0.68166601657867443 1.0000000180025095e-35 0.67853298783302318 0.48684210526315791 65.500000000000014 67.500000000000014 0.66508311033248912 8395.0000000000018 57.500000000000007 1.5000000000000002 0.62682512402534496 0.5925891399383546 0.58519470691680919 0.19901315789473686 0.31009615384615391 4.5000000000000009 56.000000000000007 0.59597772359848034 6728.0000000000009 112.00000000000001 2428.5000000000005 112.00000000000001 1.0000000180025095e-35 0.59069615602493297
decision_type=2 2 2 2 2 2 2 2 2 2 2 2 2 2 2 2 2 2 2 2 2 2 2 2 2 2 2 2 2 2
left_child=-1 5 -3 -4 -5 6 8 -8 10 -10 12 -12 14 -14 22 17 -17 18 -16 21 -21 -19 25 -24 -25 -2 -27 28 -13 -29
right_child=1 2 3 4 -6 -7 7 -9 9 -11 11 27 13 -15 15 16 -18 19 -20 20 -22 -23 23 24 -26 26 -28 29 -30 -31
leaf_value=0.072371467734202471 -0.07497831465145903 -0.1277961704246236 0.081729771285804345 0.012543276249488429 -0.11020523710838426 0.044951614099904891 -0.14388098914676636 0.012917342181928557 0.014987081764645166 0.124135716317536 0.11271737671586786 0.11694595885819921 0.00029037866908777969 0.19622628852650895 -0.075377496459569593 -0.032886585785496615 0.14308430241467265 0.11473239005515068 0.090206570111998341 -0.16208012091379509 -0.046876439391180497 -0.047470626122213033 -0.074188810203619712 0.052842306636295716 0.19305456303861512 0.1266545805940984 -0.0054576268310393182 0.081370116836250492 0.0022209468459148587 -0.0057986809917810866
leaf_weight=27 48 24 20 34 21 89 20 22 22 23 38 32 60 20 25 34 28 23 37 47 263 61 31 34 25 24 857 27 42 886
leaf_count=27 48 24 20 34 21 89 20 22 22 23 38 32 60 20 25 34 28 23 37 47 263 61 31 34 25 24 857 27 42 886
internal_value=-0.00146748 -0.00215511 -0.0335996 -0.00326014 -0.0343485 -0.0010475 -0.00255107 -0.0617942 -0.00162093 0.0710366 -0.00286301 0.00509113 -0.00790815 0.0495206 -0.0109036 -0.030628 0.0466061 -0.041148 0.0233444 -0.0513126 -0.0644056 -0.00291483 -0.000869879 0.0481723 0.112565 -0.00563106 -0.00183902 0.000931401 0.0519901 -0.00320675
internal_weight=2944 2917 99 75 55 2818 2729 42 2687 45 2642 1025 1617 80 1537 518 62 456 62 394 310 84 1019 90 59 929 881 987 74 913
internal_count=2944 2917 99 75 55 2818 2729 42 2687 45 2642 1025 1617 80 1537 518 62 456 62 394 310 84 1019 90 59 929 881 987 74 913
is_linear=0
shrinkage=0.05


Tree=183
num_leaves=31
num_cat=0
split_feature=8 8 31 31 31 7 7 31 7 8 27 8 27 34 18 6 34 27 1 5 27 5 27 34 27 15 34 27 5 27
split_gain=53.8605 38.9553 33.4758 57.6596 54.455 73.2716 87.4321 95.9515 83.4354 81.384 122.208 67.3401 71.4783 66.7377 66.81 64.4856 104.319 65.7957 64.2086 77.8717 132.722 62.2048 172.231 142.66 62.117 59.6068 69.9988 113.69 60.9293 100.376
threshold=65.500000000000014 68.500000000000014 43.500000000000007 42.500000000000007 63.500000000000007 7881.5000000000009 4853.0000000000009 50.500000000000007 5540.0000000000009 80.500000000000014 79.500000000000014 1675.5000000000002 57.500000000000007 1.0000000180025095e-35 100500.00000000001 0.057565789473684216 1.0000000180025095e-35 69.500000000000014 1.0000000180025095e-35 0.44951923076923084 50.500000000000007 0.44951923076923084 56.000000000000007 1.0000000180025095e-35 64.000000000000014 11.573556730385434 1.0000000180025095e-35 54.000000000000007 0.59716599190283415 57.500000000000007
decision_type=2 2 2 2 2 2 2 2 2 2 2 2 2 2 2 2 2 2 2 2 2 2 2 2 2 2 2 2 2 2
left_child=-1 -2 3 -3 5 6 7 15 -8 24 -11 12 -6 -14 -15 16 -4 -17 25 20 -20 22 -10 -24 -9 -7 27 -27 29 -28
right_child=1 2 4 -5 11 18 8 9 21 10 -12 -13 13 14 -16 17 -18 -19 19 -21 -22 -23 23 -25 -26 26 28 -29 -30 -31
leaf_value=0.068766243868538371 -0.045757793543113025 0.0013393085974511836 -0.16282538093661811 0.061228165708464136 -0.024661312653095239 0.032933850560988215 -0.12007305534267006 -0.070859988568076099 -0.00043147198513457212 0.14034596921201561 -0.0090119304291280625 -0.058739811570251578 0.016889282424230514 0.16385014264737791 0.042885790935741575 0.045696316722476593 -0.014152466497518041 -0.058331843269359175 -0.009450393907222035 -0.038981983348794651 0.13826086625591869 -0.00452986788024861 -0.043991483088780037 -0.19605869846511326 0.04403885523388288 0.012240283518905958 0.035352719467429176 -0.13140051671451777 0.065139820338209017 -0.058118577972162314
leaf_weight=27 50 1831 21 41 46 64 34 25 63 30 25 26 67 20 27 33 27 28 28 22 33 92 32 30 22 24 49 32 26 69
leaf_count=27 50 1831 21 41 46 64 34 25 63 30 25 26 67 20 27 33 27 28 28 22 33 92 32 30 22 24 49 32 26 69
internal_value=-0.00139226 -0.0020457 -0.00128006 0.00265685 -0.00869152 -0.0143033 -0.0273431 -0.00358994 -0.0472816 0.0312232 0.0724721 0.0156844 0.0278387 0.0490698 0.0947047 -0.036212 -0.0795041 -0.0019898 0.00304651 0.0413884 0.0704726 -0.0358034 -0.0587587 -0.11785 -0.0169921 -0.00900012 -0.0224537 -0.069839 -0.00395577 -0.0192648
internal_weight=2944 2917 2867 1872 995 809 462 211 251 102 55 186 160 114 47 109 48 61 347 83 61 217 125 62 47 264 200 56 144 118
internal_count=2944 2917 2867 1872 995 809 462 211 251 102 55 186 160 114 47 109 48 61 347 83 61 217 125 62 47 264 200 56 144 118
is_linear=0
shrinkage=0.05


Tree=184
num_leaves=31
num_cat=0
split_feature=8 2 5 29 2 2 13 2 5 7 16 5 5 34 2 5 16 2 7 2 5 2 5 7 7 15 10 16 2 2
split_gain=48.6287 35.6182 101.654 76.4586 69.1471 53.973 92.9825 86.1519 46.4078 37.6783 33.1148 27.3013 47.5396 107.93 70.6131 85.2327 86.1963 46.635 51.9134 67.2088 90.2996 41.5649 138.892 42.1577 119.505 62.0453 39.7019 37.6775 36.6809 35.9482
threshold=65.500000000000014 0.69728717207908641 0.22064777327935226 3.5000000000000004 0.68547844886779796 0.68166601657867443 1.0000000180025095e-35 0.67853298783302318 0.48684210526315791 1024.0000000000002 426000.00000000006 0.091093117408906896 0.19901315789473686 1.0000000180025095e-35 0.63689053058624279 0.15587044534412958 141500.00000000003 0.66240668296813976 8518.5000000000018 0.60256716609001171 0.17269736842105265 0.66508311033248912 0.42927631578947373 11131.500000000002 8254.0000000000018 11.800083434659255 1.0000000180025095e-35 173030.50000000003 0.67160281538963329 0.59420493245124828
decision_type=2 2 2 2 2 2 2 2 2 2 2 2 2 2 2 2 2 2 2 2 2 2 2 2 2 2 2 2 2 2
left_child=-1 4 -3 -4 5 7 -7 10 -9 -6 11 26 13 14 15 -13 -17 18 19 -15 -21 29 28 24 25 -24 27 -2 -23 -14
right_child=1 2 3 -5 9 6 -8 8 -10 -11 -12 12 21 17 -16 16 -18 -19 -20 20 -22 22 23 -25 -26 -27 -28 -29 -30 -31
leaf_value=0.065340615797966614 -0.1003879499391436 -0.1207465104696909 0.035147499538601808 -0.069856399638626401 0.099137450148229278 -0.13626383608624115 0.012263259065771534 0.014773315892500036 0.1166124521137832 0.023623473921182792 0.061309011610437975 0.02445878887901435 0.0080959282958873724 0.07869180436806171 0.00060714398564120102 0.18597773485256677 0.052798922128411398 -0.078661425824547215 -0.065840242262855467 -0.069020882410201587 0.042115692403216373 -0.010115643975576519 -0.011038614586651152 0.0022132473383262709 0.17442043361379142 0.091317568662294485 -0.0042229304879717756 -0.011967219769684977 -0.10380210830207684 -0.0094493421335664282
leaf_weight=27 27 24 48 27 22 20 22 22 23 67 20 48 353 29 54 24 25 23 25 35 38 21 34 34 20 26 84 22 21 1679
leaf_count=27 27 24 48 27 22 20 22 22 23 67 20 48 353 29 54 24 25 23 25 35 38 21 34 34 20 26 84 22 21 1679
internal_value=-0.00132312 -0.0019441 -0.0314077 -0.00263001 -0.00090615 -0.002323 -0.0585008 -0.00144089 0.0670784 0.0424363 -0.00261233 -0.00310414 -0.00192207 0.0167017 0.0465363 0.0720266 0.118377 -0.0133095 -0.00138225 0.0144163 -0.0111221 -0.00448704 0.0203692 0.049021 0.0688243 0.0333107 -0.0251701 -0.0608959 -0.0572129 -0.00639866
internal_weight=2944 2917 99 75 2818 2729 42 2687 45 89 2642 2622 2489 301 151 97 49 150 127 102 73 2188 156 114 80 60 133 49 42 2032
internal_count=2944 2917 99 75 2818 2729 42 2687 45 89 2642 2622 2489 301 151 97 49 150 127 102 73 2188 156 114 80 60 133 49 42 2032
is_linear=0
shrinkage=0.05


Tree=185
num_leaves=31
num_cat=0
split_feature=5 14 2 8 5 8 35 8 15 15 8 14 2 27 8 14 15 31 5 27 31 2 15 15 27 27 6 11 8 5
split_gain=83.128 180.491 209.848 124.978 75.8196 78.6667 151.407 129.726 89.4977 76.9237 73.4278 87.397 75.1452 82.359 72.5696 69.408 106.845 68.7854 140.546 110.088 99.9185 155.243 94.449 76.7625 65.4143 198.604 218.185 83.5973 194.518 134.9
threshold=0.31009615384615391 -0.2906999999999999 0.71547985076904308 65.500000000000014 0.28542510121457493 295.00000000000006 7.5000000000000009 256.50000000000006 12.181784551011429 12.175553989777745 545.50000000000011 0.079919230769230784 0.59489214420318615 56.000000000000007 748.50000000000011 1.0846153846153848 12.57763927865355 42.500000000000007 0.057565789473684216 57.500000000000007 26.500000000000004 0.66240668296813976 11.864257941010598 11.994971838029008 56.000000000000007 57.500000000000007 0.057565789473684216 1.0000000180025095e-35 823.50000000000011 0.46761133603238875
decision_type=2 2 2 2 2 2 2 2 2 2 2 2 2 2 2 2 2 2 2 2 2 2 2 2 2 2 2 2 2 2
left_child=1 2 -1 -3 5 7 10 17 -8 -6 11 -7 13 -12 -14 16 24 18 -5 -19 21 -20 -21 -24 -2 26 -26 28 29 -27
right_child=15 3 -4 4 9 6 8 -9 -10 -11 12 -13 14 -15 -16 -17 -18 19 20 22 -22 -23 23 -25 25 27 -28 -29 -30 -31
leaf_value=-0.18270578210088323 -0.0081876538326107039 0.11585335179940977 0.020293127731265615 -0.1158400651151778 -0.027229906638238838 0.11373993726811799 0.16708550064811881 -0.14424720398057694 0.02250264576543564 -0.14235367628175818 -0.0040136064077651717 -0.0030900183030858515 -0.053960588161853784 0.11724451931353608 -0.0023565142561181064 -0.071343388811035455 0.11835383922567864 0.0365525321951106 0.03619828212702382 -0.13268934875883143 0.046028461046416308 -0.12864032396935374 0.027957070776463561 -0.088849330794238526 0.034517864569736892 0.016703690409823901 0.22831833488285824 -0.0037733555926736471 0.048908871994947582 -0.06617411597704613
leaf_weight=32 618 20 21 22 53 28 22 21 21 20 38 37 106 22 191 29 21 31 33 38 111 25 28 28 47 132 21 735 294 78
leaf_count=32 618 20 21 22 53 28 22 21 21 20 38 37 106 22 191 29 21 31 33 38 111 25 28 28 47 132 21 735 294 78
internal_value=-0.000547971 -0.0127193 -0.102291 -0.00739857 -0.0102344 -0.00578344 0.00753921 -0.0241779 0.0968073 -0.0589907 -0.00156577 0.0472573 -0.0104799 0.0404856 -0.0208029 0.00529206 0.00644029 -0.0161397 0.00271056 -0.0449621 0.0182321 -0.0348659 -0.0719079 -0.0304113 0.00521073 0.01155 0.0946888 0.00697576 0.0226591 -0.0140725
internal_weight=2923 948 53 895 875 802 465 337 43 73 422 65 357 60 297 1975 1946 316 191 125 169 58 94 56 1925 1307 68 1239 504 210
internal_count=2923 948 53 895 875 802 465 337 43 73 422 65 357 60 297 1975 1946 316 191 125 169 58 94 56 1925 1307 68 1239 504 210
is_linear=0
shrinkage=0.05


Tree=186
num_leaves=31
num_cat=0
split_feature=5 14 0 8 5 8 35 8 16 15 8 27 27 27 14 27 6 8 16 15 8 16 11 8 8 29 5 8 8 34
split_gain=75.047 162.924 127.844 112.853 68.4641 71.0457 136.723 117.131 88.1796 69.4543 66.2799 85.8405 65.5282 87.5068 150.263 162.199 197.002 123.165 114.944 84.1936 257.172 107.381 106.031 111.18 99.0767 217.202 158.211 137.364 131.02 139.541
threshold=0.31009615384615391 -0.2906999999999999 1.0000000180025095e-35 65.500000000000014 0.28542510121457493 295.00000000000006 7.5000000000000009 256.50000000000006 249675.00000000003 12.175553989777745 545.50000000000011 79.500000000000014 77.000000000000014 56.000000000000007 -0.38961538461538453 57.500000000000007 0.057565789473684216 607.00000000000011 202865.00000000003 12.052340126576548 907.00000000000011 215404.50000000003 1.0000000180025095e-35 1270.5000000000002 922.50000000000011 3.5000000000000004 0.62828947368421062 1342.0000000000002 1672.5000000000002 1.0000000180025095e-35
decision_type=2 2 2 2 2 2 2 2 2 2 2 2 2 2 2 2 2 2 2 2 2 2 2 2 2 2 2 2 2 2
left_child=1 2 -1 -3 5 7 10 -5 -8 -6 11 -7 13 -2 -15 16 18 -17 -16 24 21 -21 -22 -24 25 -19 27 -26 29 -29
right_child=12 3 -4 4 9 6 8 -9 -10 -11 -12 -13 -14 14 15 17 -18 19 -20 20 22 -23 23 -25 26 -27 -28 28 -30 -31
leaf_value=-0.19279782133644793 -0.0053093958567329742 0.11008950213887798 -0.03388208888628523 -0.015336992112965062 -0.02587097371575859 0.09175307283849668 0.16855227849376736 -0.13706902805097859 0.02476505721028233 -0.13527140913169775 -0.0099557829151533557 -0.025272487355146374 -0.014621829398166345 0.14743858608185437 -0.057733333881814675 0.07311973941935497 0.21695652009469071 -0.14266692134656217 0.1000042240338132 0.01923023980459778 0.032413894312645304 0.1307950186512172 -0.052448417715130292 0.042591565637112826 0.022476286918316567 -0.0076169229498410616 0.12970449312037452 -0.1915875569282775 0.0081962283531005885 -0.022593534635804997
leaf_weight=21 631 20 32 316 53 39 20 21 23 20 357 26 349 22 20 71 21 40 27 33 127 63 122 41 173 116 24 25 46 24
leaf_count=21 631 20 32 316 53 39 20 21 23 20 357 26 349 22 20 71 21 40 27 33 127 63 122 41 173 116 24 25 46 24
internal_value=-0.000520615 -0.0120853 -0.0971874 -0.00702982 -0.00972482 -0.00549493 0.00716555 -0.0229759 0.0919947 -0.0560561 -0.00148609 0.0448991 0.00502821 0.00924956 0.0184871 0.0155514 0.0899773 0.00994433 0.0327956 0.00455198 0.0216681 0.0925566 -0.00180501 -0.0285005 -0.0101858 -0.0423464 0.00698739 -0.00402783 -0.0523187 -0.109131
internal_weight=2923 948 53 895 875 802 465 337 43 73 422 65 1975 1626 995 973 68 905 47 834 386 96 290 163 448 156 292 268 95 49
internal_count=2923 948 53 895 875 802 465 337 43 73 422 65 1975 1626 995 973 68 905 47 834 386 96 290 163 448 156 292 268 95 49
is_linear=0
shrinkage=0.05


Tree=187
num_leaves=31
num_cat=0
split_feature=6 5 15 27 27 11 2 7 7 2 2 8 14 5 27 7 7 27 2 20 14 15 7 7 10 27 8 7 30 6
split_gain=70.3773 53.3987 126.146 50.3568 131.402 105.56 91.3785 104.527 74.0896 59.4382 69.3111 63.6905 95.446 64.4849 59.8537 55.4832 53.7354 74.0624 53.3746 42.6938 40.2203 82.6625 47.949 105.415 119.004 99.3721 66.9808 92.0896 61.6639 101.872
threshold=0.15587044534412958 0.057565789473684216 11.515926470938227 77.000000000000014 72.500000000000014 1.0000000180025095e-35 0.68051502108573925 12728.000000000002 4438.0000000000009 0.62406140565872203 0.64879000186920177 993.50000000000011 0.22908846153846157 0.44951923076923084 79.500000000000014 6656.0000000000009 14404.000000000002 70.500000000000014 0.67043229937553417 1.0000000180025095e-35 1.116096153846154 12.62388735261103 10014.500000000002 11180.500000000002 1.0000000180025095e-35 56.000000000000007 1162.5000000000002 8518.5000000000018 1.5000000000000002 0.057565789473684216
decision_type=2 2 2 2 2 2 2 2 2 2 2 2 2 2 2 2 2 2 2 2 2 2 2 2 2 2 2 2 2 2
left_child=1 2 -1 4 16 -6 7 9 -8 19 11 12 13 -11 15 -12 17 20 -16 -5 21 22 26 24 25 -24 28 -28 -3 -30
right_child=-2 3 -4 6 5 -7 8 -9 -10 10 14 -13 -14 -15 18 -17 -18 -19 -20 -21 -22 -23 23 -25 -26 -27 27 -29 29 -31
leaf_value=0.031896273969437304 -0.079242056297980173 -0.0015125637026933286 -0.11209781085762822 0.082676407313250475 0.0039150383618786512 0.11528114775737507 -0.11031193097198658 -0.084829059013596372 -0.013935498398103915 -0.072327490417409115 0.095092942121857912 0.023860912270230843 -0.14822443387846448 0.014204688826183524 0.014038099410190392 -0.0079656912430898473 0.077840372778120503 -0.068871093324744545 -0.078364507090392985 0.0029953035319349773 -0.054088897250856229 0.10166005301532022 -0.033040453673669576 0.012720007628375968 0.0031542190006628168 -0.15425463368070771 0.10687051690056966 0.017182800237529612 0.095087091297638135 0.0022405419252060021
leaf_weight=28 28 1525 33 37 39 47 40 36 40 41 37 40 20 45 70 20 23 37 20 31 31 21 33 133 55 35 33 214 45 86
leaf_count=28 28 1525 33 37 39 47 40 36 40 41 37 40 20 45 70 20 23 37 20 31 31 21 33 133 55 35 33 214 45 86
internal_value=-0.000494161 0.000268461 -0.0459763 0.0012672 0.00426724 0.0648992 -0.0135442 -0.00370087 -0.0622637 0.00439688 -0.00536586 -0.0297708 -0.0500598 -0.027027 0.0188428 0.0588938 0.00196622 0.00118428 -0.0065045 0.0464824 0.00236194 0.00316942 0.00220445 -0.0181029 -0.0514556 -0.0956384 0.00493972 0.029224 0.00131304 0.0342207
internal_weight=2923 2895 61 2834 2357 86 477 397 80 361 293 146 106 86 147 57 2271 2248 90 68 2211 2180 2159 256 123 68 1903 247 1656 131
internal_count=2923 2895 61 2834 2357 86 477 397 80 361 293 146 106 86 147 57 2271 2248 90 68 2211 2180 2159 256 123 68 1903 247 1656 131
is_linear=0
shrinkage=0.05


Tree=188
num_leaves=31
num_cat=0
split_feature=5 5 10 15 14 27 5 8 8 31 14 16 29 10 27 31 27 8 31 27 27 15 2 2 2 16 14 15 5 27
split_gain=63.857 147.154 127.892 96.1974 69.7166 114.678 245.557 90.4016 64.3061 84.8591 101.84 69.9634 69.3524 84.8514 157.063 222.824 86.859 146.033 68.5496 92.2916 82.7454 97.0808 149.903 107.229 62.1097 60.8359 60.1386 87.2307 56.1656 55.0426
threshold=0.31009615384615391 0.28542510121457493 1.0000000180025095e-35 12.170625488208778 -0.16715769230769228 54.000000000000007 0.24038461538461542 65.500000000000014 68.500000000000014 31.500000000000004 -0.021034615384615384 197028.50000000003 3.5000000000000004 1.0000000180025095e-35 56.000000000000007 28.500000000000004 56.000000000000007 102.50000000000001 37.500000000000007 56.000000000000007 57.500000000000007 11.946324604069813 0.63353851437568676 0.66347971558570873 0.62617102265357982 239500.00000000003 1.0846153846153848 12.57763927865355 0.15587044534412958 56.000000000000007
decision_type=2 2 2 2 2 2 2 2 2 2 2 2 2 2 2 2 2 2 2 2 2 2 2 2 2 2 2 2 2 2
left_child=1 4 3 -3 5 -1 -7 -6 -9 12 -11 18 13 14 -10 -16 28 -18 19 -12 24 22 -22 -24 -20 -13 27 29 -15 -2
right_child=26 2 -4 -5 7 6 -8 8 9 10 11 25 -14 16 15 -17 17 -19 20 -21 21 -23 23 -25 -26 -27 -28 -29 -30 -31
leaf_value=0.029358656927147793 -0.0076834689077323109 0.028209535893287965 -0.16439624124127561 -0.10738003224424726 0.10392797785018806 -0.20146724829286111 0.025020727124149447 -0.068634346635222762 0.014701790723419454 0.10745365141282662 0.010802806856117566 -0.068009409497654633 0.066118530597166977 -0.10403164507119687 -0.044737584075948439 -0.21648735921558751 0.11789804540597762 -0.02681455483704101 0.022961311327816619 0.1442467127307003 -0.13866352885411676 0.049054962024900763 0.068604940760557287 -0.058896268823547586 0.13193214019732688 0.00039945466155553229 -0.066685579271660633 0.10683949050180155 -0.00013809688513065097 0.010421774532887056
leaf_weight=28 618 30 27 23 20 26 22 36 54 27 27 44 21 23 69 26 32 38 38 25 27 46 31 35 20 123 29 21 30 1307
leaf_count=28 618 30 27 23 20 26 22 36 54 27 27 44 21 23 69 26 32 38 38 25 27 46 31 35 20 123 29 21 30 1307
internal_value=-0.000469484 -0.0111373 -0.0759864 -0.0306285 -0.00514659 -0.0508589 -0.0977201 -0.000747876 -0.00347927 -0.000276654 0.0135228 0.00738999 -0.0211553 -0.0279335 -0.0532952 -0.0919736 0.0027669 0.0393423 0.0241871 0.0752082 0.010663 -0.0102444 -0.0396501 0.000928209 0.0607859 -0.0176244 0.00464883 0.00571783 -0.0454291 0.00460659
internal_weight=2923 948 80 53 868 76 48 792 772 736 443 416 293 272 149 95 123 70 249 52 197 139 93 66 58 167 1975 1946 53 1925
internal_count=2923 948 80 53 868 76 48 792 772 736 443 416 293 272 149 95 123 70 249 52 197 139 93 66 58 167 1975 1946 53 1925
is_linear=0
shrinkage=0.05


Tree=189
num_leaves=31
num_cat=0
split_feature=6 5 16 27 27 11 2 7 7 8 5 2 30 14 7 27 27 35 2 5 7 7 2 27 27 8 7 8 5 29
split_gain=61.225 48.9387 107.626 49.0019 115.916 95.716 81.7044 95.6514 65.6998 62.6011 57.5147 67.1658 55.0033 108.852 47.795 65.8715 46.7615 67.1317 38.6647 42.9098 37.124 102.609 111.444 118.893 85.1478 66.4183 82.1941 70.3218 139.498 63.2197
threshold=0.15587044534412958 0.057565789473684216 105710.00000000001 77.000000000000014 72.500000000000014 1.0000000180025095e-35 0.68051502108573925 12012.000000000002 4438.0000000000009 1405.5000000000002 0.17269736842105265 0.62527254223823558 1.0000000180025095e-35 0.066530769230769241 14404.000000000002 70.500000000000014 79.500000000000014 4.5000000000000009 0.63610014319419872 0.34210526315789475 10014.500000000002 11180.500000000002 0.62591281533241283 64.000000000000014 66.500000000000014 1162.5000000000002 8518.5000000000018 1089.5000000000002 0.53238866396761142 5.5000000000000009
decision_type=2 2 2 2 2 2 2 2 2 2 2 2 2 2 2 2 2 2 2 2 2 2 2 2 2 2 2 2 2 2
left_child=1 2 -1 4 14 -6 7 9 -8 10 -5 16 13 -13 15 20 17 -12 -14 -20 25 22 23 -22 -23 27 -27 29 -29 -3
right_child=-2 3 -4 6 5 -7 8 -9 -10 -11 11 12 18 -15 -16 -17 -18 -19 19 -21 21 24 -24 -25 -26 26 -28 28 -30 -31
leaf_value=0.027914843315861828 -0.073895368071478451 0.00025888967615145584 -0.10508113894892963 0.073851802215536597 0.0030536979284432842 0.1091029884392542 -0.10470738777718938 -0.070188681714685938 -0.013937296788963001 0.086460840836909025 0.0077552208403275473 0.0044583720602388455 -0.041618480887718315 -0.11580935272405733 0.073577520824909343 -0.06478566308568591 -0.0092098776082257857 0.13589687169487796 0.059934793561260018 -0.0076621367188093679 0.013971445914859302 -0.014376253958879735 -0.12255506336358778 -0.12462077247562693 0.065339564192318414 0.10213227884286841 0.017598478054273028 0.0047391274304155982 -0.12342310700441778 0.03276913574891737
leaf_weight=28 28 1426 33 24 39 47 40 48 40 22 21 38 45 37 23 37 33 20 34 75 67 97 36 20 51 33 222 59 33 167
leaf_count=28 28 1426 33 24 39 47 40 48 40 22 21 38 45 37 23 37 33 20 34 75 67 97 36 20 51 33 222 59 33 167
internal_value=-0.000446072 0.00026512 -0.0440062 0.00122131 0.00418074 0.0611283 -0.0133894 -0.00408072 -0.0594588 0.00501467 -0.000474359 -0.0064005 -0.0197962 -0.0548823 0.00201941 0.00128181 0.034957 0.0705636 -0.00265181 0.0134129 0.00239256 -0.0149344 -0.0486729 -0.0179379 0.0130852 0.0048162 0.0285935 0.0012134 -0.0412619 0.00367204
internal_weight=2923 2895 61 2834 2357 86 477 397 80 349 327 303 229 75 2271 2248 74 41 154 109 2211 271 123 87 148 1940 255 1685 92 1593
internal_count=2923 2895 61 2834 2357 86 477 397 80 349 327 303 229 75 2271 2248 74 41 154 109 2211 271 123 87 148 1940 255 1685 92 1593
is_linear=0
shrinkage=0.05


Tree=190
num_leaves=31
num_cat=0
split_feature=2 5 34 27 5 5 27 5 27 6 2 27 14 1 27 2 29 8 6 27 2 29 2 27 18 29 8 16 29 8
split_gain=83.0959 147.684 46.7744 102.129 137.471 183.564 438.839 160.564 148.294 153.475 124.575 418.105 103.414 98.7839 247.487 121.406 115.387 94.9474 95.4528 90.1628 87.7855 142.358 130.371 217.282 144.966 133.935 129.612 147.411 107.617 85.4715
threshold=0.58118742704391491 0.37171052631578955 1.0000000180025095e-35 77.000000000000014 0.19901315789473686 0.15587044534412958 47.000000000000007 0.24038461538461542 44.500000000000007 0.069711538461538478 0.68051502108573925 79.500000000000014 -0.41307692307692301 1.0000000180025095e-35 56.000000000000007 0.60958421230316173 2.5000000000000004 576.00000000000011 0.069711538461538478 56.000000000000007 0.6457839608192445 4.5000000000000009 0.62541240453720104 57.500000000000007 123791.50000000001 5.5000000000000009 941.50000000000011 179600.00000000003 2.5000000000000004 823.50000000000011
decision_type=2 2 2 2 2 2 2 2 2 2 2 2 2 2 2 2 2 2 2 2 2 2 2 2 2 2 2 2 2 2
left_child=1 -1 3 4 5 8 -7 -6 9 -2 -5 -12 -9 15 -15 16 -14 18 -17 -8 22 29 25 -24 -25 28 -23 -28 -19 -22
right_child=2 -3 -4 10 7 6 19 12 -10 -11 11 -13 13 14 -16 17 -18 20 -20 -21 21 26 23 24 -26 -27 27 -29 -30 -31
leaf_value=0.15543397343777993 -0.13078850115652496 -0.003967153610628279 -0.0094089088073075876 -0.0062279759365983017 -0.101891537217057 0.30704017775272258 -0.048135878049319063 0.11255214432785413 0.046892411392632602 0.047582052818578274 -0.27274206316293176 0.0055137816608097148 -0.015605303594666581 -0.0080357649331211072 0.13146525593493474 0.10828702931392223 -0.13351447796083291 0.046614011263003761 -0.0014467144122971294 0.078287553841608043 -0.013836601047897627 0.064004030375798771 0.0025659842657878395 -0.068045323279749353 -0.24676756079163031 0.12282494068590562 -0.1262398969543379 -0.0011887429369052635 -0.052010674909936175 0.0803476107398748
leaf_weight=23 30 39 1480 249 36 20 20 22 95 20 20 41 56 90 49 40 33 43 39 47 33 34 47 25 21 20 38 62 77 88
leaf_count=23 30 39 1480 249 36 20 20 22 95 20 20 41 56 90 49 40 33 43 39 47 33 34 47 25 21 20 38 62 77 88
internal_value=-0.00197903 0.0552401 -0.00321659 0.00334967 0.0105843 0.0447025 0.102082 0.00129475 0.0101939 -0.0593879 -0.0219506 -0.0859329 0.00585955 0.00288698 0.0411641 -0.00522098 -0.0594813 0.00329624 0.0541181 0.0404592 -0.00493023 0.0153258 -0.0271173 -0.072974 -0.150103 0.0033392 -0.0201419 -0.0488368 -0.0166191 0.0546295
internal_weight=2937 62 2875 1395 1085 232 87 853 145 50 310 61 817 795 139 656 89 567 79 67 488 255 233 93 46 140 134 100 120 121
internal_count=2937 62 2875 1395 1085 232 87 853 145 50 310 61 817 795 139 656 89 567 79 67 488 255 233 93 46 140 134 100 120 121
is_linear=0
shrinkage=0.05


Tree=191
num_leaves=31
num_cat=0
split_feature=2 5 34 5 5 16 5 5 1 15 16 2 8 16 31 31 2 7 8 6 31 31 8 5 7 10 31 31 5 6
split_gain=75.0174 133.355 42.2092 78.3277 185.01 156.545 154.641 117.512 99.4346 88.0193 84.8973 72.9119 75.5749 170.009 72.0792 98.2031 87.5792 68.3196 94.8805 122.597 75.6516 66.3535 62.288 72.5005 59.4118 74.4328 57.601 102.787 162.834 54.4059
threshold=0.58118742704391491 0.37171052631578955 1.0000000180025095e-35 0.19901315789473686 0.11513157894736843 187046.50000000003 0.069711538461538478 0.22064777327935226 1.0000000180025095e-35 12.393579741022316 160622.00000000003 0.59093743562698375 950.00000000000011 219750.00000000003 35.500000000000007 27.500000000000004 0.67984241247177135 3744.0000000000005 598.50000000000011 0.057565789473684216 47.500000000000007 17.500000000000004 2047.5000000000002 0.48684210526315791 3295.0000000000005 1.0000000180025095e-35 27.500000000000004 40.500000000000007 0.55048076923076927 0.057565789473684216
decision_type=2 2 2 2 2 2 2 2 2 2 2 2 2 2 2 2 2 2 2 2 2 2 2 2 2 2 2 2 2 2
left_child=1 -1 3 4 6 14 10 -5 17 -10 -2 12 -4 -14 15 -6 -16 20 19 -19 24 -13 23 29 25 -9 -25 28 -28 -23
right_child=2 -3 11 7 5 -7 -8 8 9 -11 -12 21 13 -15 16 -17 -18 18 -20 -21 -22 22 -24 26 -26 -27 27 -29 -30 -31
leaf_value=0.14769591892952527 -0.042660876226493678 -0.0037693030903558898 -0.014698432235846668 -0.092547399654687307 0.13562833629371995 -0.028682250050950223 -0.11959639450657034 -0.093477493477799739 0.023445569087970665 0.13663609635770618 0.086083549890385205 -0.075192368858890593 -0.20473934281802741 -0.021046443336542226 0.16508993183029252 0.0056517342370470116 0.048617193869888997 -0.15200267696746009 -0.0054105969355691397 -0.016672943848839741 0.07970987714043215 -0.0030504001263569999 -0.086725204967265754 -0.048559281952753414 0.060012389109652231 0.0206327517834855 0.1163893983727876 0.0023346758077546904 -0.003446088779910741 -0.032635183674521943
leaf_weight=23 26 39 91 35 21 41 32 25 120 20 25 33 20 34 41 47 27 26 755 47 46 737 22 30 28 33 62 202 52 197
leaf_count=23 26 39 91 35 21 41 32 25 120 20 25 33 20 34 41 47 27 26 755 47 46 737 22 30 28 33 62 202 52 197
internal_value=-0.00188013 0.0524862 -0.00305607 0.00318138 0.0279317 0.0568144 -0.0335956 -0.00248585 0.00038335 0.0397373 0.0203962 -0.0089385 -0.0426049 -0.089426 0.082628 0.0460052 0.119056 -0.0053541 -0.0106848 -0.065083 0.028029 -0.00527518 -0.00349361 -0.0020525 0.000267214 -0.0285429 0.0174904 0.0237902 0.0617287 -0.00929862
internal_weight=2937 62 2875 1395 260 177 83 1135 1100 140 51 1480 145 54 136 68 68 960 828 73 132 1335 1302 1280 86 58 346 316 114 934
internal_count=2937 62 2875 1395 260 177 83 1135 1100 140 51 1480 145 54 136 68 68 960 828 73 132 1335 1302 1280 86 58 346 316 114 934
is_linear=0
shrinkage=0.05


Tree=192
num_leaves=31
num_cat=0
split_feature=2 5 34 15 5 5 17 5 14 5 35 1 5 15 6 2 14 5 31 7 7 7 7 7 2 2 2 14 29 29
split_gain=67.7246 120.417 38.1156 70.8376 70.7194 167.041 150.279 147.006 129.931 106.087 99.3463 89.7736 86.8259 79.4787 66.0757 63.5036 84.5516 69.3116 128.982 62.2431 54.5384 53.5807 59.1575 81.4933 60.8496 145.706 86.3093 88.5417 72.7212 79.6478
threshold=0.58118742704391491 0.37171052631578955 1.0000000180025095e-35 12.576345621333891 0.19901315789473686 0.11513157894736843 1.0000000180025095e-35 0.069711538461538478 0.033684615384615389 0.22064777327935226 7.5000000000000009 1.0000000180025095e-35 0.13942307692307696 12.393579741022316 0.15587044534412958 0.58519470691680919 0.22908846153846157 0.48684210526315791 63.500000000000007 858.50000000000011 13923.000000000002 3744.0000000000005 4235.0000000000009 3982.5000000000005 0.64537152647972118 0.64857995510101329 0.62960797548294078 0.11923076923076925 4.5000000000000009 5.5000000000000009
decision_type=2 2 2 2 2 2 2 2 2 2 2 2 2 2 2 2 2 2 2 2 2 2 2 2 2 2 2 2 2 2
left_child=1 -1 4 15 5 6 7 -2 10 -6 19 14 -10 -13 20 16 -4 -17 -19 -7 21 -11 23 -23 26 -26 -24 -28 -27 -30
right_child=2 -3 3 -5 9 8 -8 -9 12 11 -12 13 -14 -15 -16 17 -18 18 -20 -21 -22 22 24 -25 25 28 27 -29 29 -31
leaf_value=0.14034309701357053 -0.014330721100331121 -0.0035813187203748761 -0.13858617519456626 -0.10173969003580399 -0.087933211661132313 0.11779249070445826 0.055008072264708122 -0.18567073661569172 0.061412823089879547 0.020912178099983938 0.16984484471172925 0.022274266803624741 -0.07275673939558111 0.12983828088389107 0.076641681603314471 -0.012003474395573477 0 0.020578048168106267 -0.10136333932350208 0.032913697409171008 0.05393081359204404 -0.021519536521707034 -0.010405390947801504 -0.14084766690764947 0.13524725406212887 0.022687364045648785 -0.032840865281457007 -0.13879977452386286 -0.051044161523533887 0.016127325996766747
leaf_weight=23 31 39 21 20 35 31 31 21 21 124 25 120 28 20 24 1041 23 352 23 72 35 45 268 21 20 148 62 29 111 73
leaf_count=23 31 39 21 20 35 31 31 21 21 124 25 120 28 20 24 1041 23 352 23 72 35 45 268 21 20 148 62 29 111 73
internal_value=-0.00178649 0.0498695 -0.0029039 -0.00849384 0.00302325 0.0265409 -0.0319204 -0.0838453 0.0539857 -0.00236151 0.0804803 0.000364424 -0.0151457 0.037758 -0.00508696 -0.00720619 -0.0663035 -0.00536175 0.0130606 0.0585977 -0.00719587 -0.00958165 -0.0144566 -0.0597189 -0.0102402 0.00451965 -0.0247234 -0.0667782 -0.0033788 -0.0243732
internal_weight=2937 62 2875 1480 1395 260 83 52 177 1135 128 1100 49 140 960 1460 44 1416 375 103 936 901 777 66 711 352 359 91 332 184
internal_count=2937 62 2875 1480 1395 260 83 52 177 1135 128 1100 49 140 960 1460 44 1416 375 103 936 901 777 66 711 352 359 91 332 184
is_linear=0
shrinkage=0.05


Tree=193
num_leaves=31
num_cat=0
split_feature=27 7 7 16 16 31 27 31 8 34 7 27 5 7 0 8 31 31 8 8 27 35 14 14 29 14 15 5 31 8
split_gain=36.2199 209.214 125.857 76.871 83.2752 72.373 67.2671 61.522 57.5665 81.6124 182.034 305.314 77.7759 75.6554 57.4999 85.5801 56.3818 87.9193 81.8415 99.194 84.3309 227.479 54.9187 48.5653 46.8195 45.804 66.1846 49.1345 45.0228 44.4496
threshold=77.000000000000014 14404.000000000002 14404.000000000002 230500.00000000003 277737.50000000006 16.500000000000004 57.500000000000007 16.500000000000004 613.50000000000011 1.0000000180025095e-35 2800.5000000000005 57.500000000000007 0.25657894736842107 4489.0000000000009 1.0000000180025095e-35 76.500000000000014 53.500000000000007 54.500000000000007 1639.5000000000002 1522.0000000000002 67.500000000000014 8.5000000000000018 0.33653846153846162 -0.25653846153846149 3.5000000000000004 1.0846153846153848 12.600645488492791 0.62828947368421062 19.500000000000004 950.00000000000011
decision_type=2 2 2 2 2 2 2 2 2 2 2 2 2 2 2 2 2 2 2 2 2 2 2 2 2 2 2 2 2 2
left_child=2 3 5 7 -5 6 -1 -2 9 -7 12 -12 14 -10 15 -11 25 -18 19 20 22 -22 -19 -9 -24 26 27 29 -25 -15
right_child=1 -3 -4 4 -6 8 -8 23 13 10 11 -13 -14 16 -16 -17 17 18 -20 -21 21 -23 24 28 -26 -27 -28 -29 -30 -31
leaf_value=0.0097080656523194277 0.070828100401370678 -0.17199576963387914 0.092208037461151665 0.10636104562950298 -0.016572385044390216 0.03181959393803354 -0.091691294863566294 -0.07883027611821411 -0.089628427348051418 -0.059482077583445515 -0.024395265950739743 0.21556829777778008 -0.1225966938577098 0.010634916369115731 -0.057692939803955401 0.040925661692562842 -0.094409611919208589 -0.011028427680842187 0.074624359566139498 -0.12663120956563237 -0.19355197772030583 0.027183824988845664 0.0012247584090926947 -0.070398316799294536 0.1033621191573898 -0.057891706600066553 0.083917945967727448 0.058740000973011276 -0.0084319114722602624 -0.007711899204248549
leaf_weight=27 20 20 37 29 26 312 41 31 25 33 33 22 21 592 61 59 36 161 25 20 21 26 23 32 22 31 25 37 343 746
leaf_count=27 20 20 37 29 26 312 41 31 25 33 33 22 21 592 61 59 36 161 25 20 21 26 23 32 22 31 25 37 343 746
internal_value=-0.00169714 -0.0139399 0.000819188 -0.00732319 0.0482317 -0.000592011 -0.0514012 -0.0145171 0.000890194 0.0151829 -0.00746575 0.0717164 -0.0325501 -0.00342738 -0.0200861 0.00483007 -0.00219857 -0.0206942 -0.0117435 -0.0196954 -0.0111756 -0.0715382 0.00260027 -0.0187501 0.0513879 0.00211603 0.00345238 0.00197974 -0.0137504 0.000402127
internal_weight=2937 501 2436 481 55 2399 68 426 2331 541 229 55 174 1790 153 92 1765 334 298 273 253 47 206 406 45 1431 1400 1375 375 1338
internal_count=2937 501 2436 481 55 2399 68 426 2331 541 229 55 174 1790 153 92 1765 334 298 273 253 47 206 406 45 1431 1400 1375 375 1338
is_linear=0
shrinkage=0.05


Tree=194
num_leaves=31
num_cat=0
split_feature=2 5 34 15 15 5 31 5 2 31 31 29 11 5 5 15 7 16 5 1 15 2 2 5 6 31 14 10 5 16
split_gain=60.6312 106.061 34.3318 63.7479 58.4889 80.2087 88.5611 83.669 79.1656 77.8543 138.247 118.238 76.9657 57.7375 150.274 129.951 145.206 128.154 94.4374 79.9256 70.4939 62.7214 128.184 84.8589 60.7244 58.2471 57.4768 55.9397 53.9273 53.5456
threshold=0.58118742704391491 0.37171052631578955 1.0000000180025095e-35 12.576345621333891 11.65653995194806 0.48684210526315791 40.500000000000007 0.53238866396761142 0.58632463216781627 25.500000000000004 34.500000000000007 2.5000000000000004 1.0000000180025095e-35 0.19901315789473686 0.11513157894736843 11.852523202651957 530.00000000000011 187046.50000000003 0.22064777327935226 1.0000000180025095e-35 12.393579741022316 0.66240668296813976 0.63454651832580578 0.17269736842105265 0.15587044534412958 35.500000000000007 0.22908846153846157 1.0000000180025095e-35 0.59716599190283415 215404.50000000003
decision_type=2 2 2 2 2 2 2 2 2 2 2 2 2 2 2 2 2 2 2 2 2 2 2 2 2 2 2 2 2 2
left_child=1 -1 13 4 8 29 7 -7 -4 11 12 -10 -11 14 15 -2 -17 21 -15 24 -21 22 25 -23 -20 -16 28 -28 -8 -6
right_child=2 -3 3 -5 5 6 26 -9 9 10 -12 -13 -14 18 17 16 -18 -19 19 20 -22 23 -24 -25 -26 -27 27 -29 -30 -31
leaf_value=0.13217173409224911 -0.096027933815470964 -0.0028937357161051172 -0.11807119666936979 -0.09643312935064087 -0.023234572521924846 0.13077031570258818 -0.0032923988729019328 0.019622540278652116 -0.021695633864839144 -0.013803612971945798 -0.03660454517932106 -0.15111401414728737 0.050709521065711111 -0.08264758093149914 0.0029328431114810441 0.11858235743250781 -0.064751614241803424 -0.027110514026633722 -0.0065041051101070446 0.021358476267998836 0.12266816857145793 0.090789200331536563 0.17813962878096512 -0.044804180676446238 0.073867275626147436 0.10325273661730215 -0.06737552010799612 0.016111686546582085 0.074041285417680111 0.0040118802106513963
leaf_weight=23 40 39 20 20 319 33 47 35 60 80 195 25 109 35 29 22 21 41 936 120 20 24 32 22 24 29 39 41 43 414
leaf_count=23 40 39 20 20 319 33 47 35 60 80 195 25 109 35 29 22 21 41 936 120 20 24 32 22 24 29 39 41 43 414
internal_value=-0.00161306 0.0472628 -0.00267043 -0.00797573 -0.00675404 0.000343251 0.0255614 0.0737481 -0.0208544 -0.0166738 -0.00706797 -0.0599515 0.0233831 0.00295473 0.0242045 -0.0312432 0.0289887 0.0502365 -0.00191035 0.000661296 0.0359442 0.0735939 0.0978722 0.0258752 -0.00448213 0.0532702 0.00622525 -0.0245592 0.0336416 -0.00784045
internal_weight=2937 62 2875 1480 1460 971 238 68 489 469 384 85 189 1395 260 83 43 177 1135 1100 140 136 90 46 960 58 170 80 90 733
internal_count=2937 62 2875 1480 1460 971 238 68 489 469 384 85 189 1395 260 83 43 177 1135 1100 140 136 90 46 960 58 170 80 90 733
is_linear=0
shrinkage=0.05


Tree=195
num_leaves=31
num_cat=0
split_feature=7 31 31 7 2 7 27 27 27 11 15 31 8 5 18 8 6 27 2 27 27 7 27 2 29 31 5 31 27 27
split_gain=74.7822 110.11 72.8091 82.2232 197 77.207 84.6231 146.446 61.0059 53.5413 50.2915 50.0319 49.0881 111.272 74.0039 58.8239 106.035 71.7537 52.1401 47.7379 153.24 110.513 85.3547 49.5826 45.6161 86.781 74.9815 111.314 77.9308 93.0315
threshold=3744.0000000000005 64.500000000000014 47.500000000000007 6524.5000000000009 0.65270385146141063 6067.5000000000009 67.500000000000014 75.500000000000014 47.000000000000007 1.0000000180025095e-35 12.088699463679969 67.500000000000014 1188.5000000000002 0.31414473684210531 98245.000000000015 1155.5000000000002 1.0000000180025095e-35 54.000000000000007 0.66624072194099437 52.000000000000007 59.000000000000007 11180.500000000002 64.000000000000014 0.63783514499664318 1.0000000180025095e-35 32.500000000000007 0.22064777327935226 27.500000000000004 70.500000000000014 65.500000000000014
decision_type=2 2 2 2 2 2 2 2 2 2 2 2 2 2 2 2 2 2 2 2 2 2 2 2 2 2 2 2 2 2
left_child=1 24 12 4 5 6 8 -8 10 11 -4 -5 15 -14 18 -2 17 -17 -15 -11 21 -21 -22 -24 25 -1 -26 -28 29 -29
right_child=2 -3 3 9 -6 -7 7 -9 -10 19 -12 -13 13 14 -16 16 -18 -19 -20 20 22 -23 23 -25 26 -27 27 28 -30 -31
leaf_value=0.10053611172510842 0.0038268649162752875 0.12377529322326958 0.006790051841060258 0.0034862162339763369 -0.18406756018621351 -0.11964952328904943 -0.1538199522486135 0.0056076377560602166 0.037852491961311178 0.017566951924400425 -0.093128345045150732 0.076098335229162803 -0.1084680238130576 -0.020581898368933524 0.0081634988739018987 0.065335967688565241 0.14153219967136554 -0.059731447145837169 -0.10704515944439102 -0.1983942710678783 0.067811300545367589 -0.039397710768175331 -0.064913759885883146 0.0076403275082618863 -0.011927381291056745 -0.0011854453107337992 -0.042721024913062955 0.035214982919223474 0.015734436987342264 0.15048192988303594
leaf_weight=39 1305 23 31 192 22 20 26 32 70 56 21 27 29 58 233 25 22 21 25 21 29 23 49 45 255 45 42 39 82 32
leaf_count=39 1305 23 31 192 22 20 26 32 70 56 21 27 29 58 233 25 22 21 25 21 29 23 49 45 255 45 42 39 82 32
internal_value=0.000379154 0.0168725 -0.00347604 -0.0175366 -0.0423589 -0.0266618 -0.0162414 -0.0659156 0.00736791 -0.00505115 -0.0335669 0.0124919 0.00195609 -0.0148976 -0.00626299 0.0061954 0.0515046 0.0081258 -0.0467827 -0.0222998 -0.0357007 -0.115674 -0.00698114 -0.0301561 0.0122364 0.0460464 0.00590523 0.0292446 0.0490475 0.0873752
internal_weight=2939 557 2382 664 222 200 180 58 122 442 52 219 1718 345 316 1373 68 46 83 223 167 44 123 94 534 84 450 195 153 71
internal_count=2939 557 2382 664 222 200 180 58 122 442 52 219 1718 345 316 1373 68 46 83 223 167 44 123 94 534 84 450 195 153 71
is_linear=0
shrinkage=0.05


Tree=196
num_leaves=31
num_cat=0
split_feature=7 31 31 2 7 5 27 2 18 7 34 31 29 5 7 7 6 27 16 16 27 6 6 27 29 5 27 5 13 15
split_gain=67.5262 99.4167 66.8893 72.4092 54.1411 92.1818 132.314 110.406 102.579 80.7965 115.182 58.0394 78.2975 139.65 106.701 365.606 148.536 86.6557 114.077 110.202 103.597 124.729 83.0299 82.406 110.05 65.0571 114.656 189.806 72.2782 59.2388
threshold=3744.0000000000005 64.500000000000014 44.500000000000007 0.67251744866371166 8518.5000000000018 0.42927631578947373 67.500000000000014 0.6049691140651704 91500.000000000015 8254.0000000000018 1.0000000180025095e-35 42.500000000000007 4.5000000000000009 0.48684210526315791 5330.0000000000009 6858.5000000000009 1.0000000180025095e-35 65.500000000000014 237671.00000000003 199840.00000000003 69.500000000000014 0.057565789473684216 1.0000000180025095e-35 59.000000000000007 3.5000000000000004 0.31414473684210531 56.000000000000007 0.37980769230769235 1.0000000180025095e-35 12.016741579384275
decision_type=2 2 2 2 2 2 2 2 2 2 2 2 2 2 2 2 2 2 2 2 2 2 2 2 2 2 2 2 2 2
left_child=1 -1 4 -4 9 6 -6 -8 -7 11 -11 12 17 14 -14 -16 -17 23 19 20 21 -19 -21 25 -25 29 -27 -28 -29 -2
right_child=2 -3 3 -5 5 8 7 -9 -10 10 -12 -13 13 -15 15 16 -18 18 -20 22 -22 -23 -24 24 -26 26 27 28 -30 -31
leaf_value=0.011626848551460229 0.0091942693703562523 0.11761331679501058 -0.012307147377071736 -0.0970193712904307 -0.0075189883017431755 -0.063257675073175965 -0.20282535494411766 -0.049795138661804066 0.015971420962150481 0.0075420672277593543 0.15919585921823698 0.060280166349804071 0.0096249673677527396 0.015994808294245259 -0.26011701262358466 -0.12840949436286828 0.030719785210897129 0.17220190691354012 0.11097167363465542 0.023118300395763191 0.0080219265962234009 0.016667422219430759 -0.09235599101835508 -0.15166696333766577 0.0014953975363558298 -0.00148268975540533 0.15563764874183264 -0.057605309132889748 0.054455225707430222 -0.037742136265671217
leaf_weight=534 154 23 775 26 77 49 20 29 243 31 21 46 39 124 23 23 40 28 42 31 72 24 31 20 28 169 37 23 38 119
leaf_count=534 154 23 775 26 77 49 20 29 243 31 21 46 39 124 23 23 40 28 42 31 72 24 31 20 28 169 37 23 38 119
internal_value=0.000359791 0.0160326 -0.00330352 -0.0150749 0.00265775 -0.0127693 -0.0484976 -0.112644 0.00264191 0.00820739 0.0690708 0.00534823 0.00296546 -0.0215649 -0.058847 -0.0899315 -0.0274072 0.0104587 0.036618 0.0197509 0.0469697 0.100683 -0.0345941 0.000302259 -0.0624009 0.00589566 0.0234463 0.0664446 0.0120959 -0.0112532
internal_weight=2939 557 2382 801 1581 418 126 49 292 1163 52 1111 1065 249 125 86 63 816 228 186 124 52 62 588 48 540 267 98 61 273
internal_count=2939 557 2382 801 1581 418 126 49 292 1163 52 1111 1065 249 125 86 63 816 228 186 124 52 62 588 48 540 267 98 61 273
is_linear=0
shrinkage=0.05


Tree=197
num_leaves=31
num_cat=0
split_feature=8 31 16 31 8 2 31 14 5 30 1 2 16 2 27 15 27 31 14 14 35 2 2 10 16 14 35 14 31 27
split_gain=56.8722 86.8502 71.7751 59.8013 73.3029 161.909 58.3114 62.2471 148.021 54.6013 64.0382 58.3813 49.9031 56.5626 63.8989 54.9002 106.8 189.6 77.8024 49.3575 47.6088 80.8762 133.775 57.0789 41.9034 39.7405 45.5087 53.3016 40.978 42.4509
threshold=504.50000000000006 64.500000000000014 266389.50000000006 44.500000000000007 851.50000000000011 0.65818580985069286 19.500000000000004 -0.17115384615384613 0.24038461538461542 1.5000000000000002 1.0000000180025095e-35 0.6102467179298402 239500.00000000003 0.63511124253273021 65.500000000000014 11.940157736974619 47.000000000000007 63.500000000000007 0.22908846153846157 -0.34153846153846151 7.5000000000000009 0.63689053058624279 0.61597841978073131 1.0000000180025095e-35 154250.00000000003 -0.14923076923076919 4.5000000000000009 -0.24119230769230768 42.500000000000007 69.500000000000014
decision_type=2 2 2 2 2 2 2 2 2 2 2 2 2 2 2 2 2 2 2 2 2 2 2 2 2 2 2 2 2 2
left_child=1 2 6 19 5 20 -1 8 -8 12 11 -11 15 14 -14 24 -17 -18 -19 -2 21 22 -5 -22 -6 26 -21 -28 -27 -30
right_child=3 -3 -4 4 9 -7 7 -9 -10 10 -12 -13 13 -15 -16 16 17 18 -20 25 23 -23 -24 -25 -26 28 27 -29 29 -31
leaf_value=-0.055866017608880152 -0.057785937874338777 0.11176329532899468 -0.082078733684411681 -0.02899561233804759 -0.015153002964079905 -0.16945404596803315 -0.1274629781998339 0.023997370754691792 0.046258397217682948 -0.064805038647629071 0.09525870310754353 0.034937972649777008 0.011731288124194291 0.064671850396109995 -0.084254120396211815 0.013760677230324184 -0.1697849186949241 0.034911015774427408 -0.091145562603010377 0.0075095459965618949 -0.028645562161497107 0.0056028151698775024 -0.16535828181738343 0.052231715545264637 0.052456405676378971 -0.00045017333904859953 0.11880540757076406 0.017264857107422888 0.093177383428601795 0.0067543535915195437
leaf_weight=28 33 22 20 54 148 21 23 448 26 21 27 48 97 38 21 46 35 29 21 90 55 51 27 36 27 1336 25 27 24 35
leaf_count=28 33 22 20 54 148 21 23 448 26 21 27 48 97 38 21 46 35 29 21 90 55 51 27 36 27 1336 25 27 24 35
internal_value=0.000341833 0.014568 0.0106156 -0.00305714 -0.0141651 -0.0370211 0.0141713 0.0181375 -0.035276 -0.00415687 0.0301211 0.00445919 -0.0112954 0.0116934 -0.0053654 -0.0230315 -0.0475007 -0.0806899 -0.0180092 0.00261446 -0.0244571 -0.0436303 -0.0746593 0.00331717 -0.00466928 0.00391821 0.0291098 0.0663127 0.00134842 0.0420923
internal_weight=2939 567 545 2372 802 244 525 497 49 558 96 69 462 156 118 306 131 85 50 1570 223 132 81 91 175 1537 142 52 1395 59
internal_count=2939 567 545 2372 802 244 525 497 49 558 96 69 462 156 118 306 131 85 50 1570 223 132 81 91 175 1537 142 52 1395 59
is_linear=0
shrinkage=0.05


Tree=198
num_leaves=31
num_cat=0
split_feature=29 7 27 31 31 8 7 7 34 31 18 27 8 15 2 8 27 8 29 9 34 7 7 24 14 27 27 29 16 31
split_gain=59.6017 131.58 117.85 165.218 52.9907 65.1152 65.6187 66.3747 104.345 66.515 52.6303 95.7196 78.7648 69.5604 50.074 57.8613 49.877 48.9702 43.7362 148.19 101.239 79.359 108.655 62.5347 69.9219 58.0222 133.016 237.452 117.546 105.018
threshold=1.0000000180025095e-35 864.50000000000011 64.000000000000014 32.500000000000007 43.500000000000007 73.500000000000014 8518.5000000000018 8254.0000000000018 1.0000000180025095e-35 42.500000000000007 128972.50000000001 67.500000000000014 1485.5000000000002 12.573316630777468 0.71547985076904308 68.500000000000014 57.500000000000007 1220.5000000000002 4.5000000000000009 1.0000000180025095e-35 1.0000000180025095e-35 6777.5000000000009 7652.5000000000009 1.0000000180025095e-35 0.066530769230769241 65.500000000000014 59.000000000000007 2.5000000000000004 237671.00000000003 33.500000000000007
decision_type=2 2 2 2 2 2 2 2 2 2 2 2 2 2 2 2 2 2 2 2 2 2 2 2 2 2 2 2 2 2
left_child=1 2 3 -1 5 -2 7 9 -9 18 11 16 -13 -12 15 -6 17 -8 25 20 23 -22 -23 24 -20 26 -7 -28 -27 -29
right_child=4 -3 -4 -5 14 6 10 8 -10 -11 13 12 -14 -15 -16 -17 -18 -19 19 -21 21 22 -24 -25 -26 28 27 29 -30 -31
leaf_value=0.22512510558265952 -0.08135489558472353 -0.043088690642807681 -0.015583100164594174 0.047463701731889574 -0.084454348581633448 0.0099120524540394703 -0.090568055051229723 0.0069456972187786244 0.15129619170668848 0.087024620712031805 0.010277643331384931 -0.1641931925192307 -0.035320011180936146 -0.067285531903321649 0.052036130509767499 -0.010318636732326126 0.046500741452285922 0.0007435554503799971 0.027427679352063351 -0.12707748714077521 0.0012185360591236776 -0.15870708943155298 -0.0081422859022231512 -0.017049758226180149 0.12814282602045959 0.016818277552916892 -0.20804661458997586 0.076691000089386466 0.1051566016266075 -0.074213268895366877
leaf_weight=20 22 38 28 38 27 623 23 31 21 26 228 22 26 33 31 945 29 40 69 25 64 24 24 49 23 301 20 22 43 24
leaf_count=20 22 38 28 38 27 623 23 31 21 26 228 22 26 33 31 945 29 40 69 25 64 24 24 49 23 301 20 22 43 24
internal_value=0.000324316 0.034237 0.0684727 0.109094 -0.00116892 0.00393296 0.00498847 0.0101341 0.0655156 0.00797171 -0.0128209 -0.0375422 -0.0947094 0.000429641 -0.0103903 -0.0123916 -0.00759103 -0.0326039 0.00639358 -0.0111988 0.000277546 -0.0351736 -0.0837021 0.0284777 0.0527726 0.0111335 0.00275112 -0.0646809 0.0279024 -0.0019234
internal_weight=2939 124 86 58 2815 1812 1790 1389 52 1337 401 140 48 261 1003 972 92 63 1311 278 253 112 48 141 92 1033 689 66 344 46
internal_count=2939 124 86 58 2815 1812 1790 1389 52 1337 401 140 48 261 1003 972 92 63 1311 278 253 112 48 141 92 1033 689 66 344 46
is_linear=0
shrinkage=0.05


Tree=199
num_leaves=31
num_cat=0
split_feature=29 7 31 14 27 31 5 6 8 31 2 15 5 5 27 2 5 27 14 2 27 7 27 2 14 27 27 2 7 2
split_gain=53.8135 118.804 107.831 55.4991 53.8433 47.8198 72.1715 66.412 71.4033 62.3196 140.866 116.69 143.02 116.369 193.354 64.4361 83.7986 149.5 71.2854 52.4995 53.6649 126.74 170.556 98.6431 49.6618 45.3784 75.1066 117.939 59.0092 53.9106
threshold=1.0000000180025095e-35 864.50000000000011 29.500000000000004 0.33025769230769236 61.500000000000007 43.500000000000007 0.069711538461538478 0.13942307692307696 69.500000000000014 36.500000000000007 0.61965721845626842 12.165252468511499 0.62019230769230782 0.37980769230769235 64.000000000000014 0.58741638064384472 0.37171052631578955 57.500000000000007 0.089615384615384638 0.61558911204338085 56.000000000000007 9338.0000000000018 61.500000000000007 0.59708714485168468 -0.23461538461538459 79.500000000000014 68.500000000000014 0.62382772564888012 3982.5000000000005 0.63492590188980114
decision_type=2 2 2 2 2 2 2 2 2 2 2 2 2 2 2 2 2 2 2 2 2 2 2 2 2 2 2 2 2 2
left_child=1 2 -1 4 -4 9 -7 8 -8 -2 15 12 13 14 -12 18 17 -17 -11 20 23 22 -22 -18 -9 26 29 -28 -27 -10
right_child=5 -3 3 -5 -6 6 7 24 25 10 11 -13 -14 -15 -16 16 19 -19 -20 -21 21 -23 -24 -25 -26 28 27 -29 -30 -31
leaf_value=0.15754074920533281 -0.0014338325474513474 -0.04093991098461032 -0.05557014141147492 0.099615496026342787 0.056096882108263496 -0.097246395612691897 0.06710631502989195 -0.123345564030358 -0.020358012686776984 -0.0096149248715063831 0.18157917283683186 -0.03892906888234661 -0.039509346905876604 0.1801600334521766 0.013476741527398282 -0.0060514901492070231 0.052327587419770297 -0.14802605357997092 0.12345754379656777 -0.040772762172274969 0.21426420075383354 -0.043010788681495243 0.010191520158713463 -0.091823042766742802 -0.015602466868599077 -0.0095592815724327759 0.14310123273240985 0.0095760677686786561 -0.10803278212350204 0.008302105196834695
leaf_weight=23 1382 38 22 20 21 23 33 21 476 20 25 26 22 32 54 59 27 27 20 36 20 20 21 21 22 39 20 94 25 250
leaf_count=23 1382 38 22 20 21 23 33 21 476 20 25 26 22 32 54 59 27 27 20 36 20 20 21 21 22 39 20 94 25 250
internal_value=0.000307772 0.0325318 0.065064 0.0310272 -0.00091545 -0.00111102 -0.00987102 -0.00780556 -0.00500781 0.00373544 0.0203574 0.0577037 0.076647 0.0997288 0.0668992 -0.00154911 -0.0117187 -0.0508031 0.0569386 0.0114469 0.0287612 0.0598565 0.11014 -0.0106941 -0.0685013 -0.00765296 -0.00455142 0.0331502 -0.048212 -0.0104822
internal_weight=2939 124 86 63 43 2815 1003 980 937 1812 430 159 133 111 79 271 231 86 40 145 109 61 41 48 43 904 840 114 64 726
internal_count=2939 124 86 63 43 2815 1003 980 937 1812 430 159 133 111 79 271 231 86 40 145 109 61 41 48 43 904 840 114 64 726
is_linear=0
shrinkage=0.05


Tree=200
num_leaves=31
num_cat=0
split_feature=35 31 5 29 31 16 5 8 2 6 7 7 29 2 27 31 29 27 7 31 7 31 7 31 27 8 20 5 15 29
split_gain=135.002 54.3723 55.0019 88.7309 87.0265 90.0139 93.6031 84.729 77.791 140.793 75.101 69.2425 153.648 63.8734 69.1677 62.0398 122.768 58.6638 52.6471 52.4367 79.3675 47.4073 72.2948 52.2668 97.7005 51.4062 103.091 44.9067 62.7702 53.4679
threshold=11.500000000000002 86.500000000000014 0.37171052631578955 5.5000000000000009 51.500000000000007 256250.00000000003 0.19901315789473686 742.50000000000011 0.66240668296813976 0.091093117408906896 2899.5000000000005 841.50000000000011 1.5000000000000002 0.65241101384162914 66.500000000000014 49.500000000000007 2.5000000000000004 61.500000000000007 539.00000000000011 66.500000000000014 6656.0000000000009 45.500000000000007 10573.000000000002 41.500000000000007 57.500000000000007 1052.5000000000002 1.0000000180025095e-35 0.59716599190283415 12.426713935974822 4.5000000000000009
decision_type=2 2 2 2 2 2 2 2 2 2 2 2 2 2 2 2 2 2 2 2 2 2 2 2 2 2 2 2 2 2
left_child=1 2 3 4 8 6 7 18 13 11 -4 12 -10 15 -15 21 -17 -8 -6 27 -21 22 23 25 -25 -1 -27 29 -29 -12
right_child=-2 -3 10 -5 5 -7 17 -9 9 -11 19 -13 -14 14 -16 16 -18 -19 -20 20 -22 -23 -24 24 -26 26 -28 28 -30 -31
leaf_value=0.0065932749976035446 -0.11025695050774464 0.083814622661960658 -0.080695040955721775 0.095252883024641744 0.086438725205759209 -0.041300520426917287 -0.0085059366449608941 0.01687687273578815 -0.0088859629414953147 0.069366581323042881 0.0024583710540794492 -0.013214674252762269 -0.15738600194454194 0.002443821010363363 0.094365367808191158 -0.12570146145745839 0.015908694793695739 0.062094894943836923 0.19284780429518639 -0.00095590971792932722 -0.12195328114578474 0.052234940425333734 -0.071724929852213501 0.026423987904037549 -0.099881339054015666 0.12965684427445631 -0.022228445750267351 0.027598453967762556 -0.059298490241847246 -0.018968589315050327
leaf_weight=551 27 20 32 29 29 33 71 25 33 28 801 57 37 41 41 27 35 50 20 33 23 52 31 30 31 25 20 205 23 457
leaf_count=551 27 20 32 29 29 33 71 25 33 28 801 57 37 41 41 27 35 50 20 33 23 52 31 30 31 25 20 205 23 457
internal_value=0.000818139 0.00186137 0.00128563 0.00891478 0.00692731 0.0348941 0.0478288 0.0921082 0.000782636 -0.031873 -0.00499305 -0.0542699 -0.0875627 0.00651707 0.0485245 0.0022103 -0.0457828 0.0206539 0.130277 -0.00341369 -0.0508692 0.00624375 0.00275331 0.0062855 -0.0377406 0.0108055 0.0621418 -0.00161866 0.0187885 -0.00532242
internal_weight=2917 2890 2870 1296 1267 228 195 74 1039 155 1574 127 70 884 82 802 62 121 49 1542 56 740 688 657 61 596 45 1486 228 1258
internal_count=2917 2890 2870 1296 1267 228 195 74 1039 155 1574 127 70 884 82 802 62 121 49 1542 56 740 688 657 61 596 45 1486 228 1258
is_linear=0
shrinkage=0.05


Tree=201
num_leaves=31
num_cat=0
split_feature=35 5 29 7 2 2 2 33 2 5 35 6 7 14 5 2 5 35 7 2 30 35 35 5 5 14 15 35 35 15
split_gain=121.887 42.9962 80.0162 69.6896 60.1888 77.8026 235.898 90.892 111.78 220.656 70.1491 112.06 89.9234 150.353 64.1308 166.411 67.2945 64.1289 71.016 62.3878 58.5 54.2696 48.4885 44.7226 83.6413 74.6771 72.0324 82.6017 82.2599 70.3314
threshold=11.500000000000002 0.37171052631578955 5.5000000000000009 2899.5000000000005 0.66240668296813976 0.63260895013809215 0.635846108198166 1.0000000180025095e-35 0.61802709102630626 0.24038461538461542 7.5000000000000009 0.091093117408906896 841.50000000000011 0.023076923076923082 0.22064777327935226 0.65241101384162914 0.17269736842105265 5.5000000000000009 8759.0000000000018 0.62617102265357982 1.0000000180025095e-35 4.5000000000000009 6.5000000000000009 0.28542510121457493 0.34210526315789475 0.11923076923076925 11.65653995194806 5.5000000000000009 4.5000000000000009 11.955702333648526
decision_type=2 2 2 2 2 2 2 2 2 2 2 2 2 2 2 2 2 2 2 2 2 2 2 2 2 2 2 2 2 2
left_child=1 2 4 -3 5 7 -7 19 9 -9 11 12 13 -6 15 21 -17 18 -11 23 -12 -8 -16 26 25 29 28 -28 -1 -25
right_child=-2 3 -4 -5 10 6 14 8 -10 17 20 -13 -14 -15 22 16 -18 -19 -20 -21 -22 -23 -24 24 -26 -27 27 -29 -30 -31
leaf_value=0.10900676823734246 -0.10476444462568557 -0.07667285660252765 0.090506605256054418 -0.0022377142739545531 -0.17029455685903661 0.16837025000057682 -0.0022497900300643765 -0.19191011868695501 0.04401632204354658 0.082705651088807383 0.092949023688574439 0.064599213690509069 -0.0084733435442528419 -0.020334667596649217 0.028874588681887709 0.096804823024379316 -0.011276015200656214 -0.074875181792681086 -0.037048131674262977 -0.055767155927113538 -0.014875806518590327 -0.088834725540139423 0.10778292474410345 -0.021498344940118427 0.065538039132268244 0.019281438222298258 -0.0082555133063629722 0.046446646449457923 0.0080662676953097701 -0.11817596029196537
leaf_weight=48 27 32 29 1558 33 29 30 24 35 22 22 23 56 34 104 38 23 32 28 33 29 46 24 87 38 87 172 115 35 24
leaf_count=48 27 32 29 1558 33 29 30 24 35 22 22 23 56 34 104 38 23 32 28 33 29 46 24 87 38 87 172 115 35 24
internal_value=0.000777272 0.00176862 0.00851417 -0.00374365 0.00663247 0.0112955 0.0332124 0.00302493 -0.0332871 -0.0588764 -0.0187569 -0.0364016 -0.0553657 -0.0944137 0.0183448 -0.00539906 0.0560194 -0.0196925 0.0156036 0.0110492 0.0316299 -0.05477 0.0437815 0.0147046 -0.0022835 -0.0153515 0.0255514 0.0136546 0.0665626 -0.0425342
internal_weight=2917 2890 1300 1590 1271 1074 294 780 141 106 197 146 123 67 265 137 61 82 50 639 51 76 128 606 236 198 370 287 83 111
internal_count=2917 2890 1300 1590 1271 1074 294 780 141 106 197 146 123 67 265 137 61 82 50 639 51 76 128 606 236 198 370 287 83 111
is_linear=0
shrinkage=0.05


Tree=202
num_leaves=31
num_cat=0
split_feature=35 31 5 31 16 5 8 2 6 2 2 8 33 14 2 24 27 2 8 16 35 27 27 27 2 27 2 31 2 27
split_gain=110.045 48.7388 45.2052 63.1277 79.4691 81.8706 74.7556 66.3267 114.769 63.8821 129.49 109.793 99.9261 136.796 69.2029 62.012 60.077 59.0049 69.9139 72.4748 85.5098 230.463 58.5235 113.787 99.257 177.697 73.0516 52.7698 51.1553 126.94
threshold=11.500000000000002 86.500000000000014 0.37171052631578955 51.500000000000007 256250.00000000003 0.19901315789473686 742.50000000000011 0.66240668296813976 0.091093117408906896 0.61689087748527538 0.61503946781158458 1077.0000000000002 1.0000000180025095e-35 0.32423076923076927 0.60829156637191784 1.0000000180025095e-35 64.000000000000014 0.6597372591495515 73.500000000000014 265250.00000000006 5.5000000000000009 61.500000000000007 57.500000000000007 61.500000000000007 0.63589826226234447 77.000000000000014 0.64362648129463207 25.500000000000004 0.59215146303176891 50.500000000000007
decision_type=2 2 2 2 2 2 2 2 2 2 2 2 2 2 2 2 2 2 2 2 2 2 2 2 2 2 2 2 2 2
left_child=1 2 3 7 5 6 -5 9 -9 10 12 15 14 -14 28 17 -16 18 -11 20 22 -22 27 -24 25 -25 -26 -20 -1 -30
right_child=-2 -3 -4 4 -6 -7 -8 8 -10 11 -12 -13 13 -15 16 -17 -18 -19 19 -21 21 -23 23 24 26 -27 -28 -29 29 -31
leaf_value=0.039590660546567041 -0.099545557384561348 0.079271650195714846 -0.004556979846462546 0.12123710409626215 -0.039836136187536481 0.018763506330192622 0.014713717642355252 -0.047829225281935901 0.056494499241027223 -0.0800178954200777 -0.12800560363786137 0.1314590995937451 -0.11640604312157693 0.0094706771519662437 0.021382011466851408 0.098063959646548626 0.11509083534738673 0.082640210794786687 0.093917819780617182 -0.064482893691368379 0.19641936856172817 -0.0057884368374737354 -0.1200625072372445 0.14575077340977402 -0.11878538775206798 -0.038701011106314784 0.003436128955657842 0.011447934556197156 0.025012875456015906 -0.046192395492795163
leaf_weight=71 27 20 1574 49 33 123 25 129 33 22 20 22 39 48 47 22 27 27 27 28 23 36 22 26 20 26 31 69 133 118
leaf_count=71 27 20 1574 49 33 123 25 129 33 22 20 22 39 48 47 22 27 27 27 28 23 36 22 26 20 26 31 69 133 118
internal_value=0.000738095 0.00168014 0.00113495 0.00805151 0.0318047 0.043845 0.0853854 0.00291933 -0.0265255 0.00820383 -0.00365535 0.0230892 0.00150881 -0.0469683 0.0121809 0.0167524 0.0557497 0.0117016 0.00585907 0.0120334 0.0197231 0.0731527 0.00540986 -0.0171072 0.00492993 0.0535316 -0.0445347 0.0347682 0.00213843 -0.00844726
internal_weight=2917 2890 2870 1296 230 197 74 1066 162 904 503 401 483 87 396 379 74 357 330 308 280 59 221 125 103 52 51 96 322 251
internal_count=2917 2890 2870 1296 230 197 74 1066 162 904 503 401 483 87 396 379 74 357 330 308 280 59 221 125 103 52 51 96 322 251
is_linear=0
shrinkage=0.05


Tree=203
num_leaves=31
num_cat=0
split_feature=31 27 16 15 8 18 7 15 18 14 8 30 8 2 2 15 2 2 14 16 27 7 27 27 7 2 15 8 2 2
split_gain=46.2063 296.771 33.2165 35.5273 67.0906 59.2945 118 114.1 110.07 104.481 75.0023 70.1778 83.2573 51.6157 82.9598 51.1172 49.0269 49.0802 48.8959 45.0841 47.7258 45.2764 68.9233 105.238 107.081 92.1946 117.014 129.72 94.328 102.615
threshold=76.500000000000014 61.500000000000007 426000.00000000006 12.28187957258581 65.500000000000014 128100.00000000001 536.50000000000011 11.65653995194806 122292.50000000001 -0.035230769230769225 76.500000000000014 1.5000000000000002 1503.0000000000002 0.6394614875316621 0.62040513753891002 11.881410577297641 0.58632463216781627 0.61528077721595775 0.52269230769230779 249675.00000000003 50.500000000000007 5373.0000000000009 57.500000000000007 47.000000000000007 9338.0000000000018 0.67043229937553417 12.191090970656875 1023.5000000000001 0.64410844445228588 0.65347799658775341
decision_type=2 2 2 2 2 2 2 2 2 2 2 2 2 2 2 2 2 2 2 2 2 2 2 2 2 2 2 2 2 2
left_child=2 -2 3 4 -1 6 7 -6 10 -10 -8 15 -13 14 16 -7 -5 -18 -15 21 -21 -17 23 -23 -25 26 28 -28 -24 -30
right_child=1 -3 -4 13 5 11 8 -9 9 -11 -12 12 -14 18 -16 19 17 -19 -20 20 -22 22 25 24 -26 -27 27 -29 29 -31
leaf_value=0.094336185348567678 0.10184003376026651 -0.14623227412518475 0.064042825529007544 -0.089947099342423287 -0.15414772605990984 -0.058759410816804948 0.093068928187249475 0.0056755102058844778 -0.15451479409378849 -0.013799606146589148 0.00022131823480594067 0.10467410869100031 -0.011796271825727091 -0.10356923269994585 0.054586826947220612 0.028932941249208477 -0.0020380940700742527 -0.078417318259482782 -0.019947882345366381 0 0.10176332013069814 -0.0020387121848542389 -0.018444785880379674 0.03293671984705325 0.16187542654326742 -0.10767787343477347 -0.14481542433173591 0.0086612154569091476 0.14253440073172971 0.017660846102256014
leaf_weight=20 20 30 21 20 25 27 22 20 22 33 1384 42 24 27 51 195 237 23 50 20 27 196 124 69 21 25 29 26 22 65
leaf_count=20 20 30 21 20 25 27 22 20 22 33 1384 42 24 27 51 195 237 23 50 20 27 196 124 69 21 25 29 26 22 65
internal_value=0.00070214 -0.0468983 0.00153564 0.00107042 0.00335747 0.00259902 -0.00349142 -0.0831492 -0.00102895 -0.0703547 0.0016842 0.012661 0.0622918 -0.0125811 -0.00398134 0.0087763 -0.0146826 -0.00884149 -0.0494308 0.0110158 0.0585252 0.00810966 0.00105988 0.018496 0.0632242 -0.01606 -0.00739323 -0.072288 0.00952503 0.0494229
internal_weight=2917 50 2867 2846 2438 2418 1506 45 1461 55 1406 912 66 408 331 846 280 260 77 819 47 772 577 286 90 291 266 55 211 87
internal_count=2917 50 2867 2846 2438 2418 1506 45 1461 55 1406 912 66 408 331 846 280 260 77 819 47 772 577 286 90 291 266 55 211 87
is_linear=0
shrinkage=0.05


Tree=204
num_leaves=31
num_cat=0
split_feature=27 31 27 14 11 14 14 6 2 5 5 27 2 5 15 2 15 14 31 27 2 2 30 14 2 27 27 2 2 27
split_gain=43.9197 121.474 66.943 77.5721 60.7089 51.3587 49.5158 58.8844 47.0892 74.4996 82.615 61.5938 59.8054 51.0666 43.6585 58.1498 56.6321 43.0307 41.6647 38.6706 117.81 59.1821 53.4824 119.31 64.4789 54.8022 37.0667 96.3344 226.203 129.185
threshold=77.000000000000014 57.500000000000007 74.500000000000014 -0.41307692307692301 1.0000000180025095e-35 -0.35269230769230764 -0.2906999999999999 0.057565789473684216 0.68051502108573925 0.17269736842105265 0.22064777327935226 79.500000000000014 0.62313979864120495 0.37980769230769235 12.191090970656875 0.63783514499664318 12.022747621535084 -0.27615384615384614 33.500000000000007 69.500000000000014 0.62927025556564342 0.66068890690803539 1.5000000000000002 -0.079749999999999988 0.613020420074463 61.500000000000007 57.500000000000007 0.63353851437568676 0.63783514499664318 54.000000000000007
decision_type=2 2 2 2 2 2 2 2 2 2 2 2 2 2 2 2 2 2 2 2 2 2 2 2 2 2 2 2 2 2
left_child=2 8 3 -1 -4 -5 7 -7 9 -2 -11 -10 18 -13 15 -14 -17 -8 -12 22 -21 -22 26 -24 -25 -26 27 -19 -29 -30
right_child=1 -3 4 5 -6 6 17 -9 11 10 12 13 14 -15 -16 16 -18 19 -20 20 21 -23 23 24 25 -27 -28 28 29 -31
leaf_value=0.093090320162442855 0.083810101039856075 -0.1104102990556001 -0.0035847778488968724 -0.051826882150908006 0.087563361974259901 0.00061309755847011645 -0.057493768179627473 0.10539046884532943 -0.10484007587834793 -0.10127499733490966 0.0080305183641755269 0.032644594494010158 -0.034808672589083947 -0.070947882357002487 -0.071060338539193829 0.0022623402016313707 0.080133155216313756 -0.00038304287014358565 0.10057153980453293 0.068076347626781011 -0.12188829679400048 -0.019746380691061313 -0.020908246017627405 0.0027639867146433245 0.051492699560288069 0.15596239465629044 -0.0058845580208006345 0.1850454019197138 -0.017123186588675048 0.064173201554560452
leaf_weight=23 25 30 31 45 44 29 31 25 26 21 26 29 88 20 25 139 28 795 23 21 28 29 55 21 24 27 989 23 108 89
leaf_count=23 25 30 31 45 44 29 31 25 26 21 26 29 88 20 25 139 28 795 23 21 28 29 55 21 24 27 989 23 108 89
internal_value=0.000666766 -0.0131536 0.00339136 0.00191145 0.0498676 0.00100878 0.00204962 0.0493187 -0.00663567 0.000588389 -0.00536398 -0.0427752 0.000771722 -0.0095946 -0.00813576 -0.00192164 0.0153886 0.000905716 0.0516863 0.00173009 -0.0328204 -0.0701345 0.00299856 0.0344519 0.0767805 0.107095 0.00100114 0.00771531 0.0369894 0.0195932
internal_weight=2917 480 2437 2362 75 2339 2294 54 450 375 350 75 329 49 280 255 167 2240 49 2209 78 57 2131 127 72 51 2004 1015 220 197
internal_count=2917 480 2437 2362 75 2339 2294 54 450 375 350 75 329 49 280 255 167 2240 49 2209 78 57 2131 127 72 51 2004 1015 220 197
is_linear=0
shrinkage=0.05


Tree=205
num_leaves=31
num_cat=0
split_feature=7 7 8 10 14 27 8 8 2 31 2 6 2 2 2 2 2 2 27 6 15 2 7 27 31 31 14 15 6 5
split_gain=64.7059 95.3575 82.6944 57.2748 49.0869 65.1159 253.19 161.913 106.75 92.0071 66.3354 85.8393 74.9416 67.0041 54.532 47.5043 74.3387 58.5435 47.4389 47.0745 112.975 45.1016 97.8328 61.3196 39.3048 36.9483 61.8545 119.772 53.7431 70.4707
threshold=4363.5000000000009 4149.0000000000009 661.00000000000011 1.0000000180025095e-35 -0.30384615384615382 47.000000000000007 72.500000000000014 68.500000000000014 0.63454651832580578 20.500000000000004 0.62960797548294078 1.0000000180025095e-35 0.62591281533241283 0.65325996279716503 0.61689087748527538 0.61528077721595775 0.60593992471694957 0.62682512402534496 56.000000000000007 0.13942307692307696 11.62446938389135 0.65681865811347973 1024.0000000000002 67.500000000000014 86.500000000000014 28.500000000000004 0.52269230769230779 12.260784772405461 1.0000000180025095e-35 0.37980769230769235
decision_type=2 2 2 2 2 2 2 2 2 2 2 2 2 2 2 2 2 2 2 2 2 2 2 2 2 2 2 2 2 2
left_child=1 4 15 -3 -1 6 -6 -7 -8 -9 12 13 14 -12 -11 16 18 -17 -2 24 -21 22 -13 -24 25 26 27 28 -4 -30
right_child=2 3 19 -5 5 7 8 9 -10 10 11 21 -14 -15 -16 17 -18 -19 -20 20 -22 -23 23 -25 -26 -27 -28 -29 29 -31
leaf_value=-0.062275905429325873 -0.0042274832827938376 -0.032869730118023917 0.0027465169738553341 -0.14523688825950803 0.16428573940848484 -0.11226493973342128 -0.051568783881865234 -0.087694982399821653 0.055934587450361631 -0.045607978485297629 0.091197422576023493 -0.11929857323180029 -0.097011526763928768 -0.013241178093992207 0.04636298917822821 0.13196050856447866 -0.059408134917601441 0.037639162274649578 0.085963487563673988 0.02155541434142105 -0.1389068347434351 0.014240154958541675 0.06208373504093443 -0.034672037632186792 0.064271398525515042 -0.0041588196215459131 -0.025433074831032233 0.13225891535840423 0.12308793736124468 0.022939842716971443
leaf_weight=42 29 25 327 21 26 39 61 32 37 36 50 23 33 22 29 22 27 66 29 24 20 150 25 47 24 1451 96 22 22 87
leaf_count=42 29 25 327 21 26 39 61 32 37 36 50 23 33 22 29 22 27 66 29 24 20 150 25 47 24 1451 96 22 22 87
internal_value=-0.00167079 -0.0149675 0.00245976 -0.08448 -0.0100434 -0.00642927 0.0258838 -0.0146877 -0.0109142 -0.00613982 0.000156332 0.0112843 -0.0357632 0.0592422 -0.00448979 0.0356605 0.00891372 0.0613993 0.0408523 -0.00031015 -0.0514182 -0.00280743 -0.0297639 -0.000967423 0.000798172 3.27314e-05 0.0110188 0.0186741 0.0129023 0.0432933
internal_weight=2944 698 2246 46 652 610 124 486 98 447 415 317 98 72 65 173 85 88 58 2073 44 245 95 72 2029 2005 554 458 436 109
internal_count=2944 698 2246 46 652 610 124 486 98 447 415 317 98 72 65 173 85 88 58 2073 44 245 95 72 2029 2005 554 458 436 109
is_linear=0
shrinkage=0.05


Tree=206
num_leaves=31
num_cat=0
split_feature=6 35 27 8 7 7 8 29 27 27 27 35 7 8 27 35 18 2 2 2 2 30 29 7 6 27 27 29 27 34
split_gain=59.3594 115.568 192.1 60.9377 35.3612 98.028 83.8211 72.1172 81.5664 64.0041 102.751 48.785 41.6374 67.7662 174.64 53.2001 76.7974 45.9185 121.924 148.462 56.3126 67.0573 156.594 90.9513 53.6114 121.823 48.904 46.5384 99.3546 66.2961
threshold=0.13942307692307696 6.5000000000000009 71.500000000000014 67.500000000000014 4363.5000000000009 4149.0000000000009 662.50000000000011 2.5000000000000004 54.000000000000007 56.000000000000007 64.000000000000014 10.500000000000002 6858.5000000000009 950.00000000000011 50.500000000000007 7.5000000000000009 112900.00000000001 0.6562495529651643 0.64857995510101329 0.64410844445228588 0.61597841978073131 1.0000000180025095e-35 4.5000000000000009 5996.5000000000009 0.069711538461538478 66.500000000000014 64.000000000000014 2.5000000000000004 50.500000000000007 1.0000000180025095e-35
decision_type=2 2 2 2 2 2 2 2 2 2 2 2 2 2 2 2 2 2 2 2 2 2 2 2 2 2 2 2 2 2
left_child=3 -2 -3 -1 5 -5 7 8 -6 -9 -11 12 13 15 -15 17 -17 18 19 20 24 26 23 -23 25 27 -22 29 -29 -8
right_child=1 2 -4 4 6 -7 11 9 -10 10 -12 -13 -14 14 -16 16 -18 -19 -20 -21 21 22 -24 -25 -26 -27 -28 28 -30 -31
leaf_value=-0.073706842391516383 0.020747816070192562 0.005995279283665899 -0.21261297535540452 -0.0045901960363102165 0.047454555870490869 -0.080280754425908388 0.076471187367111518 -0.010743439584652301 -0.076354960218014842 0.14368629730664767 0.037566984994914641 0.063547213944881858 0.0046401494643490753 0.019757579683087112 -0.17120138099290669 -0.12641937492583033 -0.014599145105966544 0.04165271649205643 -0.09840443197108828 0.12739148181757776 0.036738803204457472 -0.17671022604312406 0.028568259284044002 -0.043917266603010104 -0.068331061367175025 0.085413476503065314 -0.041869699203373745 0.0094492838910840982 -0.086536185381158343 -0.011657123572514682
leaf_weight=28 35 20 20 597 27 46 37 28 26 35 66 30 1305 26 22 21 57 57 33 22 47 27 31 25 21 49 34 82 40 50
leaf_count=28 35 20 20 597 27 46 37 28 26 35 66 30 1305 26 22 21 57 57 33 22 47 27 31 25 21 49 34 82 40 50
internal_value=-0.00158721 -0.0454696 -0.103442 -0.000436774 0.000286161 -0.0100245 0.00330502 0.0357926 -0.0132174 0.0559619 0.0744962 0.000368003 -0.000586999 -0.0106103 -0.0678353 -0.00625307 -0.0448919 -0.000806631 -0.00568386 0.000905301 -0.00539223 -0.0286414 -0.0602009 -0.11317 0.00826141 0.0145391 0.00367005 -0.00208635 -0.0220255 0.0258101
internal_weight=2944 75 40 2869 2841 643 2198 182 53 129 101 2016 1986 681 48 633 78 555 498 465 443 164 83 52 279 258 81 209 122 87
internal_count=2944 75 40 2869 2841 643 2198 182 53 129 101 2016 1986 681 48 633 78 555 498 465 443 164 83 52 279 258 81 209 122 87
is_linear=0
shrinkage=0.05


Tree=207
num_leaves=31
num_cat=0
split_feature=6 31 5 5 29 27 27 31 31 5 31 27 2 31 15 2 29 27 5 5 2 5 5 5 15 2 31 27 31 31
split_gain=53.5841 125.067 25.549 100.423 106.356 54.2133 97.56 100.274 125.465 103.722 105.249 185.92 242.385 118.432 88.4855 78.6914 149.974 75.7381 73.4198 76.4412 71.0758 117.473 124.211 64.8022 61.5046 60.2689 56.4979 67.9096 52.9423 242.199
threshold=0.13942307692307696 47.500000000000007 0.40283400809716602 0.37980769230769235 5.5000000000000009 50.500000000000007 65.500000000000014 23.500000000000004 29.500000000000004 0.069711538461538478 48.500000000000007 61.500000000000007 0.59215146303176891 35.500000000000007 11.680414148865188 0.64306223392486583 2.5000000000000004 57.500000000000007 1.0000000180025095e-35 0.069711538461538478 0.63454651832580578 0.19901315789473686 0.15587044534412958 0.22064777327935226 11.857227206788016 0.64425683021545421 65.500000000000014 67.500000000000014 48.500000000000007 46.500000000000007
decision_type=2 2 2 2 2 2 2 2 2 2 2 2 2 2 2 2 2 2 2 2 2 2 2 2 2 2 2 2 2 2
left_child=2 -2 3 4 5 18 7 -7 17 24 11 12 -11 -14 -12 16 -15 -9 -1 -20 -21 22 -22 -19 -10 -23 27 -8 29 -29
right_child=1 -3 -4 -5 -6 6 26 8 9 10 14 -13 13 15 -16 -17 -18 23 19 20 21 25 -24 -25 -26 -27 -28 28 -30 -31
leaf_value=0.10287770686754538 0.015500024606421626 -0.11397388786339691 0.0050599490587023696 -0.05580563123496074 0.10057656709178985 0.032002330181487321 0.093898034459864929 -0.15010773058744356 0.11102210520568052 0.15700763506018769 -0.14892218270176671 -0.13779454488477272 -0.08564526693954376 0.15464795503006165 -0.044803403299326347 -0.06722985495678821 -0.0099769172525762621 0.011574887096612162 -0.08344495082314396 0.0010922376894135061 0.032211314503890108 0.045797441217053932 0.19959883334773099 -0.10468687064574596 -0.0082324131075882795 -0.068825568548310984 -0.077269880076990788 0.0065819781726633251 0.035488858501230951 -0.15166668626997207
leaf_weight=20 41 34 1222 90 25 62 22 33 21 24 28 24 41 21 76 20 40 22 23 438 25 25 20 26 22 21 20 328 104 26
leaf_count=20 41 34 1222 90 25 62 22 33 21 24 28 24 41 21 76 20 40 22 23 438 25 25 20 26 22 21 20 328 104 26
internal_value=-0.00150879 -0.0432018 -0.000415655 -0.0044814 -0.00150808 -0.00318367 -0.010446 -0.027063 -0.0362824 -0.0220559 -0.0333986 -0.0091141 0.0120845 -0.0164893 -0.0729995 0.0185164 0.0467757 -0.0918013 0.00899582 0.00556723 0.00946181 0.0496458 0.106994 -0.051383 0.0500146 -0.00645778 0.00483395 0.00828074 0.0041376 -0.00506623
internal_weight=2944 75 2869 1647 1557 1532 960 460 398 317 274 170 146 122 104 81 61 81 572 552 529 91 45 48 43 46 500 480 458 354
internal_count=2944 75 2869 1647 1557 1532 960 460 398 317 274 170 146 122 104 81 61 81 572 552 529 91 45 48 43 46 500 480 458 354
is_linear=0
shrinkage=0.05


Tree=208
num_leaves=31
num_cat=0
split_feature=8 31 31 27 7 7 27 30 8 14 2 2 29 14 15 2 14 2 27 27 29 18 31 2 27 7 7 8 2 33
split_gain=53.792 34.7176 50.9981 110.262 98.5567 131.127 83.9093 85.7063 48.683 63.5809 114.107 187.196 103.85 57.5873 79.3083 50.7845 154.55 119.286 50.6822 109.715 126.314 116.416 48.2848 82.9317 87.8946 47.0073 45.8711 69.5856 57.591 116.716
threshold=67.500000000000014 48.500000000000007 41.500000000000007 79.500000000000014 6411.5000000000009 4583.5000000000009 68.500000000000014 1.5000000000000002 1046.5000000000002 -0.014615384615384615 0.71547985076904308 0.60786306858062755 3.5000000000000004 0.14492307692307696 12.181784551011429 0.64988660812377941 0.12384615384615387 0.63353851437568676 56.000000000000007 61.500000000000007 4.5000000000000009 93081.000000000015 64.500000000000014 0.61558911204338085 75.500000000000014 3744.0000000000005 4363.5000000000009 115.00000000000001 0.66240668296813976 1.0000000180025095e-35
decision_type=2 2 2 2 2 2 2 2 2 2 2 2 2 2 2 2 2 2 2 2 2 2 2 2 2 2 2 2 2 2
left_child=-1 2 26 4 5 -4 7 -6 9 10 11 -3 -13 18 -15 17 -17 22 -10 -20 -21 -22 23 -11 -25 -19 27 28 -2 -30
right_child=1 8 3 -5 6 -7 -8 -9 13 15 -12 12 -14 14 -16 16 -18 25 19 20 21 -23 -24 24 -26 -27 -28 -29 29 -31
leaf_value=-0.070283803958909791 0.039261739427283615 0.016360151079033134 0.035446874351304267 -0.074541791930436266 0.0079873479415512507 0.15948620693160162 0.091286067707442686 -0.092471397875255559 -0.016846149439956371 -0.0035400008803414952 0.033768555320000053 -0.21503546005007868 -0.062750654345128068 -0.098475153529775983 -0.001095779143864376 -0.15113488278231929 0.0044920739126559786 0.10764743612530443 0.11336648936709788 0.073359515398073102 -0.093243882794789679 0.038692308759909734 0.021184161409830593 -0.12948045292141222 -0.0093314991828582303 0.024935928522113789 0.0034107712316059483 -0.029817789469428976 0.041893074202361581 -0.11102014120781059
leaf_weight=28 84 27 101 29 178 27 26 24 65 81 26 26 20 27 92 24 47 24 35 49 36 31 47 37 26 61 1336 280 27 23
leaf_count=28 84 27 101 29 178 27 26 24 65 81 26 26 20 27 92 24 47 24 35 49 36 31 47 37 26 61 1336 280 27 23
internal_value=-0.00143352 -0.000768306 0.0025296 0.0190032 0.0266563 0.0617545 0.00691167 -0.00396345 -0.00978929 -0.0206086 -0.0559434 -0.0879665 -0.149213 0.00460179 -0.0232964 -0.0104998 -0.0481825 -0.000774026 0.0199984 0.0358924 0.012396 -0.0321576 -0.022719 -0.0370879 -0.0800678 0.0484476 -0.00109261 -0.0156347 0.0139646 -0.0284284
internal_weight=2944 2916 2135 385 356 128 228 202 781 446 99 73 46 335 119 347 71 276 216 151 116 67 191 144 63 85 1750 414 134 50
internal_count=2944 2916 2135 385 356 128 228 202 781 446 99 73 46 335 119 347 71 276 216 151 116 67 191 144 63 85 1750 414 134 50
is_linear=0
shrinkage=0.05


Tree=209
num_leaves=31
num_cat=0
split_feature=8 6 35 27 16 14 14 35 14 27 2 5 5 8 27 27 5 34 27 27 11 15 16 16 2 2 27 2 8 14
split_gain=48.5651 47.8401 91.1925 167.919 32.6112 30.0709 42.4303 73.145 61.5741 56.4284 72.2673 46.1605 76.1322 38.9873 32.9422 131.484 137.505 143.087 136.345 124.342 96.1407 82.3777 85.163 56.5649 50.4852 110.375 141.253 71.3206 85.9972 75.4178
threshold=67.500000000000014 0.13942307692307696 6.5000000000000009 71.500000000000014 434500.00000000006 0.58769230769230785 0.33938461538461545 5.5000000000000009 0.33244230769230776 57.500000000000007 0.63031327724456798 0.31414473684210531 0.51315789473684215 795.00000000000011 65.500000000000014 61.500000000000007 0.48684210526315791 1.0000000180025095e-35 64.000000000000014 67.500000000000014 1.0000000180025095e-35 12.142072503961316 265650.00000000006 159161.00000000003 0.61438539624214183 0.61893150210380565 56.000000000000007 0.60786306858062755 613.50000000000011 1.0000000180025095e-35
decision_type=2 2 2 2 2 2 2 2 2 2 2 2 2 2 2 2 2 2 2 2 2 2 2 2 2 2 2 2 2 2
left_child=-1 4 -3 -4 5 6 8 11 14 -9 -11 -8 -13 -7 15 24 17 23 20 -16 -18 -21 -23 -17 27 26 -26 -2 -29 -30
right_child=1 2 3 -5 -6 13 7 9 -10 10 -12 12 -14 -15 19 16 18 -19 -20 21 -22 22 -24 -25 25 -27 -28 28 29 -31
leaf_value=-0.066782121002355921 -0.001211324815796075 0.018687476695348055 0.010663977591552546 -0.19369635985265324 0.062238911024661142 0.03200447549171228 -0.0042740990441158941 0.026811211540611331 -0.078554065388987265 -0.11573011797310701 0.00035711605649933856 0.11830220596417962 0.015730644175289576 -0.026844174637569818 0.097052855705315216 -0.088763455383820133 -0.017931286401765043 -0.18733060941157215 -0.091441073529834674 5.6240140378803203e-05 0.11287747910761746 0.13108012001827893 0.0017585864611740769 0.0067314793592889366 0.021560696043990329 0.0040494678239305637 0.17973687445382935 -0.12305270858741335 -0.062179925399167196 0.037636576138234207
leaf_weight=28 542 35 20 20 21 33 25 74 25 20 40 42 32 186 37 36 29 26 27 871 27 25 26 27 43 502 21 27 44 33
leaf_count=28 542 35 20 20 21 33 25 74 25 20 40 42 32 186 37 36 29 26 27 871 27 25 26 27 43 502 21 27 44 33
internal_value=-0.00136226 -0.000730107 -0.0401201 -0.0916197 0.000309371 -0.000152224 0.00134446 0.0216991 -0.000657061 -0.00235007 -0.0383836 0.0542704 0.0740955 -0.0179432 0.00017529 -0.00475756 -0.0456545 -0.0887909 0.000591169 0.0072992 0.0451369 0.00368181 0.0653818 -0.047812 0.00104546 0.0119501 0.0737397 -0.0085014 -0.0464082 -0.0193432
internal_weight=2944 2916 75 40 2841 2820 2601 233 2368 134 60 99 74 219 2343 1384 172 89 83 959 56 922 51 63 1212 566 64 646 104 77
internal_count=2944 2916 75 40 2841 2820 2601 233 2368 134 60 99 74 219 2343 1384 172 89 83 959 56 922 51 63 1212 566 64 646 104 77
is_linear=0
shrinkage=0.05


Tree=210
num_leaves=31
num_cat=0
split_feature=16 2 7 18 18 27 18 6 18 27 16 16 27 2 5 8 20 27 27 27 2 5 30 15 16 8 8 27 2 5
split_gain=28.7132 114.426 57.6683 33.6136 113.832 324.222 95.8139 63.8525 36.6607 139.887 75.9418 67.6906 111.276 36.6128 40.5244 69.2105 66.2406 125.024 58.7585 49.0369 39.3246 35.7356 37.6774 79.6348 101.137 59.564 63.8499 58.4174 79.7684 122.456
threshold=335951.50000000006 0.61689087748527538 8110.0000000000009 174120.00000000003 170500.00000000003 67.500000000000014 183500.00000000003 1.0000000180025095e-35 169441.50000000003 56.000000000000007 275092.50000000006 250950.00000000003 61.500000000000007 0.58632463216781627 0.46761133603238875 993.50000000000011 1.0000000180025095e-35 54.000000000000007 67.500000000000014 64.000000000000014 0.60232636332511913 1.0000000180025095e-35 1.0000000180025095e-35 12.085321091471039 223125.00000000003 68.500000000000014 74.500000000000014 71.500000000000014 0.66760164499282848 0.48684210526315791
decision_type=2 2 2 2 2 2 2 2 2 2 2 2 2 2 2 2 2 2 2 2 2 2 2 2 2 2 2 2 2 2
left_child=3 2 -2 4 8 7 -5 -6 10 -10 11 21 -13 -8 16 -16 18 -18 20 -17 -15 -1 27 25 -25 -24 -27 28 -23 -30
right_child=1 -3 -4 6 5 -7 13 -9 9 -11 -12 12 -14 14 15 19 17 -19 -20 -21 -22 22 23 24 -26 26 -28 -29 29 -31
leaf_value=-0.064461134587015426 -0.038335558459201821 -0.13137596194495521 0.055136770703845817 0.080371745979782597 -0.038992101478279466 -0.2151007832085938 -0.061775586115131481 0.06745335813208575 -0.052856360804075478 0.097354051392535224 -0.08233061093849825 0.007587557867781757 0.14662723082363308 -0.046554316964346108 0.088799804399548488 0.044865492803891877 0.013281079781228217 -0.095368950312185452 0.081713288864028011 -0.030560457679419829 0.027079531242935426 -0.0037215097552021417 -0.071444448283249709 -0.12147944542057704 -0.012478919262343761 0.083813946732977554 -0.0041454479289049148 0.031675497800608181 -0.017307122152190487 0.14202370777788006
leaf_weight=23 38 21 29 46 36 24 20 23 26 38 29 51 20 29 36 42 62 46 30 44 48 890 32 34 57 21 924 168 24 24
leaf_count=23 38 21 29 46 36 24 20 23 26 38 29 51 20 29 36 42 62 46 30 44 48 890 32 34 57 21 924 168 24 24
internal_value=-0.00171676 -0.0298313 0.00206997 -0.000844969 -0.00305289 -0.0605701 0.01253 0.00246291 -0.0010263 0.0362658 -0.00206906 -0.001037 0.0469751 0.00375446 0.00767548 0.0306863 -0.00536675 -0.0329949 0.0224777 0.00622673 -0.000612259 -0.00259294 -0.00193316 -0.0086328 -0.0533479 -0.00445778 -0.00217684 0.00453196 -0.000327093 0.062384
internal_weight=2935 88 67 2847 2444 83 403 59 2361 64 2297 2268 71 357 337 122 215 108 107 86 77 2197 2174 1068 91 977 945 1106 938 48
internal_count=2935 88 67 2847 2444 83 403 59 2361 64 2297 2268 71 357 337 122 215 108 107 86 77 2197 2174 1068 91 977 945 1106 938 48
is_linear=0
shrinkage=0.05


Tree=211
num_leaves=31
num_cat=0
split_feature=27 16 1 15 14 14 27 18 6 35 6 7 27 27 7 1 16 2 2 31 27 7 27 2 7 16 16 31 27 14
split_gain=26.5328 26.8875 108.11 70.9864 31.0479 105.644 336.802 84.6525 57.6502 48.0916 91.3144 38.9069 59.6205 43.3046 57.9889 74.6954 49.2975 30.9622 71.4813 26.1313 77.3214 160.945 94.649 71.7072 71.2101 66.5876 57.9906 53.3847 123.119 91.4053
threshold=29.000000000000004 335951.50000000006 1.0000000180025095e-35 12.653815617775557 0.33938461538461545 0.31584615384615389 67.500000000000014 183500.00000000003 1.0000000180025095e-35 11.500000000000002 0.15587044534412958 5800.5000000000009 54.000000000000007 57.500000000000007 7745.5000000000009 1.0000000180025095e-35 240500.00000000003 0.61949598789215099 0.60569688677787792 41.500000000000007 79.500000000000014 3982.5000000000005 68.500000000000014 0.63482424616813671 3982.5000000000005 275092.50000000006 252225.00000000003 44.500000000000007 56.000000000000007 -1.0000000180025095e-35
decision_type=2 2 2 2 2 2 2 2 2 2 2 2 2 2 2 2 2 2 2 2 2 2 2 2 2 2 2 2 2 2
left_child=-1 4 3 -3 5 9 8 -6 -7 10 19 12 -9 16 15 -15 -13 18 -16 25 22 -22 27 -24 -25 26 -2 28 -21 -30
right_child=1 2 -4 -5 7 6 -8 11 -10 -11 -12 13 -14 14 17 -17 -18 -19 -20 20 21 -23 23 24 -26 -27 -28 -29 29 -31
leaf_value=-0.048337840975766558 -0.004318315041126136 -0.11746766117729271 0.050488353187787986 -0.0072251931960072464 0.07636187629786334 -0.037047895968703351 -0.23033577859119214 -0.010759265895013685 0.064095290372898059 0.074652228084220701 -0.1000891272978478 0.072680098516163139 0.1015618602888218 -0.011594407017503632 0.017561923289525539 -0.11876475486863143 0.0014651246158553777 0.033411942371827159 -0.096997820826905279 -0.048413409123960124 0.0075324812221143084 -0.14517246010412735 0.1045813839192416 0.088343732446113932 -0.010033750581763784 -0.090507439699243089 0.077317983825686831 -0.0014771863369749682 0.01499134152615603 0.13773064992138159
leaf_weight=30 1370 32 29 27 46 36 21 23 23 21 23 33 24 41 42 27 92 50 20 27 55 25 42 28 53 22 22 590 29 32
leaf_count=30 1370 32 29 27 46 36 21 23 23 21 23 33 24 41 42 27 92 50 20 27 55 25 42 28 53 22 22 590 29 32
internal_value=-0.00163129 -0.00114559 -0.0283462 -0.0671999 -0.000293116 -0.00242419 -0.0588878 0.0126441 0.00233794 -0.000488411 -0.0011745 0.00428383 0.0465839 -0.00223129 -0.0179423 -0.0543327 0.0203489 0.00413594 -0.019409 -0.000176701 0.0065798 -0.0402471 0.0112673 0.0516047 0.0239786 -0.00439008 -0.00301903 0.00393557 0.0402429 0.079581
internal_weight=2935 2905 88 59 2817 2419 80 398 59 2339 2318 352 47 305 180 68 125 112 62 2295 881 80 801 123 81 1414 1392 678 88 61
internal_count=2935 2905 88 59 2817 2419 80 398 59 2339 2318 352 47 305 180 68 125 112 62 2295 881 80 801 123 81 1414 1392 678 88 61
is_linear=0
shrinkage=0.05


Tree=212
num_leaves=31
num_cat=0
split_feature=5 16 27 5 27 31 7 2 2 5 7 2 14 27 30 16 7 29 14 14 7 2 27 27 30 14 29 27 14 7
split_gain=27.114 99.6353 60.8782 83.2622 53.8427 25.9656 25.6587 88.2384 139.809 136.784 131.559 51.0138 34.4461 51.0941 62.6996 32.4995 31.3042 38.2346 28.6714 104.33 126.969 47.8803 87.3902 73.6576 98.447 89.2265 67.7023 57.5648 43.6484 37.4926
threshold=0.62019230769230782 126965.50000000001 70.500000000000014 0.62828947368421062 64.000000000000014 48.500000000000007 739.50000000000011 0.65325996279716503 0.63791161775589 0.17269736842105265 512.50000000000011 0.62682512402534496 -0.3299999999999999 57.500000000000007 1.5000000000000002 159161.00000000003 815.50000000000011 1.0000000180025095e-35 -0.035230769230769225 -0.075769230769230755 7881.5000000000009 0.60574451088905346 75.500000000000014 57.500000000000007 1.0000000180025095e-35 -0.14923076923076919 2.5000000000000004 64.000000000000014 -0.21115384615384614 14855.000000000002
decision_type=2 2 2 2 2 2 2 2 2 2 2 2 2 2 2 2 2 2 2 2 2 2 2 2 2 2 2 2 2 2
left_child=6 4 3 5 -2 -3 7 8 11 15 -11 -1 13 -8 -15 -9 -14 -18 19 21 -21 26 23 25 -25 -23 -19 28 -26 -20
right_child=1 2 -4 -5 -6 -7 12 9 -10 10 -12 -13 16 14 -16 -17 17 18 29 20 -22 22 -24 24 27 -27 -28 -29 -30 -31
leaf_value=-0.046214251505195071 -0.030741717056794599 -0.038165756708905776 -0.037971985729768426 0.092331715673208234 -0.14054221169711237 0.027798797195687949 -0.014759586403255202 0.092608331794962501 -0.12400761602674043 -0.13208792735544214 0.0063650501757694924 0.042484232718960388 0.05374593668758209 0.13489894333911773 0.011017168429790516 0.026929721920783446 -0.052861875728253398 0.10935306243635529 0.0021740494086160416 -0.0011230249399257497 -0.17717561124272607 0.079563500712201057 0.02736527315406273 0.0028787160141008914 -0.11759234987856966 -0.053823193746978318 0.0048071178146767909 -0.15583128533422699 -0.021358369695361947 0.069195611979724111
leaf_weight=35 23 33 63 31 22 27 29 34 40 25 54 30 27 20 21 43 34 20 1944 21 20 26 84 43 20 24 68 24 29 21
leaf_count=35 23 33 63 31 22 27 29 34 40 25 54 30 27 20 21 43 34 20 1944 21 20 26 84 43 20 24 68 24 29 21
internal_value=-0.00154999 -0.019365 -0.000191143 0.0259229 -0.0847254 -0.00840165 -0.000251751 -0.0151608 -0.0505809 0.00866469 -0.0374976 -0.00519731 0.00131901 0.0358691 0.0717501 0.056078 0.000309862 -0.000296987 0.000465562 -0.0121215 -0.0873461 -0.00295873 -0.0141372 -0.0351724 -0.0570336 0.0154585 0.0287215 -0.0923484 -0.0608989 0.00289634
internal_weight=2935 199 154 91 45 60 2736 261 105 156 79 65 2475 70 41 77 2405 2378 2344 379 41 338 250 166 116 50 88 73 49 1965
internal_count=2935 199 154 91 45 60 2736 261 105 156 79 65 2475 70 41 77 2405 2378 2344 379 41 338 250 166 116 50 88 73 49 1965
is_linear=0
shrinkage=0.05


Tree=213
num_leaves=31
num_cat=0
split_feature=27 8 33 31 6 15 27 2 2 29 2 29 27 7 8 7 27 27 8 31 2 2 29 29 15 15 31 30 18 8
split_gain=24.5073 24.4689 64.4468 50.2449 79.3509 65.0079 42.3483 31.3164 69.242 105.339 51.6093 113.149 132.338 69.6169 107.895 78.4875 65.1473 97.6947 71.0374 41.7836 41.275 71.0329 26.7495 27.2818 84.8298 157.109 121.8 102.934 54.584 84.5489
threshold=29.000000000000004 2035.0000000000002 1.0000000180025095e-35 68.500000000000014 0.15587044534412958 12.065953517285804 61.500000000000007 0.68547844886779796 0.68051502108573925 4.5000000000000009 0.66760164499282848 3.5000000000000004 64.000000000000014 739.50000000000011 78.500000000000014 815.50000000000011 47.000000000000007 70.500000000000014 72.500000000000014 30.500000000000004 0.67043229937553417 0.6777569353580476 1.0000000180025095e-35 4.5000000000000009 12.28187957258581 12.23441533507197 37.500000000000007 1.0000000180025095e-35 148840.00000000003 955.50000000000011
decision_type=2 2 2 2 2 2 2 2 2 2 2 2 2 2 2 2 2 2 2 2 2 2 2 2 2 2 2 2 2 2
left_child=-1 3 -3 4 7 6 -5 8 10 -10 13 20 -13 14 16 -15 -2 18 -18 -9 -12 -22 -17 -24 25 28 27 -26 -25 -30
right_child=1 2 -4 5 -6 -7 -8 19 9 -11 11 12 -14 15 -16 22 17 -19 -20 -21 21 -23 23 24 26 -27 -28 -29 29 -31
leaf_value=-0.046361094361721873 0.047516881882262378 -0.094940700644774056 0.016421413973132914 0.054120337820141078 -0.093874643652728101 0.097814595719793007 -0.029057747155542026 -0.02287427131750238 -0.145095346860976 0.0078349323255392529 0.034990202500811356 0.1703132412912933 0.026691319522309326 0.089083419412498158 -0.11546006722437652 -0.04845558883145798 -0.11238664902967584 0.052627204868184535 -0.0066663174654665357 0.034667897590404034 -0.097154810738739494 0.019503925102521701 0.0022250981230516023 -0.00090259763679667419 -0.18293542652917663 0.13428684081604231 0.033632830782715541 -0.043878451133927993 -0.11827940500970258 -0.0053729889910071743
leaf_weight=30 32 24 28 27 23 29 35 42 21 24 27 23 53 24 33 30 37 23 28 125 27 25 1630 364 22 20 25 34 27 43
leaf_count=30 32 24 28 27 23 29 35 42 21 24 27 23 53 24 33 30 37 23 28 125 27 25 1630 364 22 20 25 34 27 43
internal_value=-0.00147294 -0.00100608 -0.0349641 -0.000384187 -0.00159091 0.0361486 0.00711327 -0.000810762 -0.00217515 -0.0635851 -0.00107713 0.0268629 0.0703882 -0.00290605 -0.0355168 -0.000653793 -0.0134129 -0.0356547 -0.0670026 0.0201613 -0.0149825 -0.0410431 -0.00164127 -0.000988051 -0.0107856 -0.00235943 -0.0578908 -0.0988258 -0.0086975 -0.0491005
internal_weight=2935 2905 52 2853 2762 91 62 2739 2572 45 2527 155 76 2372 153 2219 120 88 65 167 79 52 2195 2165 535 454 81 56 434 70
internal_count=2935 2905 52 2853 2762 91 62 2739 2572 45 2527 155 76 2372 153 2219 120 88 65 167 79 52 2195 2165 535 454 81 56 434 70
is_linear=0
shrinkage=0.05


Tree=214
num_leaves=31
num_cat=0
split_feature=2 27 27 2 27 5 5 35 34 2 5 27 31 27 2 27 2 27 31 31 15 5 18 5 33 7 2 27 2 7
split_gain=22.9164 67.9059 92.1024 34.972 22.1053 23.3533 153.895 73.2008 97.6718 66.1437 50.8014 111.201 162.423 61.1169 96.3295 126.668 106.889 86.2813 112.859 78.9047 76.1372 94.7673 71.8214 75.9503 118.817 105.239 70.3459 150.257 201.879 145.735
threshold=0.70040804147720348 79.500000000000014 73.500000000000014 0.68854001164436351 29.000000000000004 0.37980769230769235 0.40283400809716602 5.5000000000000009 1.0000000180025095e-35 0.58118742704391491 0.31414473684210531 56.000000000000007 26.500000000000004 50.500000000000007 0.59841585159301769 57.500000000000007 0.59420493245124828 71.500000000000014 47.500000000000007 27.500000000000004 11.903282271940116 0.24038461538461542 105200.00000000001 0.19901315789473686 1.0000000180025095e-35 864.50000000000011 0.62527254223823558 64.000000000000014 0.63689053058624279 4363.5000000000009
decision_type=2 2 2 2 2 2 2 2 2 2 2 2 2 2 2 2 2 2 2 2 2 2 2 2 2 2 2 2 2 2
left_child=3 2 -2 4 -1 9 7 8 -7 -6 13 -12 -13 22 15 -15 -17 18 26 -19 21 -21 23 24 25 -11 29 -28 -29 -16
right_child=1 -3 -4 -5 5 6 -8 -9 -10 10 11 12 -14 14 17 16 -18 19 -20 20 -22 -23 -24 -25 -26 -27 27 28 -30 -31
leaf_value=-0.04405074124394659 -0.011344107397281148 0.050137286064749077 -0.14167144285209141 0.03844018257750155 0.071189681829040882 0.02507057615622553 -0.0010638508874262253 -0.12616530138551316 -0.10377776404478452 0.17446547047238509 -0.015098657379234515 0.1419072468784198 0.022077528856146278 -0.16717625327947724 0.076735058434679135 0.047117373541397153 -0.097349385151350165 0.084182834108481791 0.021455701708873818 0.040562844528487657 0.03985756730512599 -0.1005325159491632 -0.0067700766715776866 0.0013841995675198985 -0.041021428209039104 0.049862363699059969 -0.012249060839443503 -0.24068977530322858 -0.059367110970769646 -0.041355703026952878
leaf_weight=30 42 21 20 56 35 32 1213 34 27 27 144 34 167 22 38 26 25 42 130 20 64 29 233 86 20 46 103 20 66 83
leaf_count=30 42 21 20 56 35 32 1213 34 27 27 144 34 167 22 38 26 25 42 130 20 64 29 233 86 20 46 103 20 66 83
internal_value=-0.00139987 -0.0272838 -0.0536261 -0.000643906 -0.00142984 -0.000964192 -0.00582299 -0.067775 -0.0338851 0.00337878 0.00170486 0.0184076 0.0424326 -0.00362733 -0.0129712 -0.067145 -0.0236537 -0.00630615 -0.0176132 0.0257497 0.0039318 -0.0428754 0.0115099 0.0353228 0.066618 0.0961925 -0.0340147 -0.0530667 -0.101824 -0.00419532
internal_weight=2935 83 62 2852 2796 2766 1306 93 59 1460 1425 345 201 1080 668 73 51 595 440 155 113 49 412 179 93 73 310 189 86 121
internal_count=2935 83 62 2852 2796 2766 1306 93 59 1460 1425 345 201 1080 668 73 51 595 440 155 113 49 412 179 93 73 310 189 86 121
is_linear=0
shrinkage=0.05


Tree=215
num_leaves=31
num_cat=0
split_feature=7 6 2 27 31 5 6 7 27 31 29 2 2 16 16 5 2 29 29 24 31 15 2 27 11 7 2 2 2 6
split_gain=46.8731 224.076 86.4115 67.1253 76.2882 35.4011 33.0919 59.113 158.023 169.581 96.4829 136.844 117.079 55.1961 150.018 169.924 112.281 58.8393 189.02 56.9567 74.9374 53.4525 60.2661 56.7089 70.2843 52.9615 90.6802 106.871 81.8232 91.1101
threshold=512.50000000000011 0.069711538461538478 0.66212293505668651 47.000000000000007 45.500000000000007 0.057565789473684216 0.057565789473684216 4853.0000000000009 67.500000000000014 28.500000000000004 1.5000000000000002 0.63454651832580578 0.66434118151664745 192775.00000000003 184600.00000000003 0.31009615384615391 0.6777569353580476 6.5000000000000009 5.5000000000000009 1.0000000180025095e-35 38.500000000000007 12.097932178405971 0.61794203519821178 56.000000000000007 1.0000000180025095e-35 4562.0000000000009 0.61503946781158458 0.66212293505668651 0.66760164499282848 1.0000000180025095e-35
decision_type=2 2 2 2 2 2 2 2 2 2 2 2 2 2 2 2 2 2 2 2 2 2 2 2 2 2 2 2 2 2
left_child=1 2 3 -1 -5 -2 13 8 9 -8 -11 -12 -13 14 16 -16 19 18 21 25 -21 22 -15 -24 -25 26 -7 -28 29 -27
right_child=5 -3 -4 4 -6 6 7 -9 -10 10 11 12 -14 17 15 -17 -18 -19 -20 20 -22 -23 23 24 -26 28 27 -29 -30 -31
leaf_value=0.043822394362261208 0.057745352318917191 -0.1393643125668805 0.073293066898141385 -0.1320145672956361 -0.0075158031906851358 -0.07836206617033753 -0.032907935880192092 -0.0022670761125527573 -0.0042026320302078835 0.006890976869247176 0.031789725436055787 0.25515881372994675 0.10321190086836668 -0.0058708460562548062 -0.018637640430377082 -0.18935479287844731 -0.11683100092978704 0.08846602294575516 -0.11713817034647844 -0.098296582257153264 0.0021688231186369269 0.0013919287290330472 0.0026127001165827629 0.15588634124552589 0.032933281746385323 -0.0029439237900235225 0.013887615616938818 -0.10986053141491924 0.10685841189095036 0.071630010494503904
leaf_weight=25 26 35 33 20 32 53 33 652 205 23 27 23 29 47 35 25 23 20 32 36 38 720 23 25 22 445 132 20 20 45
leaf_count=25 26 35 33 20 32 53 33 652 205 23 27 23 29 47 35 25 23 20 32 36 38 720 23 25 22 445 132 20 20 45
internal_value=-0.00165799 -0.0293625 0.00568749 -0.023279 -0.0556574 -0.000209647 -0.000760882 0.00654041 0.0234405 0.0654261 0.0972901 0.123504 0.170876 -0.0048768 -0.0138153 -0.0900497 -0.00816563 0.00388569 0.00192337 -0.00497721 -0.0467055 0.00649473 0.0378259 0.0672029 0.0986321 -0.000645562 -0.0221095 -0.00242369 0.00797496 0.00390772
internal_weight=2924 145 110 77 52 2779 2753 992 340 135 102 79 52 1761 872 60 812 889 869 789 74 837 117 70 47 715 205 152 510 490
internal_count=2924 145 110 77 52 2779 2753 992 340 135 102 79 52 1761 872 60 812 889 869 789 74 837 117 70 47 715 205 152 510 490
is_linear=0
shrinkage=0.05


Tree=216
num_leaves=31
num_cat=0
split_feature=8 30 16 2 8 27 27 18 16 5 16 6 27 2 2 14 14 2 31 15 27 27 31 31 14 7 8 27 29 8
split_gain=72.2062 159.096 32.6152 26.8218 59.6516 101.933 97.9079 88.1342 94.974 113.234 132.156 88.8654 78.848 79.7252 70.8895 65.987 51.9913 116.76 41.0275 80.7727 248.058 110.752 84.9523 77.123 57.5955 34.7857 109.278 183.093 112.396 83.7701
threshold=68.500000000000014 1.0000000180025095e-35 355750.00000000006 0.60173144936561596 829.00000000000011 52.000000000000007 47.000000000000007 78150.000000000015 193500.00000000003 0.46761133603238875 215404.50000000003 1.0000000180025095e-35 66.500000000000014 0.5824897587299348 0.58981001377105724 0.688846153846154 0.64423076923076927 0.6227824091911317 26.500000000000004 11.789281504612314 57.500000000000007 61.500000000000007 24.500000000000004 20.500000000000004 -0.13846153846153844 4853.0000000000009 741.50000000000011 77.000000000000014 2.5000000000000004 598.50000000000011
decision_type=2 2 2 2 2 2 2 2 2 2 2 2 2 2 2 2 2 2 2 2 2 2 2 2 2 2 2 2 2 2
left_child=1 -1 3 4 12 6 -6 -7 -9 10 -10 15 13 -2 -15 -12 18 -18 19 20 22 -22 -5 -23 -21 29 27 28 -27 -20
right_child=2 -3 -4 16 5 7 -8 8 9 -11 11 -13 -14 14 -16 -17 17 -19 25 24 21 23 -24 -25 -26 26 -28 -29 -30 -31
leaf_value=0.024429992650054456 -0.091165673436217037 -0.12502014677445314 -0.049677289743257795 0.11249942116408428 -0.0060562587813521272 -0.10517642254816567 0.099064555882932656 0.027335656876635007 -0.186125021330102 0.022158750651590051 -0.027884735745043094 0.040236037969589231 0.098992746326438619 0.086491907767129533 -0.0014254864323268871 -0.13992695538883668 0.0018361862121502441 0.12046883083459151 0.0048589278773725417 0.071526072832317281 -0.17927520798140789 -0.11130281976550571 -0.0080023819595736005 -0.010905122948207705 -0.0037434452022986676 -0.045649796125678273 0.0034669514687436908 0.038052357412957177 -0.2137461294508099 0.052406500641059339
leaf_weight=35 20 36 33 24 188 44 25 57 22 39 28 21 24 28 124 25 67 30 445 29 25 36 37 41 200 20 1057 27 20 117
leaf_count=35 20 36 33 24 188 44 25 57 22 39 28 21 24 28 124 25 67 30 445 29 25 36 37 41 200 20 1057 27 20 117
internal_value=-0.00157493 -0.0513465 -0.000332805 0.000244599 -0.00870712 -0.018757 0.0062991 -0.0413855 -0.0266936 -0.0495463 -0.0787212 -0.0465148 0.0142877 0.00238867 0.0147832 -0.080993 0.00290182 0.0386645 0.00122826 -0.0133368 -0.0402311 -0.0879142 0.0394329 -0.0579926 0.00579374 0.00461822 -0.00045612 -0.0623344 -0.130146 0.0147741
internal_weight=2924 71 2853 2820 645 449 213 236 192 135 96 74 196 172 152 53 2175 97 2078 392 163 102 61 77 229 1686 1124 67 40 562
internal_count=2924 71 2853 2820 645 449 213 236 192 135 96 74 196 172 152 53 2175 97 2078 392 163 102 61 77 229 1686 1124 67 40 562
is_linear=0
shrinkage=0.05


Tree=217
num_leaves=31
num_cat=0
split_feature=8 30 2 18 15 29 2 34 27 5 35 27 27 10 2 29 2 31 9 31 27 2 2 29 8 31 27 33 8 15
split_gain=65.1734 143.636 25.7484 81.7798 74.699 69.6498 102.062 76.4531 63.2018 80.1788 80.7518 43.259 121.772 73.903 33.6458 235.988 95.8681 53.7556 69.1787 67.0604 66.6788 308.299 221.051 109.052 205.422 95.8397 60.0726 60.7726 130.466 97.6944
threshold=68.500000000000014 1.0000000180025095e-35 0.60470756888389599 224500.00000000003 12.563744473536405 4.5000000000000009 0.60256716609001171 1.0000000180025095e-35 57.500000000000007 0.53238866396761142 6.5000000000000009 64.000000000000014 59.000000000000007 1.0000000180025095e-35 0.62591281533241283 6.5000000000000009 0.62682512402534496 36.500000000000007 1.0000000180025095e-35 29.500000000000004 61.500000000000007 0.63124752044677745 0.63492590188980114 1.5000000000000002 835.50000000000011 48.500000000000007 79.500000000000014 1.0000000180025095e-35 781.50000000000011 11.994971838029008
decision_type=2 2 2 2 2 2 2 2 2 2 2 2 2 2 2 2 2 2 2 2 2 2 2 2 2 2 2 2 2 2
left_child=1 -1 5 14 -5 11 7 -7 -9 10 -10 12 -2 -13 15 -4 -16 18 -18 -20 22 -22 -19 -24 25 -25 27 -23 -29 -30
right_child=2 -3 3 4 -6 6 -8 8 9 -11 -12 13 -14 -15 16 -17 17 20 19 -21 21 26 23 24 -26 -27 -28 28 29 -31
leaf_value=0.023211976913390334 -0.0002783844772574901 -0.1187864572470208 0.0043509181394163609 0.11950586629083573 0.0091278886149399798 0.068328361072350491 -0.13546597008065228 0.031111816088279405 -0.14787109784566321 0.006474366804578459 -0.018672449953520475 -0.0045344243791770522 -0.10521200241911453 0.097171462780421547 -0.087886132808610393 0.16689674413049377 -0.0062469916260246535 0.13960596975463127 -0.018385624431875434 -0.12272617228300636 -0.18379723903010875 0.0035330356986179967 -0.096521812920117259 0.18796567264326378 -0.022849931884901576 0.039846464474705648 -0.036598162185076021 -0.003331878119719247 0.037662524993146831 0.19249586851393444
leaf_weight=35 556 36 673 28 34 20 23 25 31 29 20 46 29 29 33 23 586 39 38 26 22 242 22 21 82 23 63 49 20 21
leaf_count=35 556 36 673 28 34 20 23 25 31 29 20 46 29 29 33 23 586 39 38 26 22 242 22 21 82 23 63 49 20 21
internal_value=-0.00149704 -0.0487827 -0.000316866 0.00266708 0.0591687 -0.00787463 -0.0388633 -0.0209544 -0.0380571 -0.0597466 -0.0974385 -0.000913235 -0.00550586 0.0348023 0.000895093 0.00975279 -0.00389158 -0.00167038 -0.0116521 -0.0609773 0.00906337 -0.00205186 0.0338643 0.00589073 0.0238743 0.110919 0.00810197 0.0166077 0.0516658 0.117364
internal_weight=2924 71 2853 2045 62 808 148 125 105 80 51 660 585 75 1983 696 1287 1254 650 64 604 417 187 148 126 44 395 332 90 41
internal_count=2924 71 2853 2045 62 808 148 125 105 80 51 660 585 75 1983 696 1287 1254 650 64 604 417 187 148 126 44 395 332 90 41
is_linear=0
shrinkage=0.05


Tree=218
num_leaves=31
num_cat=0
split_feature=8 30 16 5 27 7 5 27 7 16 16 16 27 11 27 35 16 16 16 16 5 5 14 14 35 27 27 8 29 7
split_gain=58.8274 129.679 29.0931 24.8203 87.9659 28.7955 23.9648 110.526 51.6533 36.4014 24.4201 167.13 74.3994 62.6749 66.7817 118.13 108.341 63.361 101.865 74.4562 63.0181 55.9612 69.0684 75.3279 47.5792 87.975 133.743 79.5228 61.6496 60.6682
threshold=68.500000000000014 1.0000000180025095e-35 355750.00000000006 0.069711538461538478 56.000000000000007 543.00000000000011 0.091093117408906896 57.500000000000007 587.00000000000011 169170.00000000003 187546.50000000003 186000.00000000003 56.000000000000007 1.0000000180025095e-35 56.000000000000007 3.5000000000000004 199479.00000000003 314000.00000000006 232500.00000000003 220050.00000000003 0.40283400809716602 0.53238866396761142 0.38576923076923081 0.57423076923076932 3.5000000000000004 57.500000000000007 64.000000000000014 843.50000000000011 2.5000000000000004 8915.0000000000018
decision_type=2 2 2 2 2 2 2 2 2 2 2 2 2 2 2 2 2 2 2 2 2 2 2 2 2 2 2 2 2 2
left_child=1 -1 3 4 -2 -6 7 -5 9 -8 11 24 -13 14 -12 -16 -17 18 19 20 -18 22 -20 -24 25 29 28 -28 -27 -10
right_child=2 -3 -4 6 5 -7 8 -9 10 -11 13 12 -14 -15 15 16 17 -19 21 -21 -22 -23 23 -25 -26 26 27 -29 -30 -31
leaf_value=0.022054681901493643 -0.036846957327333708 -0.11286358398248615 -0.046904936183266493 0.044196650866083625 0.098300166393435279 0.025235823147087933 0.064358425934060756 -0.11573072418705371 -0.0030048033806678882 -0.00036269782005615958 -0.0026181672897717268 -0.035360887112902167 -0.17055414453219464 -0.0068779252001906202 0.10921804281232528 0.11389241737633174 -0.052335809884478127 -0.040876198324526131 -0.028486630798277263 -0.10031912560444073 0.064858735189494851 0.10876609839011575 0.14034093981655082 0.0046494663044174701 0.002156406885523821 -0.046799731666971392 0.017147870272509615 -0.067059157474135031 -0.149192813200893 0.091561102325940003
leaf_weight=35 34 36 33 21 30 25 52 22 108 37 245 20 21 602 43 27 21 51 30 22 25 32 20 21 1108 27 80 43 33 20
leaf_count=35 34 36 33 21 30 25 52 22 108 37 245 20 21 602 43 27 21 51 30 22 25 32 20 21 1108 27 80 43 33 20
internal_value=-0.00142216 -0.0463468 -0.000300824 0.000244414 0.0262152 0.0652859 -0.00060104 -0.0375893 -6.10151e-06 0.0374256 -0.00129122 -0.00557334 -0.104974 0.00419332 0.0166129 0.0327611 0.0194991 0.00795022 0.0225571 -0.0248661 0.0112509 0.0539079 0.0289945 0.0711425 -0.00269057 -0.0199701 -0.0422079 -0.0122803 -0.103354 0.011792
internal_weight=2924 71 2853 2820 89 55 2731 43 2688 89 2599 1460 41 1139 537 292 249 222 171 68 46 103 71 41 1419 311 183 123 60 128
internal_count=2924 71 2853 2820 89 55 2731 43 2688 89 2599 1460 41 1139 537 292 249 222 171 68 46 103 71 41 1419 311 183 123 60 128
is_linear=0
shrinkage=0.05


Tree=219
num_leaves=31
num_cat=0
split_feature=8 15 6 16 2 5 2 27 2 31 16 27 27 27 18 5 27 2 5 7 2 33 29 27 27 7 2 24 29 8
split_gain=53.098 120.345 286.533 26.2646 23.2823 71.2038 33.5711 80.4495 32.5143 39.3294 110.824 185.017 61.2975 112.401 36.6722 24.106 81.5127 39.6785 32.024 34.2442 35.3723 36.4084 29.7029 115.27 155.319 72.698 22.1404 26.1481 70.7588 48.9558
threshold=68.500000000000014 11.852523202651957 1.0000000180025095e-35 355750.00000000006 0.58632463216781627 0.48684210526315791 0.58456185460090648 52.000000000000007 0.58981001377105724 19.500000000000004 146638.00000000003 57.500000000000007 66.500000000000014 77.000000000000014 147950.00000000003 0.069711538461538478 56.000000000000007 0.64812809228897106 0.091093117408906896 587.00000000000011 0.66928958892822277 1.0000000180025095e-35 1.5000000000000002 59.000000000000007 69.500000000000014 1024.0000000000002 0.59037780761718761 1.0000000180025095e-35 5.5000000000000009 1418.0000000000002
decision_type=2 2 2 2 2 2 2 2 2 2 2 2 2 2 2 2 2 2 2 2 2 2 2 2 2 2 2 2 2 2
left_child=1 2 -1 4 5 6 7 -2 14 10 11 -10 -12 -14 -6 16 -11 -18 -17 20 -20 -22 23 25 -25 -21 -24 -28 29 -29
right_child=3 -3 -4 -5 8 -7 -8 -9 9 15 12 -13 13 -15 -16 18 17 -19 19 22 21 -23 26 24 -26 -27 27 28 -30 -31
leaf_value=0.018573179555115223 0.018057448459392774 0.0497225587373172 -0.22713846461185347 -0.04456677645518025 -0.003715886018499379 -0.094110253715880526 0.040800198253441451 -0.083168497700783217 0.043855814339020548 -0.036993892921561813 -0.040578303636644802 -0.12947541311415572 0.11714844921418222 -0.013348522945141284 0.087342163027481878 -0.044805116160217963 0.10997273340050516 0.023121580800447076 -0.0008896264931925748 0.082995601966086616 0.10919230067976055 0.019839579002985816 -0.047150659298195556 -0.14482144695922428 0.030371850489902853 -0.010554215172732204 0.0055077299226076928 -0.0090864606994671224 -0.083222956148492941 0.06561840160506395
leaf_weight=27 53 23 21 33 21 26 32 31 23 30 39 46 27 42 23 37 26 27 41 25 22 24 22 34 20 120 1732 243 30 24
leaf_count=27 53 23 21 33 21 26 32 31 23 30 39 46 27 42 23 37 26 27 41 25 22 24 22 34 20 120 1732 243 30 24
internal_value=-0.00135141 -0.0440323 -0.0890704 -0.000285991 0.000231978 -0.0194883 -0.00265291 -0.0192948 0.00128019 0.000565386 -0.0221886 -0.0716461 0.00939999 0.0377388 0.0438594 0.00220744 0.0286807 0.0659488 0.0012786 0.00201224 0.0327752 0.0628261 0.000819108 -0.0176158 -0.0799064 0.00558669 0.00261098 0.0031553 -0.0105437 -0.00233064
internal_weight=2924 71 48 2853 2820 142 116 84 2678 2634 177 69 108 69 44 2457 83 53 2374 2337 87 46 2250 199 54 145 2051 2029 297 267
internal_count=2924 71 48 2853 2820 142 116 84 2678 2634 177 69 108 69 44 2457 83 53 2374 2337 87 46 2250 199 54 145 2051 2029 297 267
is_linear=0
shrinkage=0.05


Tree=220
num_leaves=31
num_cat=0
split_feature=14 8 31 2 16 31 27 27 27 2 8 31 5 0 14 7 7 2 31 34 7 2 27 8 31 14 27 30 6 27
split_gain=97.8229 55.7214 59.6561 97.3874 62.0747 93.2491 295.451 82.6665 197.019 167.169 278.795 87.0861 115.86 72.2079 70.8306 106.952 69.0433 131.007 124.707 75.5201 60.7717 45.8476 75.4741 56.1335 48.0683 43.7459 78.1716 84.2875 57.1405 96.3139
threshold=-0.41307692307692301 1270.5000000000002 34.500000000000007 0.58195343613624584 215404.50000000003 33.500000000000007 57.500000000000007 64.000000000000014 50.500000000000007 0.63260895013809215 1026.5000000000002 24.500000000000004 0.31009615384615391 1.0000000180025095e-35 0.031546153846153856 898.50000000000011 8555.5000000000018 0.63124752044677745 25.500000000000004 1.0000000180025095e-35 8315.5000000000018 0.59037780761718761 56.000000000000007 1162.5000000000002 75.000000000000014 0.3663538461538462 57.500000000000007 1.0000000180025095e-35 1.0000000180025095e-35 56.000000000000007
decision_type=2 2 2 2 2 2 2 2 2 2 2 2 2 2 2 2 2 2 2 2 2 2 2 2 2 2 2 2 2 2
left_child=-1 2 4 -4 5 7 -7 8 14 10 11 -10 -13 -11 15 -2 17 18 19 -9 -6 22 -5 24 25 28 -27 -28 29 -23
right_child=1 -3 3 21 20 6 -8 16 9 13 -12 12 -14 -15 -16 -17 -18 -19 -20 -21 -22 23 -24 -25 -26 26 27 -29 -30 -31
leaf_value=0.081211082092447623 0.12457013634534982 -0.017744402107610652 0.088257794343236329 0.0075295432532679583 0.030329923373701037 0.061524879144064119 -0.16451886714412897 0.07359545364120576 -0.078686806688277031 0.054347876263813322 0.042717696114840255 -0.25866126826108599 -0.10971402327219644 -0.048105864018722071 -0.043261424905050902 0.0065956408075565701 -0.080267572205213578 -0.0053022006348273885 0.14559814136511259 -0.037810841531515968 -0.018678024669017655 -0.006598395252573142 -0.1006243008135379 0.041405060418426648 0.052311841808186592 0.010584088001602134 -0.10293531237241904 3.5127394747535926e-05 -0.0044976368230464506 0.041382102856954803
leaf_weight=36 22 452 37 42 181 24 36 33 30 30 25 27 26 40 55 148 21 260 31 28 97 185 26 116 51 94 44 36 495 240
leaf_count=36 22 452 37 42 181 24 36 33 30 30 25 27 26 40 55 148 21 260 31 28 97 185 26 116 51 94 44 36 495 240
internal_value=-0.000591181 -0.00160001 0.00134101 0.00834552 -0.00724349 -0.0140522 -0.0740662 -0.0093966 -0.0250969 -0.064389 -0.103372 -0.147434 -0.186031 -0.0041109 0.00598005 0.0219566 0.00755529 0.0128302 0.0640785 0.0223981 0.0132115 0.00611048 -0.033837 0.00827115 0.00490666 0.00268758 -0.0202884 -0.056594 0.00704021 0.0204881
internal_weight=2968 2932 2480 1366 1114 836 60 776 403 178 108 83 53 70 225 170 373 352 92 61 278 1329 68 1261 1145 1094 174 80 920 425
internal_count=2968 2932 2480 1366 1114 836 60 776 403 178 108 83 53 70 225 170 373 352 92 61 278 1329 68 1261 1145 1094 174 80 920 425
is_linear=0
shrinkage=0.05


Tree=221
num_leaves=31
num_cat=0
split_feature=31 2 8 8 16 8 30 5 16 18 29 31 16 18 29 31 29 31 2 15 8 31 35 5 5 3 10 6 5 2
split_gain=39.5422 86.1073 59.961 73.6305 92.9878 84.0113 79.8394 62.1103 55.2376 67.5327 68.5179 61.9784 50.1142 46.5698 60.0989 58.5896 41.6404 41.1179 40.478 44.2016 42.7336 87.1118 47.7651 55.5501 45.2103 43.5715 39.0382 77.4595 89.2385 74.4034
threshold=34.500000000000007 0.58118742704391491 1342.0000000000002 1639.5000000000002 202550.00000000003 1565.0000000000002 1.0000000180025095e-35 0.62828947368421062 215404.50000000003 205450.00000000003 4.5000000000000009 33.500000000000007 198500.00000000003 163819.50000000003 3.5000000000000004 55.500000000000007 4.5000000000000009 21.500000000000004 0.59037780761718761 12.12784616757034 1162.5000000000002 58.500000000000007 9.5000000000000018 0.25657894736842107 0.46761133603238875 1.0000000180025095e-35 1.0000000180025095e-35 0.069711538461538478 0.40283400809716602 0.6777569353580476
decision_type=2 2 2 2 2 2 2 2 2 2 2 2 2 2 2 2 2 2 2 2 2 2 2 2 2 2 2 2 2 2
left_child=8 -2 7 5 6 13 -5 18 11 17 -11 26 -13 14 15 -4 -15 -10 19 -3 22 24 25 -24 -22 -20 27 29 -29 -1
right_child=1 2 3 4 -6 -7 -8 -9 9 10 -12 12 -14 16 -16 -17 -18 -19 20 -21 21 -23 23 -25 -26 -27 -28 28 -30 -31
leaf_value=-0.0058435262909815738 0.077790126196868592 0.0022688613357394003 0.048046137596524895 -0.085471926852204338 0.095355352382550287 -0.13055906190591701 0.018719298960476055 0.084950011137472206 0.096848744266971029 0.00087859591268949475 -0.097113561326831715 -0.092454172203631418 -0.00045529310611677374 -0.023603395372629166 -0.092928992460790727 -0.058567800436847395 0.06868652627242737 0.022334574217192742 0.0033988782771460636 -0.078602964560344449 0.039574870670890994 -0.030080775463062783 -0.017603688386944233 0.082971424037766889 0.11928952816244842 -0.066012547826354115 0.0044344593117927938 -0.12619191591833295 -0.01146574710254316 -0.08441510916748475
leaf_weight=496 39 40 23 26 26 22 62 25 21 92 22 42 23 31 40 29 20 156 1055 29 80 39 21 39 23 23 324 33 35 32
leaf_count=496 39 40 23 26 26 22 62 25 21 92 22 42 23 31 40 29 20 156 1055 29 80 39 21 39 23 23 324 33 35 32
internal_value=-0.000561816 0.00444806 0.00271004 -0.0184139 0.012449 -0.0397622 -0.0120698 0.00700405 -0.00720875 0.0119191 -0.0180569 -0.0128654 -0.0600282 -0.025677 -0.0469154 -0.011314 0.0125545 0.0312532 0.00554964 -0.031713 0.00756456 0.0334228 0.00433091 0.0477162 0.0575222 0.00190731 -0.00952167 -0.0171164 -0.0673187 -0.01063
internal_weight=2968 1692 1653 279 114 165 88 1374 1276 291 114 985 65 143 92 52 51 177 1349 69 1280 142 1138 60 103 1078 920 596 68 528
internal_count=2968 1692 1653 279 114 165 88 1374 1276 291 114 985 65 143 92 52 51 177 1349 69 1280 142 1138 60 103 1078 920 596 68 528
is_linear=0
shrinkage=0.05


Tree=222
num_leaves=31
num_cat=0
split_feature=2 8 35 15 15 5 8 7 27 0 31 5 2 2 7 2 16 7 27 27 7 2 29 35 2 8 8 7 31 27
split_gain=36.8622 32.144 64.9919 73.2624 151.171 108.232 91.5129 79.623 60.158 54.3446 51.8503 54.8108 52.961 43.854 57.7942 52.5433 41.5273 80.543 39.7535 142.375 152.787 234.563 291.684 109.937 72.025 128.295 59.4733 94.7146 63.331 62.9521
threshold=0.57831379771232616 1345.0000000000002 4.5000000000000009 12.207326079382586 12.101134176251543 0.31414473684210531 2068.5000000000005 11239.000000000002 66.500000000000014 1.0000000180025095e-35 34.500000000000007 0.62828947368421062 0.58519470691680919 0.66803377866745006 10972.500000000002 0.62609851360321056 215404.50000000003 8315.5000000000018 50.500000000000007 64.000000000000014 7137.5000000000009 0.61162680387496959 1.5000000000000002 3.5000000000000004 0.6457839608192445 256.50000000000006 97.000000000000014 831.50000000000011 15.500000000000002 77.000000000000014
decision_type=2 2 2 2 2 2 2 2 2 2 2 2 2 2 2 2 2 2 2 2 2 2 2 2 2 2 2 2 2 2
left_child=-1 10 8 4 6 -5 13 -7 -3 -10 12 -12 -2 14 15 -4 18 -18 24 20 21 -20 -23 -24 25 -14 -21 -28 -29 -30
right_child=1 2 3 5 -6 7 -8 -9 9 -11 11 -13 16 -15 -16 -17 17 -19 19 26 -22 22 23 -25 -26 -27 27 28 29 -31
leaf_value=0.063796508824663464 -0.062565107027254541 -0.022784530045335642 -0.11307777991154096 -0.074529376514812007 -0.16574966967882704 0.0051308406539172288 0.047188361205800416 0.13903232929273623 0.12501644886548244 0.014267261065097445 0.0061400882725117078 0.080719433742690361 0.1408120057772641 -0.08035890965697845 0.0044435652670439208 -0.018171269225531094 0.032189503114475902 -0.025706121823561315 -0.2017724731919083 0.066875453519715758 0.0093632614939524669 0.063354290280576861 -0.18614469269544875 -0.05650991587379766 -0.047130636028217432 0.0070115156786842636 -0.096958374828671132 0.067588677885309076 0.01578758200779249 -0.028772721103799179
leaf_weight=22 41 36 27 20 21 25 36 20 20 25 1376 25 20 49 74 32 176 91 31 31 71 39 27 42 48 166 26 33 169 149
leaf_count=22 41 36 27 20 21 25 36 20 20 25 1376 25 20 49 74 32 176 91 31 31 71 39 27 42 48 166 26 33 169 149
internal_value=-0.000534123 -0.00101837 -0.0144876 -0.0250989 -0.0379041 0.0218939 -0.0254955 0.0649298 0.0252579 0.063768 0.00100501 0.00748015 -0.00681105 -0.039918 -0.0249319 -0.0618055 -0.00475835 0.0124363 -0.0101535 -0.0168011 -0.0502419 -0.0807086 -0.045758 -0.107505 0.00738125 0.0214935 0.000406924 -0.00506168 0.00175691 -0.00507807
internal_weight=2968 2946 385 304 239 65 218 45 81 45 2561 1401 1160 182 133 59 1119 267 852 618 210 139 108 69 234 186 408 377 351 318
internal_count=2968 2946 385 304 239 65 218 45 81 45 2561 1401 1160 182 133 59 1119 267 852 618 210 139 108 69 234 186 408 377 351 318
is_linear=0
shrinkage=0.05


Tree=223
num_leaves=31
num_cat=0
split_feature=14 5 31 15 5 6 35 35 31 31 6 34 29 14 15 5 2 8 8 8 8 20 6 14 15 8 8 5 5 8
split_gain=81.0531 46.2645 81.2277 73.8989 75.3537 77.3828 88.4413 69.434 59.7323 55.5442 45.6399 44.733 44.0347 59.3558 59.5792 54.1246 40.0763 44.1908 47.1295 39.7318 56.5674 31.8143 66.09 68.3739 43.8899 28.7378 138.624 97.4243 110.582 65.3098
threshold=-0.41307692307692301 0.44951923076923084 76.500000000000014 11.680414148865188 0.62019230769230782 1.0000000180025095e-35 4.5000000000000009 5.5000000000000009 31.500000000000004 67.500000000000014 0.069711538461538478 1.0000000180025095e-35 4.5000000000000009 0.62115384615384628 12.015219664773744 0.48684210526315791 0.57831379771232616 1503.0000000000002 1405.5000000000002 1788.5000000000002 1522.0000000000002 1.0000000180025095e-35 0.057565789473684216 -0.059288461538461533 12.207326079382586 823.50000000000011 863.50000000000011 0.24038461538461542 0.37980769230769235 587.00000000000011
decision_type=2 2 2 2 2 2 2 2 2 2 2 2 2 2 2 2 2 2 2 2 2 2 2 2 2 2 2 2 2 2
left_child=-1 9 3 4 5 7 -7 8 -3 16 -11 12 13 14 -5 -14 -2 18 25 20 21 22 23 -13 -25 29 27 -27 -29 -18
right_child=1 2 -4 11 -6 6 -8 -9 -10 10 -12 19 15 -15 -16 -17 17 -19 -20 -21 -22 -23 -24 24 -26 26 -28 28 -30 -31
leaf_value=0.073953427798230817 0.071506618799187641 -0.048241983952479306 -0.11015909911499391 -0.015981676751833079 -0.083532154096751673 0.057668286909479408 -0.026971488102696596 0.0022196657951606071 -0.14963520083261367 0.086922607118757364 0.0041761880537431184 0.041691657405755055 0.055635481869454773 0.019340081601128031 -0.10473115861492084 -0.010956972672474455 -0.0040631896422266495 0.045085187699790363 -0.054374335726904227 0.079735150589392734 -0.061545319932390485 0.036883830390205645 0.053020943822274347 -0.10873226016689251 -0.021953842033033806 -0.16016101532072818 0.00057947711769413906 0.013571856785429657 -0.12127016038320866 0.021425189441402332
leaf_weight=36 20 54 20 37 52 55 70 46 20 35 32 30 38 32 39 153 651 54 40 22 25 113 43 21 48 21 687 41 24 409
leaf_count=36 20 54 20 37 52 55 70 46 20 35 32 30 38 32 39 153 651 54 40 22 25 113 43 21 48 21 687 41 24 409
internal_value=-0.000507571 -0.00142602 -0.0107295 -0.0084974 -0.0288975 -0.0172518 0.0102464 -0.045922 -0.075878 0.00281241 0.0475416 0.00157864 -0.0121193 -0.0376234 -0.0616677 0.0022878 0.00126826 0.000533005 -0.000751137 0.0151566 0.0100381 0.017097 0.00130113 -0.0211434 -0.0485562 0.000419211 -0.00690861 -0.0667155 -0.036249 0.00576785
internal_weight=2968 2932 918 898 297 245 125 120 74 2014 67 601 299 108 76 191 1947 1927 1873 302 280 255 142 99 69 1833 773 86 65 1060
internal_count=2968 2932 918 898 297 245 125 120 74 2014 67 601 299 108 76 191 1947 1927 1873 302 280 255 142 99 69 1833 773 86 65 1060
is_linear=0
shrinkage=0.05


Tree=224
num_leaves=31
num_cat=0
split_feature=14 5 16 15 15 7 29 27 27 11 5 14 5 16 16 27 14 27 8 32 27 8 8 29 8 6 27 34 7 27
split_gain=73.173 41.7715 75.7912 141.703 77.9611 71.0797 61.0395 59.8184 71.1887 103.704 55.7689 52.5001 41.0281 67.8596 137.787 59.8059 37.8802 34.756 85.0772 32.3044 123.938 31.3157 106.835 143.257 112.664 86.7182 73.365 79.6027 70.6449 150.324
threshold=-0.41307692307692301 0.44951923076923084 214450.00000000003 12.12784616757034 12.245776970430837 9604.5000000000018 2.5000000000000004 61.500000000000007 57.500000000000007 1.0000000180025095e-35 0.48684210526315791 -0.2906999999999999 0.46761133603238875 197600.00000000003 183875.00000000003 72.500000000000014 0.089615384615384638 64.000000000000014 983.50000000000011 1.0000000180025095e-35 54.000000000000007 997.50000000000011 823.50000000000011 4.5000000000000009 970.50000000000011 1.0000000180025095e-35 54.000000000000007 1.0000000180025095e-35 8518.5000000000018 77.000000000000014
decision_type=2 2 2 2 2 2 2 2 2 2 2 2 2 2 2 2 2 2 2 2 2 2 2 2 2 2 2 2 2 2
left_child=-1 19 3 6 10 -6 -3 8 -8 -10 -4 -9 15 14 16 -13 -14 18 -12 21 -21 22 -2 25 -25 -24 -27 -28 -23 -30
right_child=1 2 4 -5 5 -7 7 11 9 -11 17 12 13 -15 -16 -17 -18 -19 -20 20 -22 28 23 24 -26 26 27 -29 29 -31
leaf_value=0.070266000020454453 0.0074860429822548973 -0.079962175594276777 0.11600411563976856 -0.13850769782709382 -0.027578437890502811 0.050262200303395281 -0.016688595329466354 -0.077180755915235003 -0.0026701696773073565 -0.15425743686741797 0.12927719772709487 -0.086956852154799633 0.0052042369200057887 0.077127398930686653 -0.12050393921504088 0.020312412695271346 0.062244779441021719 -0.015395782662741242 0.00057053562264968263 0.058045614380111438 -0.10333338017828275 0.037689585953782578 0.0051121983806511314 -0.18473478679533128 -0.026194503289811752 0.01519633468768606 -0.036925306582977289 -0.15540661423532798 0.0084907007068443213 -0.13256707111401342
leaf_weight=36 1091 34 22 24 127 38 137 21 20 26 21 28 244 34 21 24 33 31 33 20 29 198 213 23 22 26 35 24 313 20
leaf_count=36 1091 34 22 24 127 38 137 21 20 26 21 28 244 34 21 24 33 31 33 20 29 198 213 23 22 26 35 24 313 20
internal_value=-0.000482729 -0.00135548 -0.0101957 -0.0195201 0.0119305 -0.00960163 -0.0148994 -0.0111158 -0.0348323 -0.0886071 0.0451589 -0.000381152 0.00382481 0.0103073 0.00264349 -0.037408 0.0120377 0.0266489 0.050862 0.0026718 -0.0373785 0.0036749 -0.000162886 -0.0245019 -0.107567 -0.0119099 -0.0545799 -0.0853871 0.0140466 -3.48165e-06
internal_weight=2968 2932 918 646 272 165 622 588 183 46 107 405 384 332 298 52 277 85 54 2014 49 1965 1434 343 45 298 85 59 531 333
internal_count=2968 2932 918 646 272 165 622 588 183 46 107 405 384 332 298 52 277 85 54 2014 49 1965 1434 343 45 298 85 59 531 333
is_linear=0
shrinkage=0.05


Tree=225
num_leaves=31
num_cat=0
split_feature=6 7 24 15 15 5 5 27 27 7 5 6 31 18 30 35 5 27 18 15 35 5 11 7 31 35 7 11 34 1
split_gain=89.5033 37.4647 35.991 73.0996 47.2095 44.5531 117.359 64.8206 163.561 129.317 178.894 246.672 195.671 146.887 136.239 104.264 97.2901 166.562 92.5775 215.164 75.0955 69.443 66.6694 64.6429 59.034 57.6599 88.7766 73.1519 60.2318 55.0627
threshold=0.15587044534412958 15551.000000000002 1.0000000180025095e-35 11.628937648943147 12.101134176251543 0.40283400809716602 0.37980769230769235 64.000000000000014 56.000000000000007 7165.5000000000009 0.51315789473684215 1.0000000180025095e-35 40.500000000000007 145500.00000000003 1.0000000180025095e-35 4.5000000000000009 0.62828947368421062 71.500000000000014 171560.00000000003 12.23441533507197 8.5000000000000018 0.62019230769230782 1.0000000180025095e-35 6067.5000000000009 44.500000000000007 6.5000000000000009 6789.5000000000009 1.0000000180025095e-35 1.0000000180025095e-35 1.0000000180025095e-35
decision_type=2 2 2 2 2 2 2 2 2 2 2 2 2 2 2 2 2 2 2 2 2 2 2 2 2 2 2 2 2 2
left_child=1 2 5 -4 -5 6 -1 8 -7 14 11 13 -12 -11 -10 -13 18 -18 20 -20 21 25 -15 -22 -21 27 -27 28 -9 -8
right_child=-2 -3 3 4 -6 7 29 16 9 10 12 15 -14 22 -16 -17 17 -19 19 24 23 -23 -24 -25 -26 26 -28 -29 -30 -31
leaf_value=0.0011717154599635224 0.088801903812745997 -0.065706576978990808 -0.084583770553511073 0.0090844831522990492 -0.030374665903768767 -0.0042810909692176796 -0.077546049540813372 0.11541318498352021 0.036515774606260036 0.23758154025574996 -0.15846975288813203 -0.10146041495540131 0.025209215858557444 0.014233496448033537 0.17542949032912036 0.039148740313331626 0.12792908811183631 -0.018161787052804246 -0.18192745311131617 0.025286445268500525 -0.006175989615267486 -0.07388306687916478 0.13174286101467056 0.10954060696091941 -0.062996771142490179 -0.10990224134218207 0.011267490698095642 -0.0048114356307119603 0.019309183732181989 0.015954011396982184
leaf_weight=1343 29 21 33 192 125 263 72 26 34 21 22 21 42 22 37 35 37 41 24 46 21 34 27 28 32 27 34 184 44 20
leaf_count=1343 29 21 33 192 125 263 72 26 34 21 22 21 42 22 37 35 37 41 24 46 21 34 27 28 32 27 34 184 44 20
internal_value=0.00154748 0.000672594 0.00115943 -0.0138659 -0.00646402 0.00323473 -0.00256892 0.0107962 0.0235307 0.0515657 0.0299852 0.0645604 -0.0380011 0.127072 0.109123 -0.0135774 -0.000742006 0.0511488 -0.00885558 -0.0513315 0.00202781 -0.00610286 0.0792218 0.0599344 -0.0109026 0.00121836 -0.0423753 0.0117199 0.05519 -0.0571704
internal_weight=2937 2908 2887 350 317 2537 1435 1102 524 261 190 126 64 70 71 56 578 78 500 102 398 349 49 49 78 315 61 254 70 92
internal_count=2937 2908 2887 350 317 2537 1435 1102 524 261 190 126 64 70 71 56 578 78 500 102 398 349 49 49 78 315 61 254 70 92
is_linear=0
shrinkage=0.05


Tree=226
num_leaves=31
num_cat=0
split_feature=35 5 27 16 7 16 5 27 30 34 30 14 29 15 5 5 14 15 16 14 14 27 29 5 7 7 15 5 27 5
split_gain=34.7565 49.3906 122.639 32.349 117.679 63.9694 61.9367 98.1968 92.1726 66.3557 27.8461 99.959 89.8373 99.5655 87.3348 67.5602 62.2275 83.4206 81.7477 102.347 68.143 55.9302 53.8371 51.8942 42.8318 83.8703 87.7173 42.768 42.7582 80.3049
threshold=8.5000000000000018 0.62828947368421062 70.500000000000014 245917.50000000003 9630.0000000000018 275092.50000000006 0.24038461538461542 56.000000000000007 1.5000000000000002 1.0000000180025095e-35 1.0000000180025095e-35 0.33244230769230776 4.5000000000000009 12.543440511287253 0.11513157894736843 0.13942307692307696 0.33380384615384623 12.101134176251543 223125.00000000003 0.3061692307692308 0.40500000000000008 61.500000000000007 2.5000000000000004 0.62019230769230782 506.50000000000006 815.50000000000011 11.64483315516873 0.057565789473684216 57.500000000000007 0.46761133603238875
decision_type=2 2 2 2 2 2 2 2 2 2 2 2 2 2 2 2 2 2 2 2 2 2 2 2 2 2 2 2 2 2
left_child=1 10 -3 4 6 -5 -2 -8 9 -9 11 27 13 28 22 -16 17 23 19 -19 -18 -20 -12 24 -17 26 -26 -1 -13 -30
right_child=3 2 -4 5 -6 -7 7 8 -10 -11 14 12 -14 -15 15 16 20 18 21 -21 -22 -23 -24 -25 25 -27 -28 -29 29 -31
leaf_value=0.061144191659320037 -0.038882596971832703 0.10304139148815515 -0.013141676020600219 0.11895119609875915 -0.096213815841839939 0.0081315429852201939 -0.040640965034628218 0.048520091728190058 -0.0060445343028145164 0.14284473060250633 -0.02739803439686659 -0.009404445184578893 -0.097528629099893446 0.043996196610150973 0.080247959230111271 0.068353641569896886 0.09401041777320604 -0.16898419211110272 0.00025502543960075031 -0.01697396926618927 0.0075774841736712291 -0.088521542603319348 -0.13590463097415753 -0.063232624456492817 -0.11828240363160898 0.00059175988831447674 0.015668660090930427 0.007905410161601371 -0.10245166730069599 3.8120042521427759e-05
leaf_weight=39 32 39 54 22 23 32 31 42 36 34 27 98 36 58 23 21 28 25 76 20 122 23 20 36 31 709 20 1102 45 33
leaf_count=39 32 39 54 22 23 32 31 42 36 34 27 98 36 58 23 21 28 25 76 20 122 23 20 36 31 709 20 1102 45 33
internal_value=0.00147062 -0.00019417 0.0355849 0.0192215 0.00982276 0.0535091 0.0238345 0.0379214 0.0597279 0.0909159 -0.00148116 0.0032576 -0.0240892 -0.0127326 -0.00714683 -0.00437082 -0.00613417 -0.0108132 -0.0458926 -0.101722 0.0237968 -0.0203879 -0.0738677 -0.00461934 -0.00190342 -0.00386005 -0.0657269 0.00973472 -0.0314701 -0.0590821
internal_weight=2937 2685 93 252 198 54 175 143 112 76 2592 1411 270 234 1181 1134 1111 961 144 45 150 99 47 817 781 760 51 1141 176 78
internal_count=2937 2685 93 252 198 54 175 143 112 76 2592 1411 270 234 1181 1134 1111 961 144 45 150 99 47 817 781 760 51 1141 176 78
is_linear=0
shrinkage=0.05


Tree=227
num_leaves=31
num_cat=0
split_feature=6 2 27 27 31 27 35 34 18 5 31 11 24 15 27 7 27 2 31 5 27 8 2 7 2 27 5 31 5 2
split_gain=82.1206 50.4447 106.36 59.0689 35.5266 172.722 63.2899 54.4407 121.451 61.0502 36.3978 46.0102 33.0348 110.989 53.7131 127.711 47.8451 46.0812 33.8597 34.5049 76.5715 128.904 154.036 113.033 80.1635 70.15 62.9917 87.3719 62.8384 106.134
threshold=0.15587044534412958 0.58118742704391491 50.500000000000007 61.500000000000007 76.500000000000014 61.500000000000007 8.5000000000000018 1.0000000180025095e-35 116415.00000000001 0.42927631578947373 63.500000000000007 1.0000000180025095e-35 1.0000000180025095e-35 11.628937648943147 67.500000000000014 6898.5000000000009 61.500000000000007 0.61965721845626842 63.500000000000007 0.42927631578947373 64.000000000000014 962.50000000000011 0.64362648129463207 6728.0000000000009 0.66508311033248912 65.500000000000014 0.55048076923076927 49.500000000000007 0.37980769230769235 0.62591281533241283
decision_type=2 2 2 2 2 2 2 2 2 2 2 2 2 2 2 2 2 2 2 2 2 2 2 2 2 2 2 2 2 2
left_child=1 2 -1 -4 6 -6 12 10 -9 -10 11 -8 18 -14 16 -16 -15 -17 19 28 21 22 23 -21 -23 -22 27 -27 -3 -30
right_child=-2 4 3 -5 5 -7 7 8 9 -11 -12 -13 13 14 15 17 -18 -19 -20 20 25 24 -24 -25 -26 26 -28 -29 29 -31
leaf_value=-0.041330435389799691 0.084974983549609626 -0.000536069485788896 0.14200596571957919 0.025266797911023622 0.071154658107960955 -0.11185202720234583 -0.075235601443337255 0.1584065498404913 -0.012279357541387086 0.088401568548761911 0.030845400159314092 0.021403788054879771 -0.11363024332206627 -0.0047671577621154664 -0.12402803303791439 -0.050457436039080074 0.061451657808086951 0.048666131244541486 -0.062674049582879685 0.0017447519108354369 -0.080297627850496489 -0.0048365945693733181 0.17801333665847779 0.11744619967278179 0.069095329065610528 -0.0058677020460983983 0.022247625068684607 -0.09936976256743868 -0.0044638644234133952 -0.10013080526247849
leaf_weight=24 29 1247 24 20 21 33 25 22 43 23 57 24 27 181 30 20 32 28 21 66 29 245 25 31 43 227 183 28 85 44
leaf_count=24 29 1247 24 20 21 33 25 22 43 23 57 24 27 181 30 20 32 28 21 66 29 245 25 31 43 227 183 28 85 44
internal_value=0.00139671 0.000558618 0.0430858 0.0892337 -0.00045936 -0.0405904 0.000318119 0.0278584 0.0569083 0.0228114 0.00366343 -0.027853 -0.00174222 -0.0168344 -0.00780025 -0.0432768 0.00518191 0.00724166 0.000366754 0.000959326 0.00871124 0.0244784 0.0675351 0.0388559 0.00620465 -0.00512303 -0.000117109 -0.0161891 -0.00397804 -0.0371855
internal_weight=2937 2908 68 44 2840 54 2786 194 88 66 106 49 2592 318 291 78 213 48 2274 2253 877 410 122 97 288 467 438 255 1376 129
internal_count=2937 2908 68 44 2840 54 2786 194 88 66 106 49 2592 318 291 78 213 48 2274 2253 877 410 122 97 288 467 438 255 1376 129
is_linear=0
shrinkage=0.05


Tree=228
num_leaves=31
num_cat=0
split_feature=6 31 27 35 31 31 30 27 5 8 8 7 27 27 31 7 31 24 18 27 5 27 5 35 18 15 18 15 27 8
split_gain=74.1406 33.6995 155.95 52.895 39.0905 38.7814 60.2287 93.919 28.9912 28.1302 131.792 82.3138 102.961 186.25 87.1733 56.6695 49.271 42.6656 115.702 65.1368 42.6434 110.228 59.5639 43.142 41.6948 35.9652 57.5746 49.6822 63.6874 31.0708
threshold=0.15587044534412958 76.500000000000014 61.500000000000007 8.5000000000000018 65.500000000000014 63.500000000000007 1.5000000000000002 57.500000000000007 0.48684210526315791 1103.0000000000002 1089.5000000000002 9245.0000000000018 56.000000000000007 61.500000000000007 39.500000000000007 8161.5000000000009 14.500000000000002 1.0000000180025095e-35 78150.000000000015 67.500000000000014 0.55048076923076927 64.000000000000014 0.53238866396761142 2.5000000000000004 125870.00000000001 12.543440511287253 268000.00000000006 12.423906077845034 56.000000000000007 1186.5000000000002
decision_type=2 2 2 2 2 2 2 2 2 2 2 2 2 2 2 2 2 2 2 2 2 2 2 2 2 2 2 2 2 2
left_child=1 3 -3 4 9 -5 7 -7 -9 10 16 12 24 -14 15 -15 -1 20 -19 -20 22 -22 23 -18 -11 27 -27 -25 -29 -16
right_child=-2 2 -4 5 -6 6 -8 8 -10 11 -12 -13 13 14 29 -17 17 18 19 -21 21 -23 -24 25 -26 26 -28 28 -30 -31
leaf_value=0.065327363689447235 0.080740842586735265 0.067613788252758183 -0.10627632469073885 0.004050487898727524 -0.061453394380565796 -0.01375701291672079 -0.023677607858342824 0.13817052488302112 0.061085760014317037 -0.075004867990663388 -0.12725540152905393 -0.0015338367369307371 0.19589239148532644 0.046564680178052008 0.039102661764004315 -0.066044456651248779 -0.040472089326778454 -0.12646435465802791 0.00037054336059300975 -0.082811352995488918 0.096631269725016386 -0.0011660385479189156 -0.078622295609508383 0.0012765046012964156 0.014785433566801438 0.10731498067132868 -0.012256037002772242 0.0035644361128409699 -0.11033243991079784 0.11772819832823743
leaf_weight=27 29 21 33 97 26 23 22 31 21 20 21 491 22 20 25 25 66 24 178 27 40 102 25 1370 36 20 20 26 23 26
leaf_count=27 29 21 33 97 26 23 22 31 21 20 21 491 22 20 25 25 66 24 178 27 40 102 25 1370 36 20 20 26 23 26
internal_value=0.0013271 0.000530677 -0.03856 0.00127338 -0.000563473 0.0264722 0.0488151 0.0701495 0.107313 3.79782e-05 -0.00296302 0.00893028 0.038471 0.0649588 0.0347286 -0.0158928 -0.00161409 -0.00256091 -0.0228109 -0.0105958 0.000178011 0.0263959 -0.00222221 -0.000961399 -0.0172699 0.00082515 0.0475233 -0.000490951 -0.0499114 0.0794361
internal_weight=2937 2908 54 2854 2660 194 97 75 52 2634 1969 665 174 118 96 45 1948 1921 229 205 1692 142 1550 1525 56 1459 40 1419 49 51
internal_count=2937 2908 54 2854 2660 194 97 75 52 2634 1969 665 174 118 96 45 1948 1921 229 205 1692 142 1550 1525 56 1459 40 1419 49 51
is_linear=0
shrinkage=0.05


Tree=229
num_leaves=31
num_cat=0
split_feature=6 2 27 27 5 5 2 27 34 27 27 2 2 35 2 15 2 27 2 5 15 5 7 2 14 15 11 27 2 9
split_gain=66.9361 44.038 93.7357 52.3448 28.0875 124.395 69.0045 111.091 69.0858 57.0615 108.898 165.819 190.406 154.119 176.492 145.865 102.524 110.786 101.808 96.6526 92.0236 119.92 73.4475 72.9653 71.9377 71.5443 119.575 104.009 90.0801 59.716
threshold=0.15587044534412958 0.58118742704391491 50.500000000000007 61.500000000000007 0.40283400809716602 0.37980769230769235 0.62591281533241283 77.000000000000014 1.0000000180025095e-35 64.000000000000014 56.000000000000007 0.66760164499282848 0.67853298783302318 5.5000000000000009 0.62541240453720104 11.852523202651957 0.60302105545997631 65.500000000000014 0.63589826226234447 0.53238866396761142 12.184393105807702 0.53238866396761142 10585.000000000002 0.62541240453720104 0.596923076923077 11.515926470938227 1.0000000180025095e-35 79.500000000000014 0.66088238358497631 1.0000000180025095e-35
decision_type=2 2 2 2 2 2 2 2 2 2 2 2 2 2 2 2 2 2 2 2 2 2 2 2 2 2 2 2 2 2
left_child=1 2 -1 -4 5 -3 8 -8 -7 10 -6 13 -13 14 24 23 19 -18 22 -11 25 -22 29 -15 -12 28 -27 -28 -20 -19
right_child=-2 4 3 -5 9 6 7 -9 -10 16 11 12 -14 15 -16 -17 17 18 20 -21 21 -23 -24 -25 -26 26 27 -29 -30 -31
leaf_value=-0.038999962086375815 0.076717667781453447 -0.0012400338596363131 0.13324359435263511 0.023334080055912039 -0.0037525933528935549 0.040755055925163486 -0.18883230885340707 -0.023908740719455986 -0.070472701879786576 -0.0067726757220381521 0.036806968771075504 0.23670301259676285 0.020975105153090919 -0.042878027735556476 -0.1327013468837358 0.12523130992093501 -0.085341173308527363 0.062869435054145023 -0.10599693962854972 -0.1460075936005818 -0.15091842209912867 0.002102237254723735 -0.038022619390027698 0.073840190068320113 -0.06303789528223859 0.10658060492426638 0.020773456308195631 -0.076624681681734197 0.002279374675598449 -0.0002887176002971042
leaf_weight=24 29 1525 24 20 315 24 21 20 33 26 82 21 20 30 25 54 35 132 31 24 25 26 31 24 23 31 125 35 50 52
leaf_count=24 29 1525 24 20 315 24 21 20 33 26 82 21 20 30 25 54 35 132 31 24 25 26 31 24 23 31 125 35 50 52
internal_value=0.00126094 0.000504113 0.0402392 0.0835643 -0.000446912 -0.00475421 -0.0593311 -0.108757 -0.023563 0.00529314 0.0163818 0.0391252 0.131899 0.0230735 -0.0135675 0.0671964 -0.00527222 0.000716156 0.00633879 -0.0738633 -0.0113946 -0.0729586 0.0329963 0.00894492 0.0148494 0.000152818 0.0168702 -0.000535709 -0.0391777 0.0450028
internal_weight=2937 2908 68 44 2840 1623 98 41 57 1217 594 279 41 238 130 108 623 573 538 50 323 51 215 54 105 272 191 160 81 184
internal_count=2937 2908 68 44 2840 1623 98 41 57 1217 594 279 41 238 130 108 623 573 538 50 323 51 215 54 105 272 191 160 81 184
is_linear=0
shrinkage=0.05


Tree=230
num_leaves=31
num_cat=0
split_feature=5 33 6 14 5 2 5 18 2 2 2 29 27 2 8 27 14 15 20 33 27 27 8 5 5 31 15 8 27 35
split_gain=88.5691 78.9894 59.0224 98.8308 81.9332 101.618 64.862 51.4072 51.0554 67.2889 63.2444 55.6153 63.1347 97.3561 128.532 61.4576 50.9443 61.1927 141.355 55.6388 64.7825 102.206 48.8803 71.2139 134.857 128.94 98.4234 56.0296 135.209 48.6689
threshold=0.057565789473684216 1.0000000180025095e-35 1.0000000180025095e-35 -0.37884615384615378 0.51315789473684215 0.59555497765541088 0.069711538461538478 263500.00000000006 0.59759381413459789 0.59597772359848034 0.59847760200500499 2.5000000000000004 50.500000000000007 0.58981001377105724 1066.5000000000002 52.000000000000007 0.20865384615384619 12.15433836492346 1.0000000180025095e-35 1.0000000180025095e-35 57.500000000000007 66.500000000000014 295.00000000000006 0.17269736842105265 0.24038461538461542 46.500000000000007 11.515926470938227 504.50000000000006 77.000000000000014 7.5000000000000009
decision_type=2 2 2 2 2 2 2 2 2 2 2 2 2 2 2 2 2 2 2 2 2 2 2 2 2 2 2 2 2 2
left_child=1 -1 3 -2 8 -6 -4 16 9 11 -10 15 -13 -14 -15 -5 22 18 -18 20 -19 -22 23 -8 25 -25 -26 28 -24 -12
right_child=2 -3 6 4 5 -7 7 -9 10 -11 29 12 13 14 -16 -17 17 19 -20 -21 21 -23 27 24 26 -27 -28 -29 -30 -31
leaf_value=-0.10479786627561716 -0.1028306320823472 0.015720169959475078 0.095085070017389778 0.0061282130807446041 -0.13971714490397846 -0.022782280271110622 0.02931293281141821 0.073510723675060938 -0.092032573873539095 0.083323906535378398 -0.0080167929649389048 0.00067345274069692247 0.11468893597483079 -0.049934944415920807 0.11033618159555084 -0.071623744567235303 -0.13452524563890564 0.022541501915688988 0.0099519871175289161 0.059534204563247817 -0.1105073579916241 0.015666627558097963 0.15108571948401958 -0.033641036254037575 -0.042219101931274372 -0.19560364172678091 0.074604098707716046 0.011457676432477167 0.0042663799957184207 0.029698956481455235
leaf_weight=38 26 21 21 76 21 158 66 28 21 33 936 130 39 33 20 38 31 61 37 32 33 31 25 32 41 20 32 717 42 94
leaf_count=38 26 21 21 76 21 158 66 28 21 33 936 130 39 33 20 38 31 61 37 32 33 31 25 32 41 20 32 717 42 94
internal_value=-0.00127347 -0.061863 -2.57884e-05 -0.00630924 -0.00473033 -0.0365992 0.00814509 0.00664664 -0.000707244 0.0152869 -0.00632836 0.00856696 0.0231511 0.0548235 0.0105445 -0.0197853 0.00507631 -0.016356 -0.05594 0.000781491 -0.0142548 -0.0493847 0.0100285 -0.0126339 -0.0348275 -0.0962862 0.00895467 0.0155569 0.0592678 -0.00456737
internal_weight=2933 59 2874 1625 1599 179 1249 1228 1420 369 1051 336 222 92 53 114 1200 225 68 157 125 64 975 191 125 52 73 784 67 1030
internal_count=2933 59 2874 1625 1599 179 1249 1228 1420 369 1051 336 222 92 53 114 1200 225 68 157 125 64 975 191 125 52 73 784 67 1030
is_linear=0
shrinkage=0.05


Tree=231
num_leaves=31
num_cat=0
split_feature=5 33 6 14 2 27 5 2 5 29 29 27 27 2 2 7 27 2 7 14 8 8 5 5 2 7 7 5 27 2
split_gain=79.9432 71.3214 53.2798 89.2314 75.4023 107.378 59.5902 101.014 58.5671 46.7844 46.5078 88.2845 111.603 113.934 100.516 98.6994 74.1605 229.61 42.1991 86.77 68.1065 56.6745 47.8408 42.0408 34.351 61.6408 149.999 108.186 72.1304 60.9706
threshold=0.057565789473684216 1.0000000180025095e-35 1.0000000180025095e-35 -0.37884615384615378 0.67086574435234081 57.500000000000007 0.51315789473684215 0.59555497765541088 0.069711538461538478 1.0000000180025095e-35 5.5000000000000009 61.500000000000007 66.500000000000014 0.64594212174415599 0.66022831201553356 7812.0000000000009 73.500000000000014 0.61206224560737621 1854.0000000000002 0.076742307692307707 97.000000000000014 405.50000000000006 0.22064777327935226 0.15587044534412958 0.59759381413459789 7648.5000000000009 8464.0000000000018 0.42927631578947373 52.000000000000007 0.59847760200500499
decision_type=2 2 2 2 2 2 2 2 2 2 2 2 2 2 2 2 2 2 2 2 2 2 2 2 2 2 2 2 2 2
left_child=1 -1 3 -2 6 -6 9 -8 -4 23 -10 15 -13 16 -15 -12 17 -14 19 20 -11 22 -20 -5 25 -23 -27 28 -28 -26
right_child=2 -3 8 4 5 -7 7 -9 10 18 11 12 13 14 -16 -17 -18 -19 21 -21 -22 24 -24 -25 29 26 27 -29 -30 -31
leaf_value=-0.09957172065738619 -0.09770880029661673 0.014937886503917912 0.09035334614639598 -0.095760095402098455 0.0061711111636023816 -0.12624611041177547 -0.13276439967313647 -0.015688566253460403 0.00075161013834282233 0.1177576893179938 0.15996455209595817 -0.067429153480398379 0.0095478033128022447 -0.10394772419172699 0.014391926993827167 0.017615930633298284 0.017849307384546504 0.20484297387439387 -0.0072375222978750195 -0.05305762564613356 0.018319245086758949 -0.0014530125483010554 -0.11207520167032876 -0.0044216488604019539 -0.088975330299480043 0.1521120137412591 0.010827040884331241 0.071679127697492073 -0.10152049262376757 -0.0008140551198130494
leaf_weight=38 26 21 21 23 31 30 21 147 926 31 23 38 34 24 70 26 60 27 24 21 39 210 20 28 20 25 44 51 21 813
leaf_count=38 26 21 21 23 31 30 21 147 926 31 23 38 34 24 70 26 60 27 24 21 39 210 20 28 20 25 44 51 21 813
internal_value=-0.00120963 -0.0587731 -2.4171e-05 -0.00599422 -0.00449378 -0.0589703 -0.00232619 -0.0304231 0.00773896 0.00111758 0.00631486 0.0233506 0.0114155 0.0253989 -0.0158477 0.0847242 0.0574696 0.0962655 0.00293951 0.0357742 0.0625328 0.000499535 -0.0551505 -0.0458181 0.00257632 0.0156962 0.0412559 0.017211 -0.0254932 -0.0029472
internal_weight=2933 59 2874 1625 1599 61 1538 168 1249 1370 1228 302 253 215 94 49 121 61 1319 91 70 1228 44 51 1184 351 141 116 65 833
internal_count=2933 59 2874 1625 1599 61 1538 168 1249 1370 1228 302 253 215 94 49 121 61 1319 91 70 1228 44 51 1184 351 141 116 65 833
is_linear=0
shrinkage=0.05


Tree=232
num_leaves=31
num_cat=0
split_feature=5 8 31 27 8 5 8 6 14 5 8 27 11 15 27 15 5 5 31 7 31 27 31 15 27 7 27 7 18 27
split_gain=72.1556 65.1758 54.6463 85.5939 55.0417 112.511 80.2334 49.7818 80.1228 59.2769 68.331 59.9852 101.673 52.3851 66.8975 102.588 104.597 116.825 73.2921 82.1246 58.7251 188.482 92.6534 58.3529 55.3476 88.8996 63.1679 58.0655 45.5 45.2722
threshold=0.057565789473684216 70.500000000000014 76.500000000000014 61.500000000000007 70.500000000000014 0.19901315789473686 68.500000000000014 1.0000000180025095e-35 -0.37884615384615378 0.51315789473684215 1503.0000000000002 61.500000000000007 1.0000000180025095e-35 12.022747621535084 61.500000000000007 11.988367839243864 0.19901315789473686 0.44951923076923084 48.500000000000007 6067.5000000000009 29.500000000000004 54.000000000000007 35.500000000000007 12.091158183302793 79.500000000000014 5236.5000000000009 71.500000000000014 7436.5000000000009 263500.00000000006 57.500000000000007
decision_type=2 2 2 2 2 2 2 2 2 2 2 2 2 2 2 2 2 2 2 2 2 2 2 2 2 2 2 2 2 2
left_child=1 -1 4 -4 5 6 -2 8 -6 10 13 12 -11 14 18 16 -16 24 20 -20 29 -22 -23 -15 25 -18 27 -27 -9 -10
right_child=2 -3 3 -5 7 -7 -8 28 9 11 -12 -13 -14 23 15 -17 17 -19 19 -21 21 22 -24 -25 -26 26 -28 -29 -30 -31
leaf_value=-0.12902499155618657 0.1457496509579311 -0.017943466955895923 0.026812623608098853 -0.10018543461478369 -0.092842078574315798 -0.058563921196543745 0.025155052056961315 0.0061816858687119853 0.002522192051615686 -0.0054848741139135052 0.064134729929182607 -0.0081268479684098206 -0.12614863027619855 0.063580056209022101 -0.095661719206838428 -0.14239318474608273 0.11652728054533359 -0.07788559105722645 -0.0010489642867888686 -0.10404055604596468 -0.0032731650342091288 0.040187073592499734 0.17967154814665062 0.0033422381551344825 -0.056531776849763085 0.03058973050665581 0.069741218996223917 -0.072061211961446353 0.072984992133246523 -0.051088693864833112
leaf_weight=20 25 39 22 33 26 20 31 1124 171 34 39 107 36 43 41 20 24 43 45 34 125 23 25 603 21 26 27 29 26 51
leaf_count=20 25 39 22 33 26 20 31 1124 171 34 39 107 36 43 41 20 24 43 45 34 125 23 25 603 21 26 27 29 26 51
internal_value=-0.00114949 -0.0558374 -2.3166e-05 -0.049339 0.000938951 0.0428844 0.0792449 -0.000222925 -0.00594768 -0.00449689 -0.001022 -0.0317413 -0.0677033 -0.00291122 -0.0123378 -0.0343954 -0.0240724 -0.00673124 -0.00157261 -0.0455132 0.00721215 0.0290503 0.113162 0.00736883 0.0173634 0.0320896 0.00720338 -0.0234771 0.00770258 -0.00978877
internal_weight=2933 59 2874 55 2819 76 56 2743 1593 1567 1390 177 70 1351 705 231 211 170 474 79 395 173 48 646 127 106 82 55 1150 222
internal_count=2933 59 2874 55 2819 76 56 2743 1593 1567 1390 177 70 1351 705 231 211 170 474 79 395 173 48 646 127 106 82 55 1150 222
is_linear=0
shrinkage=0.05


Tree=233
num_leaves=31
num_cat=0
split_feature=8 24 27 7 18 7 15 27 14 14 5 10 27 27 27 27 27 5 5 14 8 27 27 2 27 8 16 2 8 5
split_gain=65.8976 32.5177 74.784 97.8231 75.5025 59.2553 69.0616 62.0868 55.0158 126.555 84.763 72.8573 133.889 115.461 77.3528 78.4475 69.4846 112.63 107.012 92.2001 95.2899 72.8754 61.645 56.8223 55.116 53.9423 52.3678 93.606 49.7898 124.078
threshold=67.500000000000014 1.0000000180025095e-35 66.500000000000014 6858.5000000000009 98100.000000000015 6035.0000000000009 11.628937648943147 47.000000000000007 -0.059288461538461533 -0.035230769230769225 0.53238866396761142 1.0000000180025095e-35 66.500000000000014 67.500000000000014 56.000000000000007 59.000000000000007 77.000000000000014 0.62828947368421062 0.34210526315789475 -0.075769230769230755 70.500000000000014 64.000000000000014 71.500000000000014 0.65016961097717296 54.000000000000007 793.50000000000011 250950.00000000003 0.67984241247177135 823.50000000000011 0.46761133603238875
decision_type=2 2 2 2 2 2 2 2 2 2 2 2 2 2 2 2 2 2 2 2 2 2 2 2 2 2 2 2 2 2
left_child=-1 8 5 -4 -5 7 -7 -3 16 -10 28 12 14 -13 -12 -16 17 19 -18 20 -2 24 -14 -24 -22 -26 27 -15 29 -11
right_child=1 2 3 4 -6 6 -8 -9 9 10 11 13 22 26 15 -17 18 -19 -20 -21 21 -23 23 -25 25 -27 -28 -29 -30 -31
leaf_value=-0.075960961829141249 0.10667490111238852 -0.0028917673556049591 -0.13191317073815234 -0.092196342278430807 0.027438682710428181 -0.095658690838581056 -0.0057285073723212293 0.080721306021644096 -0.12325559429718419 0.00059965662342727861 -0.025480872265917737 0.091494100470949843 0.03385417974756625 -0.1213959440232748 -0.19174503133116491 -0.069226462767853852 -0.11991383442423534 0.13108889638977947 0.010318493774790119 0.12446269899310164 -0.030290267725644748 -0.031374500856919861 0.016046205759619386 -0.080162032868341615 -0.011300777730001398 0.076563618719682189 0.038306504826975091 0.023324128614729319 0.011885966776893971 -0.069925934846350596
leaf_weight=29 24 55 28 21 35 25 144 37 21 882 29 30 50 25 25 28 20 26 73 20 29 92 26 37 25 57 21 20 932 67
leaf_count=29 24 55 28 21 35 25 144 37 21 882 29 30 50 25 25 28 20 26 73 20 29 92 26 37 25 57 21 20 932 67
internal_value=-0.00109269 -0.000340727 -0.0147496 -0.0557551 -0.0174197 -0.00151699 -0.0191101 0.0307321 0.0016004 -0.00139278 -0.000206627 -0.0253166 -0.0428686 0.0102915 -0.0914684 -0.127365 0.0195441 0.0322632 -0.0177335 0.0217914 0.0126727 0.00148742 -0.00750761 -0.0404153 0.0287731 0.0497337 -0.0266257 -0.0570559 0.00367649 -0.00438107
internal_weight=2933 2904 345 84 56 261 169 92 2559 2193 2172 291 195 96 82 53 366 273 93 247 227 203 113 63 111 82 66 45 1881 949
internal_count=2933 2904 345 84 56 261 169 92 2559 2193 2172 291 195 96 82 53 366 273 93 247 227 203 113 63 111 82 66 45 1881 949
is_linear=0
shrinkage=0.05


Tree=234
num_leaves=31
num_cat=0
split_feature=8 31 29 8 8 31 7 29 35 31 6 14 14 16 16 15 31 31 8 29 16 35 15 7 35 35 7 14 6 14
split_gain=59.4926 50.3277 60.4808 44.5295 44.3635 64.6659 49.6559 32.2545 96.9507 66.5698 33.7109 64.7412 35.9529 31.1174 62.6707 55.7633 52.808 50.8128 43.2484 64.6498 164.586 53.4334 45.2675 45.1031 41.4203 57.4515 131.847 47.083 40.8533 94.4174
threshold=67.500000000000014 76.500000000000014 4.5000000000000009 68.500000000000014 1647.5000000000002 58.500000000000007 11735.000000000002 1.0000000180025095e-35 4.5000000000000009 47.500000000000007 0.057565789473684216 -0.37884615384615378 -0.38961538461538453 244050.00000000003 301622.00000000006 12.586617685003349 65.500000000000014 29.500000000000004 1475.5000000000002 4.5000000000000009 209150.00000000003 7.5000000000000009 11.940157736974619 7249.0000000000009 6.5000000000000009 3.5000000000000004 6411.5000000000009 0.2207692307692308 1.0000000180025095e-35 0.11923076923076925
decision_type=2 2 2 2 2 2 2 2 2 2 2 2 2 2 2 2 2 2 2 2 2 2 2 2 2 2 2 2 2 2
left_child=-1 3 -3 -2 6 -6 7 8 -5 -10 11 -9 -12 16 24 17 18 -16 19 21 22 28 -21 -23 25 -15 -27 -28 -13 -30
right_child=1 2 -4 4 5 -7 -8 10 9 -11 12 13 -14 14 15 -17 -18 -19 -20 20 -22 23 -24 -25 -26 26 27 -29 29 -31
leaf_value=-0.072175965035699077 0.055001319204821097 -0.0022914870231864537 -0.10934732027384109 -0.10740637412098786 0.010263674490326506 0.09309844465548639 -0.056868821570180597 -0.080526833868554595 0.039314204213228038 -0.059832411982476491 0.06501176105434163 -0.001249771360791026 0.0064669629661498742 -0.021274047769675744 0.0097824497896730044 0.025672531846743042 -0.086913490625311479 -0.066332468944075851 0.047233064140234718 -0.02578979925440782 -0.14095359198080742 0.097658507668131112 0.044202829498360165 0.0041419283854791699 -0.0045436249432669624 0.1592119313745578 -0.027162057958625779 0.04833836703237826 0.0031318104698996626 -0.10690595060107794
leaf_weight=29 37 31 23 28 125 29 40 27 45 27 27 852 837 32 34 51 20 61 38 129 30 24 28 28 81 24 27 86 52 31
leaf_count=29 37 31 23 28 125 29 40 27 45 27 27 852 837 32 34 51 20 61 38 129 30 24 28 28 81 24 27 86 52 31
internal_value=-0.00103909 -0.000324517 -0.0480996 0.000580597 -0.000135363 0.0259452 -0.00164866 -0.000801229 -0.0286364 0.00203346 0.000302889 -0.00387427 0.00830959 -0.00259507 0.00959101 -0.0164098 -0.00651654 -0.0390571 -0.00517867 -0.00688327 -0.0338325 -0.00176941 -0.013255 0.047504 0.0247959 0.038882 0.0529748 0.0302462 -0.00451988 -0.0379857
internal_weight=2933 2904 54 2850 2813 154 2659 2619 100 72 2519 1655 864 1628 396 146 1232 95 1212 1174 187 987 157 52 250 169 137 113 935 83
internal_count=2933 2904 54 2850 2813 154 2659 2619 100 72 2519 1655 864 1628 396 146 1232 95 1212 1174 187 987 157 52 250 169 137 113 935 83
is_linear=0
shrinkage=0.05


Tree=235
num_leaves=31
num_cat=0
split_feature=2 2 14 27 6 7 2 27 8 9 8 15 2 27 16 14 16 8 7 2 31 14 2 31 27 14 27 27 27 7
split_gain=34.527 84.3077 84.6952 103.922 63.8014 58.2099 56.1607 278.122 126.97 73.3299 126.876 48.4157 46.1203 100.884 44.1436 77.5947 56.6012 46.3301 80.6234 94.6844 42.4001 51.7233 112.839 42.2787 74.2939 50.2111 74.8565 260.944 86.5233 80.9396
threshold=0.62591281533241283 0.63511124253273021 0.3061692307692308 70.500000000000014 0.057565789473684216 7249.0000000000009 0.63783514499664318 67.500000000000014 859.00000000000011 1.0000000180025095e-35 823.50000000000011 11.98074305876939 0.62873792648315441 56.000000000000007 274100.00000000006 0.54230769230769238 132803.50000000003 74.500000000000014 4363.5000000000009 0.65570423007011425 21.500000000000004 -0.23461538461538459 0.71547985076904308 44.500000000000007 69.500000000000014 0.76538461538461544 56.000000000000007 52.000000000000007 57.500000000000007 2929.0000000000005
decision_type=2 2 2 2 2 2 2 2 2 2 2 2 2 2 2 2 2 2 2 2 2 2 2 2 2 2 2 2 2 2
left_child=23 2 3 4 12 -6 7 -3 -9 14 -11 -12 -2 -14 16 -16 20 -18 19 -19 -8 22 -22 25 -25 26 27 -1 -28 -30
right_child=1 6 -4 -5 5 -7 9 8 -10 10 11 -13 13 -15 15 -17 17 18 -20 -21 21 -23 -24 24 -26 -27 28 -29 29 -31
leaf_value=0.010832881238633036 -0.099453507172720446 0.17173534845074168 0.064586702997411649 0.004780252928872711 -0.18273072432522752 -0.062737627320380004 -0.057444015648358916 -0.095716507922333133 0.056127779459816285 -0.14912835052110493 -0.061405413498811151 0.020812425240367447 -0.090787766373465417 0.041140783580553113 -0.095600677848456314 0.024714608397721258 0.072413960489792026 -0.11258272098926092 0.025337047757120236 0.00074190708991049505 -0.098921011929984481 0.0038643538063770893 0.039255143065175573 -0.012009878859326646 0.052717926539860044 -0.023597375506946142 0.098340616425059729 -0.13896095553514851 0.10983169416032464 0.017393044118759266
leaf_weight=446 27 27 20 72 20 21 39 29 26 22 30 44 27 31 30 24 35 24 306 78 38 377 24 455 49 91 41 31 25 429
leaf_count=446 27 27 20 72 20 21 39 29 26 22 30 44 27 31 30 24 35 24 306 78 38 377 24 455 49 91 41 31 25 429
internal_value=0.00115103 -0.00464151 -0.0331493 -0.0430745 -0.0704418 -0.121695 0.000746585 0.0406043 -0.0238732 -0.00230392 -0.0439772 -0.0124895 -0.0455471 -0.0202387 0.00179826 -0.042088 0.00438111 0.0172582 0.0124978 -0.0259579 -0.00754372 -0.00308721 -0.0453759 0.00622221 -0.00569777 0.0118785 0.0152071 0.00106029 0.0288264 0.0225174
internal_weight=2938 1371 218 198 126 41 1153 82 55 1071 96 74 85 58 975 54 921 443 408 102 478 439 62 1567 504 1063 972 477 495 454
internal_count=2938 1371 218 198 126 41 1153 82 55 1071 96 74 85 58 975 54 921 443 408 102 478 439 62 1567 504 1063 972 477 495 454
is_linear=0
shrinkage=0.05


Tree=236
num_leaves=31
num_cat=0
split_feature=2 2 14 27 6 7 2 27 31 16 2 2 27 16 2 2 27 9 27 15 14 5 5 35 31 5 6 27 7 29
split_gain=31.1746 76.1196 76.4843 93.85 57.6108 52.5397 50.7085 251.096 115.193 67.6672 119.552 41.6354 91.0857 39.021 76.8031 118.306 75.8053 61.5186 65.5978 52.059 71.9742 43.6092 120.878 85.0113 41.9444 55.9695 52.2469 40.6509 93.6939 57.3124
threshold=0.62591281533241283 0.63511124253273021 0.3061692307692308 70.500000000000014 0.057565789473684216 7249.0000000000009 0.63783514499664318 67.500000000000014 44.500000000000007 259300.00000000003 0.65347799658775341 0.62873792648315441 56.000000000000007 132803.50000000003 0.64410844445228588 0.64857995510101329 57.500000000000007 1.0000000180025095e-35 67.500000000000014 12.15433836492346 0.19524615384615387 0.25657894736842107 0.17269736842105265 8.5000000000000018 19.500000000000004 0.44951923076923084 0.13942307692307696 64.000000000000014 7249.0000000000009 4.5000000000000009
decision_type=2 2 2 2 2 2 2 2 2 2 2 2 2 2 2 2 2 2 2 2 2 2 2 2 2 2 2 2 2 2
left_child=-1 2 3 4 11 -6 7 -3 -9 13 -11 -2 -13 24 16 -16 -15 19 -19 20 21 22 -17 -23 -8 26 -26 28 -27 -30
right_child=1 6 -4 -5 5 -7 9 8 -10 10 -12 12 -14 14 15 17 -18 18 -20 -21 -22 23 -24 -25 25 27 -28 -29 29 -31
leaf_value=0.0059116250428087481 -0.094499182185618646 0.16318026095271332 0.061373433352109798 0.0045415715023813244 -0.17363964486774522 -0.059615611909972548 -0.076185143391740803 -0.093638926813398804 0.050799309481553923 0.010163842177776635 -0.12269512455179761 -0.086265127971163535 0.039090358885154844 0.015993735136323243 0.10066852680671856 0.031833905624469076 -0.10452324178385997 0.025892016167957263 -0.081161922063582984 0.073596400588580135 -0.048292036695815541 0.02047380631413909 -0.11717112529559515 0.12421078216705926 0.011310723077707701 0.075824439296831234 -0.071913383552684104 -0.060136015740830495 0.0031622854690266469 -0.091657372943007243
leaf_weight=1567 27 27 20 72 20 21 22 28 27 37 31 27 31 25 39 42 27 24 35 37 44 189 20 22 303 24 20 66 35 29
leaf_count=1567 27 27 20 72 20 21 22 28 27 37 31 27 31 25 39 42 27 24 35 37 44 189 20 22 303 24 20 66 35 29
internal_value=0.00109286 -0.00441119 -0.0314993 -0.0409319 -0.0669393 -0.115646 0.000708364 0.0385821 -0.0226786 -0.00219006 -0.050422 -0.0432785 -0.0192268 0.00107961 0.010896 0.0175267 -0.0465669 0.00964097 -0.0375598 0.0175303 0.0109494 0.0205299 -0.016263 0.0313674 -0.00882534 -0.0056928 0.00612139 -0.0304922 -0.00815964 -0.0398008
internal_weight=2938 1371 218 198 126 41 1153 82 55 1071 68 85 58 1003 504 452 52 413 59 354 317 273 62 211 499 477 323 154 88 64
internal_count=2938 1371 218 198 126 41 1153 82 55 1071 68 85 58 1003 504 452 52 413 59 354 317 273 62 211 499 477 323 154 88 64
is_linear=0
shrinkage=0.05


Tree=237
num_leaves=31
num_cat=0
split_feature=2 2 18 5 27 9 8 5 16 16 18 7 27 5 27 5 10 7 10 34 7 7 7 27 34 16 2 18 5 27
split_gain=28.1421 68.8396 67.0462 84.7476 47.8061 41.3344 104.038 118.088 42.0621 110.469 107.163 38.7572 112.913 131.397 88.2776 84.6797 76.6305 112.646 76.4607 130.95 81.7914 73.7304 61.8869 101.867 99.2638 53.6201 51.7798 52.6148 76.9998 87.5028
threshold=0.62591281533241283 0.63228291273117077 139976.50000000003 0.31009615384615391 67.500000000000014 1.0000000180025095e-35 823.50000000000011 0.51315789473684215 274100.00000000006 250950.00000000003 199450.00000000003 5800.5000000000009 56.000000000000007 0.31414473684210531 50.500000000000007 0.13942307692307696 1.0000000180025095e-35 4693.5000000000009 1.0000000180025095e-35 1.0000000180025095e-35 5252.5000000000009 4290.0000000000009 6491.0000000000009 50.500000000000007 1.0000000180025095e-35 350400.00000000006 0.59280768036842357 207600.00000000003 0.46761133603238875 56.000000000000007
decision_type=2 2 2 2 2 2 2 2 2 2 2 2 2 2 2 2 2 2 2 2 2 2 2 2 2 2 2 2 2 2
left_child=11 2 3 -2 -5 8 -7 -8 9 -3 -10 12 14 18 15 -1 -15 -18 20 -20 21 -14 23 -13 -25 26 -24 28 -28 -30
right_child=1 5 -4 4 -6 6 7 -9 10 -11 -12 22 13 16 -16 -17 17 -19 19 -21 -22 -23 25 24 -26 -27 27 -29 29 -31
leaf_value=0.072800307756985011 -0.12242863413787658 0.0027253513872541003 0.0183961945430299 -0.074670775625792843 0.0077811912728601856 -0.11061228977138644 -0.047949243644562253 0.074418318643005466 -0.11475467789218799 0.1210930522253264 0.016704111970628654 0.0066328679145931839 -7.8703030463187916e-05 0.15579532660855358 -0.10766143728399752 -0.012669523307029777 -0.028438094029059776 0.12489800907642906 0.16079358105410899 0.00018085371296725167 0.041751329440310965 -0.11320884536462 -0.018290010228539565 -0.020856523304624511 -0.13727857097287044 0.06916146130008026 0.0038546942674405403 -0.021374326786499916 -0.0092685400249737353 0.066312057750640543
leaf_weight=35 34 1029 40 30 42 29 51 32 26 20 38 98 34 31 20 166 22 26 21 32 44 25 211 43 32 32 403 112 55 125
leaf_count=35 34 1029 40 30 42 29 51 32 26 20 38 98 34 31 20 166 22 26 21 32 44 25 211 43 32 32 403 112 55 125
internal_value=0.0010376 -0.00419179 -0.0366333 -0.0574441 -0.0265604 -0.000318535 -0.0292613 -0.000678439 0.00259182 0.00499822 -0.0367187 0.00561606 0.0178887 0.0420125 -0.00774813 0.00221722 0.0945207 0.054602 0.0153463 0.064097 -0.00972834 -0.0482103 0.000573211 -0.0268912 -0.0707132 0.00564627 0.00339001 0.00998088 0.0160157 0.0431979
internal_weight=2938 1371 146 106 72 1225 112 83 1113 1049 64 1567 456 235 221 201 79 48 156 53 103 59 1111 173 75 938 906 695 583 180
internal_count=2938 1371 146 106 72 1225 112 83 1113 1049 64 1567 456 235 221 201 79 48 156 53 103 59 1111 173 75 938 906 695 583 180
is_linear=0
shrinkage=0.05


Tree=238
num_leaves=31
num_cat=0
split_feature=31 7 5 2 5 15 2 31 15 7 6 31 11 2 2 2 15 2 2 8 7 31 2 7 8 31 2 35 8 0
split_gain=25.4123 61.3784 51.543 59.7962 144.648 81.3214 47.6818 71.9796 150.389 100.264 196.915 97.7178 102.363 71.8481 61.2101 59.4604 165.334 59.1073 55.8979 107.341 55.358 47.1735 47.0808 47.0763 96.1712 44.1691 49.2196 76.1824 46.7768 42.4847
threshold=44.500000000000007 500.50000000000006 0.091093117408906896 0.67251744866371166 0.22064777327935226 11.515926470938227 0.62617102265357982 36.500000000000007 12.191090970656875 6789.5000000000009 0.057565789473684216 33.500000000000007 1.0000000180025095e-35 0.65681865811347973 0.63353851437568676 0.61921602487564098 11.84959587798839 0.61815908551216137 0.61438539624214183 912.50000000000011 9928.0000000000018 25.500000000000004 0.65270385146141063 4853.0000000000009 741.50000000000011 76.500000000000014 0.65241101384162914 7.5000000000000009 1625.5000000000002 1.0000000180025095e-35
decision_type=2 2 2 2 2 2 2 2 2 2 2 2 2 2 2 2 2 2 2 2 2 2 2 2 2 2 2 2 2 2
left_child=6 22 -3 23 -5 -6 15 11 9 10 -9 14 13 -13 21 17 -17 18 -1 -20 -11 -8 -2 -4 -25 26 28 -28 -26 -16
right_child=1 2 3 4 5 -7 7 8 -10 20 -12 12 -14 -15 29 16 -18 -19 19 -21 -22 -23 -24 24 25 -27 27 -29 -30 -31
leaf_value=0.0051357647195617723 0.0041333367090776148 -0.066901992220390283 0.023536303985856332 -0.16351706752303377 -0.080157347852827743 0.044454725095973202 -0.10837564773826679 0.17077365269098568 -0.10812140273217537 -0.089393626160882589 0.025590518201310558 -0.17909338934726626 0.0034684795263575669 -0.056234761757040355 0.021213493895826704 0.11930672642724374 0.0040420714451792836 -0.055082050628578565 0.11498773365660951 0.0029720883160667278 0.019206456962005101 -0.010985021514397016 0.10579073367666858 -0.10792871990696691 -0.010628120381665333 -0.064366150598755403 0.10814529874629203 -0.003974323248456469 0.038224620535942194 -0.009444037225762399
leaf_weight=809 25 36 147 20 22 32 24 30 20 20 105 21 34 28 162 46 96 37 35 55 28 26 21 23 517 29 25 38 54 373
leaf_count=809 25 36 147 20 22 32 24 30 20 20 105 21 34 28 162 46 96 37 35 55 28 26 21 23 517 29 25 38 54 373
internal_value=0.000985723 -0.00553963 -0.00829729 -0.00595857 -0.0490037 -0.00627506 0.00429963 -0.00439642 0.0216617 0.0359243 0.057993 -0.0123248 -0.0630661 -0.109248 -0.00510755 0.0113302 0.0414742 0.00674782 0.00930395 0.0466685 -0.0260314 -0.0579553 0.0507794 -0.0021232 -0.00763159 -0.00412891 -0.00135598 0.0405392 -0.00599343 -0.000149249
internal_weight=2938 989 943 907 74 54 1949 871 203 183 135 668 83 49 585 1078 142 936 899 90 48 50 46 833 686 663 634 63 571 535
internal_count=2938 989 943 907 74 54 1949 871 203 183 135 668 83 49 585 1078 142 936 899 90 48 50 46 833 686 663 634 63 571 535
is_linear=0
shrinkage=0.05


Tree=239
num_leaves=31
num_cat=0
split_feature=31 7 2 31 15 7 6 27 31 27 2 2 15 14 2 16 8 7 2 6 6 27 30 27 31 35 27 27 27 8
split_gain=22.9381 55.4333 43.055 64.9775 135.794 90.5204 177.775 173.541 88.2284 138.933 55.9983 53.6786 149.241 54.0188 75.9375 55.5932 67.3968 49.9904 42.5022 41.9756 57.126 91.9687 66.1844 41.3351 41.0776 41.9843 68.7502 118.054 84.7814 79.435
threshold=44.500000000000007 500.50000000000006 0.62617102265357982 36.500000000000007 12.191090970656875 6789.5000000000009 0.057565789473684216 64.000000000000014 33.500000000000007 74.500000000000014 0.63183832168579113 0.61921602487564098 11.84959587798839 0.77615384615384631 0.60256716609001171 259800.00000000003 915.50000000000011 9928.0000000000018 0.65270385146141063 0.13942307692307696 0.091093117408906896 67.500000000000014 1.5000000000000002 72.500000000000014 17.500000000000004 4.5000000000000009 57.500000000000007 61.500000000000007 49.000000000000007 859.00000000000011
decision_type=2 2 2 2 2 2 2 2 2 2 2 2 2 2 2 2 2 2 2 2 2 2 2 2 2 2 2 2 2 2
left_child=2 18 11 8 5 6 -5 -8 10 -10 -4 13 -13 15 -15 24 -17 -7 -2 20 -3 -22 -23 -9 -1 -26 28 -28 -27 -29
right_child=1 19 3 4 -6 17 7 23 9 -11 -12 12 -14 14 -16 16 -18 -19 -20 -21 21 22 -24 -25 25 26 27 29 -30 -31
leaf_value=-0.046963379191559768 0.0039274931499415416 -0.010422119280175966 -0.063465373926206922 0.16226334165893125 -0.10274223551821351 -0.084946180071996807 0.12575306343873871 -0.073778547939941347 -0.13553512520090469 -0.0045245097473790392 -0.00076176400065096795 0.1133543249809561 0.0038401793355159041 0 -0.11549045451303229 0.012255217157977319 0.095957063454801178 0.018249553813204648 0.10052626726892887 -0.064095983661223793 -0.01577612656530351 0.13075908791974902 0.015091365537086092 0.0075433490331339075 0.01509141562274386 -0.0079021254208551644 -0.13240634426199643 0.071365675252478264 0.098439553989605466 -0.052051831388578385
leaf_weight=36 25 806 38 30 20 20 30 22 35 48 547 46 96 44 21 63 39 28 21 32 55 27 23 53 529 99 27 21 23 34
leaf_count=36 25 806 38 30 20 20 30 22 35 48 547 46 96 44 21 63 39 28 21 32 55 27 23 53 529 99 27 21 23 34
internal_value=0.000935921 -0.00526352 0.00408444 -0.00417873 0.0205791 0.0341329 0.0551024 0.0243122 -0.0117119 -0.0599267 -0.00485352 0.0107653 0.0394066 0.00641106 -0.0375086 0.00969832 0.0443705 -0.0247319 0.0482578 -0.00788446 -0.00589765 0.0287623 0.0777881 -0.016311 0.00508774 0.00765701 -0.0115949 -0.0469837 0.0121691 -0.00479404
internal_weight=2938 989 1949 871 203 183 135 105 668 83 585 1078 142 936 65 871 102 48 46 943 911 105 50 75 769 733 204 82 122 55
internal_count=2938 989 1949 871 203 183 135 105 668 83 585 1078 142 936 65 871 102 48 46 943 911 105 50 75 769 733 204 82 122 55
is_linear=0
shrinkage=0.05


Tree=240
num_leaves=31
num_cat=0
split_feature=7 15 7 16 2 2 6 31 2 14 2 8 2 2 7 27 2 8 8 27 8 8 35 2 31 35 7 14 27 14
split_gain=39.4234 28.6156 62.4867 40.806 28.5063 92.7111 36.4522 137.463 26.9322 59.7817 47.5663 136.889 100.032 115.252 63.9997 116.313 257.201 151.679 104.791 57.7632 50.6402 37.8141 59.4478 37.1806 33.4382 33.1628 78.5778 35.4933 47.5359 73.2157
threshold=15431.500000000002 12.62388735261103 7881.5000000000009 335951.50000000006 0.72449582815170299 0.71368503570556652 0.13942307692307696 47.500000000000007 0.66022831201553356 0.33380384615384623 0.64988660812377941 72.500000000000014 0.65241101384162914 0.65347799658775341 2408.5000000000005 59.000000000000007 0.62873792648315441 112.00000000000001 112.00000000000001 70.500000000000014 665.50000000000011 1418.0000000000002 4.5000000000000009 0.65681865811347973 28.500000000000004 4.5000000000000009 815.50000000000011 0.19000000000000003 67.500000000000014 0.10983846153846155
decision_type=2 2 2 2 2 2 2 2 2 2 2 2 2 2 2 2 2 2 2 2 2 2 2 2 2 2 2 2 2 2
left_child=1 3 -3 4 5 6 8 -8 10 25 11 -1 19 -14 15 16 -13 -18 -17 -12 23 -16 -23 -15 -22 26 -10 28 -27 -30
right_child=-2 2 -4 -5 -6 -7 7 -9 9 -11 12 14 13 20 21 18 17 -19 -20 -21 24 22 -24 -25 -26 27 -28 -29 29 -31
leaf_value=-0.097228865136591791 -0.063934931558964056 -0.021911431073603049 0.092254739257567678 -0.048462850399260973 -0.054841495194046741 0.097828679457603693 0.026633792975519457 -0.12655386250332532 -0.060292704516198052 0.078653947995087806 -0.13954242972204409 -0.050367998928343719 0.087281660507582251 -0.031469638079269981 -0.00072455408705865334 0.055348821584280429 0.057060879376075714 0.21834187895829388 -0.088352161293246134 -0.025139402045835903 -0.014999738546169324 0.095899335701627078 0.011136783831021698 0.056598344656471095 -0.079491254758098637 0.02566853975550239 0.033879889765050505 -0.061740086583181031 -0.043619776315236301 0.042629619051983626
leaf_weight=34 23 22 26 41 22 25 35 25 25 32 25 29 28 22 1711 23 32 27 28 20 39 25 119 26 42 111 187 24 88 34
leaf_count=34 23 22 26 41 22 25 35 25 25 32 25 29 28 22 1711 23 32 27 28 20 39 25 119 26 42 111 187 24 88 34
internal_value=0.00112275 0.00163784 0.0398879 0.000997018 0.001715 0.00216055 0.00129835 -0.0372156 0.00214767 0.0126222 -0.000203797 0.00209903 -0.0233376 -0.00444761 0.00379999 0.0365124 0.0713168 0.131197 -0.0234665 -0.088976 -0.0244488 0.00134423 0.0259435 0.0161484 -0.0485582 0.00809036 0.0227279 -0.00396886 0.00198431 -0.0195269
internal_weight=2950 2927 48 2879 2838 2816 2791 60 2731 501 2230 2028 202 157 1994 139 88 59 51 45 129 1855 144 48 81 469 212 257 233 122
internal_count=2950 2927 48 2879 2838 2816 2791 60 2731 501 2230 2028 202 157 1994 139 88 59 51 45 129 1855 144 48 81 469 212 257 233 122
is_linear=0
shrinkage=0.05


Tree=241
num_leaves=31
num_cat=0
split_feature=7 7 7 31 27 2 8 27 2 29 2 27 27 35 15 7 31 27 29 7 2 7 27 15 15 2 27 27 29 35
split_gain=35.5954 26.3419 61.798 55.2603 158.858 67.4267 48.0408 93.3669 260.293 112.344 92.4142 62.961 133.741 65.717 61.0812 40.0042 40.2831 38.1666 37.7991 31.6989 31.2446 55.6101 53.0456 32.1515 76.6361 27.912 25.0049 163.8 246.883 88.4179
threshold=15431.500000000002 804.00000000000011 3624.0000000000005 34.500000000000007 64.000000000000014 0.62098920345306408 78.500000000000014 47.000000000000007 0.63260895013809215 1.0000000180025095e-35 0.64910921454429638 72.500000000000014 64.000000000000014 7.5000000000000009 11.65653995194806 841.50000000000011 27.500000000000004 75.500000000000014 3.5000000000000004 2041.0000000000002 0.68187245726585399 7587.0000000000009 77.000000000000014 12.62388735261103 12.813976130926831 0.67984241247177135 57.500000000000007 56.000000000000007 2.5000000000000004 3.5000000000000004
decision_type=2 2 2 2 2 2 2 2 2 2 2 2 2 2 2 2 2 2 2 2 2 2 2 2 2 2 2 2 2 2
left_child=1 6 3 15 5 -5 7 14 -9 -10 -8 12 13 -11 -1 16 -3 19 -6 -17 23 22 -22 25 -25 26 27 -4 -29 -30
right_child=-2 2 20 4 18 -7 10 8 9 11 -12 -13 -14 -15 -16 17 -18 -19 -20 -21 21 -23 -24 24 -26 -27 -28 28 29 -31
leaf_value=0.12637196204391135 -0.060752023401714497 0.10212657634372735 -0.0011980243626121784 0.066506914594280181 0.057664372348248671 0.19718894108907503 0.010461019400579448 -0.18134308488448087 0.085999494305978419 0.0097158486015117007 -0.10042374599391542 -0.069913926313868335 0.080953797332921254 -0.11356135106764698 0.0041316849452939196 -0.0054502885218787704 0.0016312127534429826 0.032303690713749757 -0.025358384662805614 -0.073139956556415156 0.10670667984440022 -0.022012490399603572 0.016836212062627597 0.10416386130052212 -0.029264466534947877 -0.058773458060495089 -0.0055349743892518094 -0.078097005003127287 0.2101340173637096 0.080838078918153811
leaf_weight=21 23 20 847 20 21 20 36 21 34 22 39 38 35 21 20 62 20 45 39 24 28 37 40 23 20 21 1273 20 20 40
leaf_count=21 23 20 847 20 21 20 36 21 34 22 39 38 35 21 20 62 20 45 39 24 28 37 40 23 20 21 1273 20 20 40
internal_value=0.00106622 0.00155575 0.00312135 0.0257351 0.0552497 0.132301 -0.0128243 -0.000626721 -0.0169049 0.00618865 -0.0471894 -0.017215 0.0084514 -0.0504971 0.0670193 0.00842368 0.052133 -0.00491411 0.00366398 -0.0244615 0.000531385 0.0271829 0.0540175 -0.000703601 0.0420643 -0.00153572 -0.000984442 0.00525909 0.0736024 0.124298
internal_weight=2950 2927 2640 271 100 40 287 212 171 150 75 116 78 43 41 171 40 131 60 86 2369 105 68 2264 43 2221 2200 927 80 60
internal_count=2950 2927 2640 271 100 40 287 212 171 150 75 116 78 43 41 171 40 131 60 86 2369 105 68 2264 43 2221 2200 927 80 60
is_linear=0
shrinkage=0.05


Tree=242
num_leaves=31
num_cat=0
split_feature=7 7 7 27 27 35 29 34 35 5 8 27 15 5 27 27 31 15 15 33 5 35 27 31 31 16 27 5 5 35
split_gain=32.1406 23.778 55.8089 52.1329 68.7801 194.181 127.266 55.3246 54.3193 85.1515 43.3639 84.3187 113.868 66.8186 64.0697 92.9131 88.9491 79.2278 55.1406 43.647 33.3501 45.1994 31.519 30.3975 55.9729 78.1661 64.2284 50.8353 40.5939 33.3117
threshold=15431.500000000002 804.00000000000011 3624.0000000000005 39.500000000000007 64.000000000000014 3.5000000000000004 2.5000000000000004 1.0000000180025095e-35 3.5000000000000004 0.19901315789473686 78.500000000000014 47.000000000000007 11.507910347498024 0.19901315789473686 61.500000000000007 77.000000000000014 44.500000000000007 11.875853991753264 11.65653995194806 1.0000000180025095e-35 0.13942307692307696 4.5000000000000009 79.500000000000014 26.500000000000004 23.500000000000004 195475.00000000003 49.000000000000007 0.46761133603238875 0.40283400809716602 3.5000000000000004
decision_type=2 2 2 2 2 2 2 2 2 2 2 2 2 2 2 2 2 2 2 2 2 2 2 2 2 2 2 2 2 2
left_child=1 10 3 -3 5 -5 7 -7 22 -10 11 18 -13 19 16 17 -14 -16 -1 -12 21 -4 -6 24 28 27 -27 -26 -22 -25
right_child=-2 2 20 4 8 6 -8 -9 9 -11 13 12 14 -15 15 -17 -18 -19 -20 -21 23 -23 -24 29 25 26 -28 -29 -30 -31
leaf_value=0.12008331499252274 -0.057727568386953115 -0.049080646570721365 -0.0038072582877827707 -0.044128411275603845 0.098501913694408832 0.20876029410797534 0.015565681923551865 0.098931040714829513 -0.08228713461132936 0.018450358333726526 -0.13190878096290609 -0.094949383435156881 0.026387846392195369 0.011242978073584689 0.12366207591370004 -0.042324841492045732 -0.11871357666796417 0.010271585140703669 0.003926127244584003 -0.031729522319201613 -0.016211852801379684 0.08841623699281409 0.016589073405164634 -0.027925222099302191 0.034736712216238384 0.021214175477809433 0.12973081382264229 -0.052720141351460463 0.01941789785497534 -0.0014026159481407346
leaf_weight=21 23 22 28 30 21 24 25 23 30 69 23 36 21 31 29 31 21 33 20 21 175 25 27 127 49 24 32 25 147 1737
leaf_count=21 23 22 28 30 21 24 25 23 30 69 23 36 21 31 29 31 21 33 20 21 175 25 27 127 49 24 32 25 147 1737
internal_value=0.00101388 0.00147912 0.00296666 0.0244567 0.0309911 0.0625256 0.107034 0.155444 0.00904848 -0.0120779 -0.012183 -0.000593207 -0.0160637 -0.0448326 0.00499023 0.028166 -0.0461538 0.0635033 0.0636903 -0.0843897 0.000505288 0.0396848 0.0526602 -0.000390823 0.0112378 0.0389156 0.0834335 0.00509173 3.93584e-05 -0.00321377
internal_weight=2950 2927 2640 271 249 102 72 47 147 99 287 212 171 75 135 93 42 62 41 44 2369 53 48 2316 452 130 56 74 322 1864
internal_count=2950 2927 2640 271 249 102 72 47 147 99 287 212 171 75 135 93 42 62 41 44 2369 53 48 2316 452 130 56 74 322 1864
is_linear=0
shrinkage=0.05


Tree=243
num_leaves=31
num_cat=0
split_feature=7 2 2 7 18 27 5 31 14 2 16 7 8 16 27 27 16 31 7 8 27 2 2 2 2 33 2 27 7 31
split_gain=29.0209 26.5773 82.4522 41.3333 111.454 71.6395 32.5508 114.061 53.2417 53.1674 57.2383 103.046 45.0849 44.5371 59.2295 64.5245 45.4416 56.6797 41.6512 37.4678 38.4588 57.4241 64.4805 55.0187 161.815 180.07 117.538 85.3165 96.7445 45.0844
threshold=15431.500000000002 0.72449582815170299 0.71368503570556652 512.50000000000011 108269.50000000001 61.500000000000007 0.37171052631578955 19.500000000000004 -0.3299999999999999 0.58519470691680919 186000.00000000003 7509.5000000000009 1150.5000000000002 187546.50000000003 75.500000000000014 54.000000000000007 229732.00000000003 52.500000000000007 5505.0000000000009 907.00000000000011 69.500000000000014 0.63998228311538707 0.66212293505668651 0.62911051511764537 0.64091029763221752 1.0000000180025095e-35 0.61965721845626842 54.000000000000007 4562.0000000000009 46.500000000000007
decision_type=2 2 2 2 2 2 2 2 2 2 2 2 2 2 2 2 2 2 2 2 2 2 2 2 2 2 2 2 2 2
left_child=1 2 3 4 -1 -6 7 18 -9 -10 11 19 -13 -12 15 -15 17 -17 -5 20 23 -22 -23 26 25 -25 27 -11 -29 -26
right_child=-2 -3 -4 6 5 -7 -8 8 9 10 13 12 -14 14 -16 16 -18 -19 -20 -21 21 22 -24 24 29 -27 -28 28 -30 -31
leaf_value=-0.1090705431542596 -0.054853686316188789 -0.053210684232312622 0.092055266889264853 -0.081827466171733365 -0.042624477997511449 0.042359288331963382 -0.0022906111799739972 0.070693431874198839 0.075607648475089648 -0.011467613688660012 -0.058579445831965851 0.1499355023031804 0.043143707169080843 0.011214687130668421 0.060323690909721617 -0.13643833007385481 -0.013118619164288903 -0.022212597223856639 -0.014582860947932114 -0.032086392102758522 -0.065123490144344875 0.086208802529050221 -0.017627370769638818 0.226552695764136 0.028355786934282264 0.039357114202339928 -0.091799081405590385 0.0012422728182073448 0.1263031666291837 -0.043469752476932438
leaf_weight=31 23 22 25 41 50 49 1594 39 31 83 35 20 20 214 37 20 97 24 53 41 32 22 46 22 133 31 27 30 32 26
leaf_count=31 23 22 25 41 50 49 1594 39 31 83 35 20 20 214 37 20 97 24 53 41 32 22 46 22 133 31 27 30 32 26
internal_value=0.000963845 0.00140602 0.00182318 0.00103501 -0.0265007 -0.000511052 0.00233943 0.00872773 0.0134051 0.0112095 0.00918464 0.0196261 0.096905 -0.00462097 0.000197708 -0.00607009 -0.0323285 -0.0744384 -0.0440219 0.0137113 0.017607 -0.00996874 0.0159705 0.0248019 0.0418454 0.117435 0.00375369 0.0216317 0.0659698 0.0165594
internal_weight=2950 2927 2905 2880 130 99 2750 1156 1062 1023 992 565 40 427 392 355 141 44 94 525 484 100 68 384 212 53 172 145 62 159
internal_count=2950 2927 2905 2880 130 99 2750 1156 1062 1023 992 565 40 427 392 355 141 44 94 525 484 100 68 384 212 53 172 145 62 159
is_linear=0
shrinkage=0.05


Tree=244
num_leaves=31
num_cat=0
split_feature=2 2 6 31 2 18 5 2 8 2 5 31 31 2 2 8 8 35 27 5 27 15 5 31 5 15 29 31 2 2
split_gain=23.6077 75.1833 32.2829 120.809 21.8434 68.0608 48.0919 41.951 101.708 85.8612 129.779 78.5139 56.8955 52.5503 50.7885 40.4715 52.116 50.4248 42.8475 53.7473 67.495 102.955 51.4841 105.522 116.819 114.229 114.285 78.2378 95.0882 65.7883
threshold=0.72449582815170299 0.71368503570556652 0.13942307692307696 47.500000000000007 0.6597372591495515 173394.50000000003 0.62019230769230782 0.64988660812377941 72.500000000000014 0.65241101384162914 0.46761133603238875 32.500000000000007 49.500000000000007 0.65347799658775341 0.6562495529651643 673.50000000000011 1418.0000000000002 4.5000000000000009 52.000000000000007 0.55048076923076927 47.000000000000007 12.12784616757034 0.48684210526315791 64.500000000000014 0.37980769230769235 11.711169561286807 5.5000000000000009 27.500000000000004 0.5978313982486726 0.60574451088905346
decision_type=2 2 2 2 2 2 2 2 2 2 2 2 2 2 2 2 2 2 2 2 2 2 2 2 2 2 2 2 2 2
left_child=1 2 4 -4 7 6 -6 8 -1 12 13 -12 -9 -11 -15 -10 18 -18 19 20 -17 -22 23 24 -20 26 -26 -27 -29 -24
right_child=-2 -3 3 -5 5 -7 -8 9 15 10 11 -13 -14 14 -16 16 17 -19 22 -21 21 -23 29 -25 25 27 -28 28 -30 -31
leaf_value=-0.0819307750735917 -0.050562188555212578 0.087470839025667935 0.025132892512188337 -0.11685681164949789 0.011477654279163665 0.078917450626050267 -0.038145052199463229 -0.13595725302565148 0.015512898641307976 0.099356297648701311 -0.012328301985718926 -0.12842788899324806 -0.022913007713607138 -0.049983986552459142 0.043972219608888682 0.0029435284931520101 0.09108935152866926 0.013862189508886964 -0.0071121554924561447 -0.070297192330408959 0.015634010636471133 0.15103135653099609 -0.031328205154619204 0.064145675525493759 -0.21485814324658903 0.020801640381348106 -0.04926495724673724 -0.14364223641109658 -0.033779761649740246 0.021473461631291144
leaf_weight=36 22 25 35 26 427 34 55 24 477 23 35 25 21 22 41 512 25 136 335 22 47 20 83 35 20 44 22 25 93 203
leaf_count=36 22 25 35 26 427 34 55 24 477 23 35 25 21 22 41 512 25 136 335 22 47 20 83 35 20 44 22 25 93 203
internal_value=0.000915658 0.00130587 0.000559123 -0.0353977 0.00133387 0.0106402 0.0057982 -0.000728865 0.00127776 -0.023174 -0.00450733 -0.0609195 -0.0834819 0.034817 0.0110557 0.00271109 -0.00105133 0.0259341 -0.00403008 0.0062068 0.00913395 0.0562905 -0.0111897 -0.0198261 -0.0252989 -0.0551218 -0.128561 -0.0359837 -0.0572 0.00612683
internal_weight=2950 2928 2903 61 2842 516 482 2326 2135 191 146 60 45 86 63 2099 1622 161 1461 601 579 67 860 574 539 204 42 162 118 286
internal_count=2950 2928 2903 61 2842 516 482 2326 2135 191 146 60 45 86 63 2099 1622 161 1461 601 579 67 860 574 539 204 42 162 118 286
is_linear=0
shrinkage=0.05


Tree=245
num_leaves=31
num_cat=0
split_feature=6 16 35 35 30 15 2 7 7 29 7 27 27 30 2 27 7 14 30 13 27 5 5 27 16 14 18 7 2 7
split_gain=250.647 40.4475 45.552 66.0014 100.588 63.0404 55.2489 48.2774 92.9941 51.7465 46.8113 88.323 136.246 93.7325 58.79 52.3647 127.823 101.458 82.2187 45.7769 43.7569 42.7825 61.7089 73.4407 40.4552 58.0036 30.6786 49.7585 41.0691 49.4144
threshold=0.15587044534412958 183875.00000000003 10.500000000000002 6.5000000000000009 1.0000000180025095e-35 11.778493998810866 0.58829030394554149 4149.0000000000009 543.00000000000011 3.5000000000000004 7771.5000000000009 61.500000000000007 56.000000000000007 1.0000000180025095e-35 0.66161078214645397 77.000000000000014 12848.500000000002 -0.16638846153846151 1.0000000180025095e-35 1.0000000180025095e-35 61.500000000000007 0.19901315789473686 0.48684210526315791 67.500000000000014 187046.50000000003 0.22908846153846157 123791.50000000001 5775.0000000000009 0.62609851360321056 512.50000000000011
decision_type=2 2 2 2 2 2 2 2 2 2 2 2 2 2 2 2 2 2 2 2 2 2 2 2 2 2 2 2 2 2
left_child=1 2 3 6 7 21 19 8 -5 -9 26 12 13 -12 15 17 -17 -13 -19 -1 -4 -6 23 -23 25 -3 -8 28 -28 -30
right_child=-2 24 20 4 5 -7 10 9 -10 -11 11 14 -14 -15 -16 16 -18 18 -20 -21 -22 22 -24 -25 -26 -27 27 -29 29 -31
leaf_value=-0.085807057180475946 0.15901768891519058 -0.11283964836478827 0.0062134118502741899 0.043270964800736528 -0.06033620337936535 0.06168332598762049 0.0045832188638204744 0.014605031143588704 0.18183618048530314 0.084539617239123732 -0.042356192162753631 -0.0084489044996117913 0.13985679898400716 0.076650699542676948 -0.056470678856995887 0.031607525931332175 -0.12284441803262303 0.031605250616947494 0.16609578186301824 0.0055356653681789261 -0.09327568352504928 -0.023149496334389161 -0.0487447528143456 0.077191386921891036 -0.0013462668203992171 -0.00046728858208744292 0.00062463951368268555 0.03377230655560029 -0.014083099300366136 -0.11808313005552301
leaf_weight=30 26 20 23 31 34 37 726 75 20 41 32 52 36 34 33 40 20 25 21 25 21 34 37 39 1292 27 30 27 20 27
leaf_count=30 26 20 23 31 34 37 726 75 20 41 32 52 36 34 33 40 20 25 21 25 21 34 37 39 1292 27 30 27 20 27
internal_value=0.00475748 0.0033716 0.00881699 0.0102668 0.0293979 0.00354137 0.00460891 0.0573731 0.0979576 0.0394179 0.0070106 0.0241891 0.0617335 0.018898 0.00409123 0.0167996 -0.019912 0.0393244 0.0933387 -0.0442622 -0.0412605 -0.0113956 0.00372711 0.0304211 -0.00300967 -0.0485295 0.00093818 -0.0244389 -0.0449328 -0.0740578
internal_weight=2935 2909 1570 1526 348 181 1178 167 51 116 1123 293 102 66 191 158 60 98 46 55 44 144 110 73 1339 47 830 104 77 47
internal_count=2935 2909 1570 1526 348 181 1178 167 51 116 1123 293 102 66 191 158 60 98 46 55 44 144 110 73 1339 47 830 104 77 47
is_linear=0
shrinkage=0.05


Tree=246
num_leaves=31
num_cat=0
split_feature=6 8 5 29 2 16 15 2 18 14 7 2 5 2 30 30 35 34 2 2 8 8 18 2 7 18 29 34 5 29
split_gain=226.3 39.1373 52.4252 52.048 47.9787 40.3198 75.3049 43.3631 31.9137 75.2336 66.6861 45.7272 66.4602 52.6946 42.3604 41.8818 81.571 93.4008 42.1189 86.4653 78.9191 121.002 88.4544 79.7758 114.298 58.3648 55.2243 74.3003 45.4378 39.1359
threshold=0.15587044534412958 70.500000000000014 0.091093117408906896 1.5000000000000002 0.65856382250785839 214450.00000000003 11.988367839243864 0.64812809228897106 122292.50000000001 -0.035230769230769225 14033.000000000002 0.60082709789276134 0.55048076923076927 0.60321092605590831 1.5000000000000002 1.5000000000000002 6.5000000000000009 1.0000000180025095e-35 0.63610014319419872 0.63454651832580578 937.50000000000011 804.50000000000011 85600.000000000015 0.61162680387496959 5618.5000000000009 81750.000000000015 2.5000000000000004 1.0000000180025095e-35 0.19901315789473686 1.0000000180025095e-35
decision_type=2 2 2 2 2 2 2 2 2 2 2 2 2 2 2 2 2 2 2 2 2 2 2 2 2 2 2 2 2 2
left_child=1 3 5 4 -1 6 7 -3 10 -10 11 12 -4 -13 29 18 -17 -18 19 20 21 23 -23 24 -15 -22 28 -28 -25 -11
right_child=-2 2 8 -5 -6 -7 -8 -9 9 14 -12 13 -14 15 -16 16 17 -19 -20 -21 25 22 -24 26 -26 -27 27 -29 -30 -31
leaf_value=-0.0059033906064092862 0.15109726088942241 -0.0054063401335035753 -0.00091236078906542235 -0.037424309766707728 0.07882692455667005 -0.085302356212360653 0.063383843849747726 -0.084724171957977323 -0.091387562811761705 -0.064285222206457673 -0.065906641881391267 0.080090006091864008 -0.092179296229759497 -0.098517161978844026 0.037740548391719982 0.014053710000581469 0.004050921863508394 -0.12598200251255529 0.007621840463446339 0.10108566167776589 0.078791362607616766 -0.14373597315887907 -0.014402522238166741 0.050151130618238032 0.057921151223623346 0.015668340898207806 0.036807833894656021 0.15888939160871282 -0.043151339422470014 -0.0012020321072833352
leaf_weight=24 26 39 206 20 54 26 23 31 23 25 29 30 22 26 69 116 28 27 502 38 80 20 39 34 21 68 31 21 21 1216
leaf_count=24 26 39 206 20 54 26 23 31 23 25 29 30 22 26 69 116 28 27 502 38 80 20 39 34 21 68 31 21 21 1216
internal_value=0.00452034 0.0032034 0.00211802 0.0342511 0.0527179 -0.0303403 -0.0148458 -0.0406749 0.00355577 -0.00193799 0.00894785 0.0105886 -0.00977729 0.0148073 -0.000356827 0.0129684 -0.00969401 -0.0598055 0.0172756 0.029404 0.0218188 0.002302 -0.058498 0.0256508 -0.0285385 0.0498528 0.0495047 0.0864163 0.0144221 -0.00248195
internal_weight=2935 2909 2811 98 78 119 93 70 2692 1333 1359 1330 228 1102 1310 1072 171 55 901 399 361 213 59 154 47 148 107 52 55 1241
internal_count=2935 2909 2811 98 78 119 93 70 2692 1333 1359 1330 228 1102 1310 1072 171 55 901 399 361 213 59 154 47 148 107 52 55 1241
is_linear=0
shrinkage=0.05


Tree=247
num_leaves=31
num_cat=0
split_feature=6 31 8 27 2 8 27 27 16 31 16 7 31 30 7 14 31 2 31 2 16 27 16 7 29 2 31 16 7 7
split_gain=204.321 96.4814 61.0991 122.704 147.858 40.6451 76.3851 42.1839 32.6871 99.7066 47.2896 46.752 50.2574 43.2307 42.8259 39.3127 33.9038 77.82 48.5628 125.322 47.8448 42.3375 93.1954 74.9159 110.529 39.9073 37.0022 31.798 82.2395 46.2153
threshold=0.15587044534412958 82.500000000000014 70.500000000000014 54.000000000000007 0.66212293505668651 80.500000000000014 69.500000000000014 57.500000000000007 183875.00000000003 52.500000000000007 151676.50000000003 8464.0000000000018 56.500000000000007 1.0000000180025095e-35 13923.000000000002 0.15371538461538464 49.500000000000007 0.58118742704391491 40.500000000000007 0.65241101384162914 187546.50000000003 67.500000000000014 197600.00000000003 4683.0000000000009 4.5000000000000009 0.64537152647972118 48.500000000000007 176819.50000000003 13923.000000000002 8315.5000000000018
decision_type=2 2 2 2 2 2 2 2 2 2 2 2 2 2 2 2 2 2 2 2 2 2 2 2 2 2 2 2 2 2
left_child=1 2 3 -1 -5 6 7 -4 9 15 11 13 -13 -11 16 27 17 -10 20 26 -19 22 -18 -23 -25 -24 -20 28 29 -7
right_child=-2 -3 5 4 -6 8 -8 -9 14 10 -12 12 -14 -15 -16 -17 21 18 19 -21 -22 23 25 24 -26 -27 -28 -29 -30 -31
leaf_value=0.1311703749504802 0.14357134293322363 -0.075994495705278525 -0.015927514826275701 -0.083898912155760175 0.065821554602041948 -0.0025520616436103005 0.02262747458898836 -0.098013734085862003 0.094598949818589573 0.087936142093897426 0.087729243956117683 0.055045282109155907 -0.039268767361855493 0.020006163558438275 0.065687466706290387 0.058335533756342053 -0.094708668634695112 -0.072002123549195662 -0.0014797380568012206 0.12528882005300179 -0.0042014493317956494 0.035376267586897943 -0.0015673351829170049 -0.13890583923672592 -0.014144521840195406 0.072424655747414565 0.065916234763637505 0.037623702858058661 -0.095204621539935808 0.024878274024729929
leaf_weight=28 26 38 28 27 42 877 45 36 22 43 44 22 39 52 23 32 26 27 171 25 663 22 194 32 40 20 23 60 22 186
leaf_count=28 26 38 28 27 42 877 45 36 22 43 44 22 39 52 23 32 26 27 171 25 663 22 194 32 40 20 23 60 22 186
internal_value=0.00429411 0.00304267 0.00409314 0.0430825 0.00712629 0.00272647 -0.0271802 -0.0622599 0.00395252 0.00930832 0.0419406 0.0289459 -0.00513761 0.0508661 -0.00176976 0.00375598 -0.0030053 0.00189306 -0.000355305 0.0201471 -0.00687181 -0.0166706 -0.00549929 -0.0451037 -0.0697791 0.00535505 0.00651459 0.00222129 0.000255655 0.00224479
internal_weight=2935 2909 2871 97 69 2774 109 64 2665 1377 200 156 61 95 1288 1177 1265 931 909 219 690 334 240 94 72 214 194 1145 1085 1063
internal_count=2935 2909 2871 97 69 2774 109 64 2665 1377 200 156 61 95 1288 1177 1265 931 909 219 690 334 240 94 72 214 194 1145 1085 1063
is_linear=0
shrinkage=0.05


Tree=248
num_leaves=31
num_cat=0
split_feature=8 27 2 5 31 27 16 15 2 16 31 14 27 14 5 27 31 27 2 8 5 8 30 16 2 2 8 14 8 33
split_gain=73.0555 96.8691 154.381 46.1834 46.7976 45.3721 35.722 66.1631 40.6958 34.5059 100.036 81.1305 79.6603 99.5149 109.54 73.4217 64.8455 76.2252 62.2224 40.3875 34.8833 30.551 44.35 36.9566 52.2796 139.671 84.7716 45.0495 35.0787 93.2104
threshold=70.500000000000014 54.000000000000007 0.66212293505668651 0.091093117408906896 76.500000000000014 61.500000000000007 214450.00000000003 11.988367839243864 0.64812809228897106 173469.50000000003 51.500000000000007 0.15371538461538464 75.500000000000014 -0.2961538461538461 0.57072368421052644 56.000000000000007 59.500000000000007 64.000000000000014 0.63783514499664318 1824.5000000000002 0.65789473684210542 1202.5000000000002 1.5000000000000002 228732.00000000003 0.61206224560737621 0.61689087748527538 651.50000000000011 0.008461538461538463 823.50000000000011 1.0000000180025095e-35
decision_type=2 2 2 2 2 2 2 2 2 2 2 2 2 2 2 2 2 2 2 2 2 2 2 2 2 2 2 2 2 2
left_child=1 -1 -3 6 9 -6 7 8 -2 10 11 -5 13 -12 15 -15 17 -17 -14 20 21 22 23 24 26 -26 -11 -25 29 -27
right_child=3 2 -4 4 5 -7 -8 -9 -10 19 12 -13 18 14 -16 16 -18 -19 -20 -21 -22 -23 -24 27 25 28 -28 -29 -30 -31
leaf_value=0.12463519808660624 -0.0033604438588156573 -0.079719442492041645 0.069472077135732432 0.0027619764602681571 0.012328022316246485 -0.085951419105733409 -0.079628948824501583 0.060013829358728413 -0.080192283936252162 0.096042300122124807 0.15906806234860316 0.10179904158363975 -0.072210632219459059 0.012235367714456172 -0.06014992387091378 0.18595728219925672 0.020868035750602608 0.057176159682873443 0.043795907445800253 0.049474589586319867 0.052077344054823477 -0.019566466731967214 0.042774976410369252 0.059479885205359712 -0.11393541283619679 -0.0071171850236671887 -0.003941607429366667 0.0034607774747577391 0.0067388359619721012 -0.11479263202397874
leaf_weight=28 39 27 48 1049 20 28 26 23 31 23 22 21 23 42 21 26 20 21 23 39 29 236 58 39 39 88 257 441 122 26
leaf_count=28 39 27 48 1049 20 28 26 23 31 23 22 21 23 42 21 26 20 21 23 39 29 236 58 39 39 88 257 441 122 26
internal_value=0.00408035 0.0454264 0.0156619 0.00257328 0.00391255 -0.0449572 -0.0278956 -0.0133088 -0.0375232 0.00479629 0.010768 0.0047197 0.043409 0.0608527 0.0440837 0.064248 0.0967116 0.128766 -0.0141297 -0.000620773 -0.00206667 -0.00325573 0.000262971 -0.00211842 -0.0109079 -0.026391 0.00428486 0.00803419 -0.0118607 -0.0317976
internal_weight=2935 103 75 2832 2713 48 119 93 70 2665 1268 1070 198 152 130 109 67 47 46 1397 1358 1329 1093 1035 555 275 280 480 236 114
internal_count=2935 103 75 2832 2713 48 119 93 70 2665 1268 1070 198 152 130 109 67 47 46 1397 1358 1329 1093 1035 555 275 280 480 236 114
is_linear=0
shrinkage=0.05


Tree=249
num_leaves=31
num_cat=0
split_feature=6 31 8 27 2 5 31 27 27 8 8 2 6 29 31 2 29 2 2 33 27 27 31 31 8 27 27 8 2 31
split_gain=181.576 82.3347 49.4451 100.403 119.896 41.721 31.7869 107.908 24.9785 25.9154 64.1415 48.3366 93.18 57.1121 73.2683 44.3136 35.7511 32.8353 77.9846 121.679 82.3856 54.1286 54.3586 63.5157 52.2853 62.8932 65.3928 47.6924 40.9313 59.7178
threshold=0.15587044534412958 82.500000000000014 70.500000000000014 54.000000000000007 0.66212293505668651 0.091093117408906896 54.500000000000007 57.500000000000007 29.000000000000004 719.00000000000011 741.50000000000011 0.66508311033248912 0.091093117408906896 4.5000000000000009 33.500000000000007 0.66898187994956981 4.5000000000000009 0.64149484038352977 0.63454651832580578 1.0000000180025095e-35 56.000000000000007 54.000000000000007 50.500000000000007 43.500000000000007 554.00000000000011 59.000000000000007 69.500000000000014 613.50000000000011 0.66240668296813976 24.500000000000004
decision_type=2 2 2 2 2 2 2 2 2 2 2 2 2 2 2 2 2 2 2 2 2 2 2 2 2 2 2 2 2 2
left_child=1 2 3 -1 -5 6 7 -4 -7 17 16 -12 13 14 -13 -15 -11 18 20 -20 -10 -19 23 28 25 -22 -27 -26 29 -23
right_child=-2 -3 5 4 -6 8 -8 -9 9 10 11 12 -14 15 -16 -17 -18 21 19 -21 24 22 -24 -25 27 26 -28 -29 -30 -31
leaf_value=0.118425613026602 0.13517389630905971 -0.070315005787675147 0.010755437599017778 -0.075748179605526239 0.059072942180545762 -0.039410251270968387 0.013390852973671721 -0.10252744771558747 -0.011152237409157465 -0.10678369146377885 -1.8405137706879168e-05 0.13731215665328134 -0.061847926895931896 0.084844929572954697 0.022594417046026993 0.0014036327378217969 -0.019025914758125661 -0.068437343573204856 0.17132107765100438 0.0048067288674833453 0.073654519323776632 0.098031554813754515 0.070393261957010164 -0.061281162845799222 0.12239426877869078 -0.079407439098890087 0.022072438532681034 0.041575292199371623 -0.0061196974650358357 0.0087078385244073343
leaf_weight=28 26 38 44 27 42 33 35 40 170 20 1650 29 25 20 27 77 28 26 21 23 28 27 30 37 25 25 43 69 161 61
leaf_count=28 26 38 44 27 42 33 35 40 170 20 1650 29 25 20 27 77 28 26 21 23 28 27 30 37 25 25 43 69 161 61
internal_value=0.00387759 0.00269777 0.00366831 0.0387431 0.00621122 0.00243868 -0.0265073 -0.0431871 0.0037389 0.00428535 0.00114757 0.00264971 0.0273965 0.0420424 0.0822298 0.0187292 -0.0558416 0.0121682 0.0218182 0.0846011 0.0141095 0.000750986 0.00647936 -0.000229676 0.0367324 0.010696 -0.0152247 0.0632301 0.00884312 0.0362509
internal_weight=2935 2909 2871 97 69 2774 119 84 2655 2622 1876 1828 178 153 56 97 48 746 404 44 360 342 316 286 190 96 68 94 249 88
internal_count=2935 2909 2871 97 69 2774 119 84 2655 2622 1876 1828 178 153 56 97 48 746 404 44 360 342 316 286 190 96 68 94 249 88
is_linear=0
shrinkage=0.05


Tree=250
num_leaves=31
num_cat=0
split_feature=8 8 5 30 16 27 2 27 8 29 31 2 7 29 31 9 2 2 5 2 8 18 5 8 31 5 27 7 6 7
split_gain=53.1022 53.1055 58.0322 42.5508 102.621 127.4 70.7378 63.7182 100.287 67.1128 55.0252 48.1323 42.6249 32.8954 30.5738 30.4906 80.422 53.1317 38.1616 46.8867 53.9377 90.7727 45.668 60.5104 88.3283 42.0382 98.3316 89.9098 98.3538 94.4004
threshold=2035.0000000000002 118.00000000000001 0.13942307692307696 1.0000000180025095e-35 147310.00000000003 72.500000000000014 0.65325996279716503 61.500000000000007 72.500000000000014 1.0000000180025095e-35 43.500000000000007 0.62873792648315441 587.00000000000011 5.5000000000000009 31.500000000000004 1.0000000180025095e-35 0.64091029763221752 0.64879000186920177 0.31414473684210531 0.60057252645492565 950.00000000000011 87100.000000000015 0.37171052631578955 1171.5000000000002 29.500000000000004 0.25657894736842107 56.000000000000007 7486.5000000000009 1.0000000180025095e-35 4363.5000000000009
decision_type=2 2 2 2 2 2 2 2 2 2 2 2 2 2 2 2 2 2 2 2 2 2 2 2 2 2 2 2 2 2
left_child=1 3 14 7 5 6 -5 9 -9 11 -11 -1 -8 -2 -3 18 -17 -18 25 20 -20 -22 23 24 -21 -4 -27 28 29 -28
right_child=13 2 15 4 -6 -7 12 8 -10 10 -12 -13 -14 -15 -16 16 17 -19 19 22 21 -23 -24 -25 -26 26 27 -29 -30 -31
leaf_value=-0.027745620241928927 -0.021181755620758635 0.012997876164324211 0.0031621657972266044 -0.098226255258359596 0.011987437408805405 -0.16694780948003796 0.038090733170933568 0.11774599526572152 -0.010095415970491968 -0.025357076050040131 -0.1254541991728742 0.077990224282836432 -0.043053065279493805 -0.10366411461165888 0.075498463352012504 0.00016429266369163788 -0.12115008589885046 -0.032072386149575999 0.010866830195286512 0.084519172114539784 -0.12308965276471628 -0.015570389544973041 0.0077050851800453679 0.11930235185223451 -0.032172495022447949 0.0056594455531920364 -0.19259037514785671 -0.00056636101429781091 -0.0046159513767392258 -0.069828274328551612
leaf_weight=23 31 42 357 33 70 24 28 24 42 40 21 20 38 20 37 203 24 56 169 30 22 178 1004 21 35 167 23 62 33 50
leaf_count=23 31 42 357 33 70 24 28 24 42 40 21 20 38 20 37 203 24 56 169 30 22 178 1004 21 35 167 23 62 33 50
internal_value=-0.00323737 -0.00233778 0.000242825 -0.0202119 -0.0362734 -0.0637669 -0.0385596 -0.00193746 0.0364245 -0.0263422 -0.0600475 0.0213847 -0.00854723 -0.0537652 0.042392 -0.00112483 -0.0165511 -0.058976 0.000903097 0.0054917 -0.0099046 -0.0274781 0.0107089 0.0456684 0.0216555 -0.0087636 -0.0214846 -0.0484842 -0.0764375 -0.108786
internal_weight=2927 2876 2513 363 193 123 99 170 66 104 61 43 66 51 79 2434 283 80 2151 1459 369 200 1090 86 65 692 335 168 106 73
internal_count=2927 2876 2513 363 193 123 99 170 66 104 61 43 66 51 79 2434 283 80 2151 1459 369 200 1090 86 65 692 335 168 106 73
is_linear=0
shrinkage=0.05


Tree=251
num_leaves=31
num_cat=0
split_feature=8 8 5 30 15 2 7 27 29 29 34 2 27 29 5 31 5 27 5 27 29 27 27 5 2 8 33 2 0 2
split_gain=47.9556 47.9488 52.3984 38.411 92.9146 111.045 198.361 57.5284 95.4929 60.6001 49.927 43.4654 33.3102 29.6949 29.6804 56.8467 76.9509 69.1504 75.1591 45.8256 66.4688 28.2066 127.1 94.9821 84.547 100.192 115.106 73.0193 71.2153 81.7736
threshold=2035.0000000000002 118.00000000000001 0.13942307692307696 1.0000000180025095e-35 11.64483315516873 0.71547985076904308 556.50000000000011 61.500000000000007 1.0000000180025095e-35 1.0000000180025095e-35 1.0000000180025095e-35 0.62873792648315441 61.500000000000007 5.5000000000000009 0.59716599190283415 57.500000000000007 0.72115384615384626 71.500000000000014 0.65789473684210542 57.500000000000007 5.5000000000000009 77.000000000000014 72.500000000000014 0.22064777327935226 0.66760164499282848 1228.0000000000002 1.0000000180025095e-35 0.62441900372505199 1.0000000180025095e-35 0.6597372591495515
decision_type=2 2 2 2 2 2 2 2 2 2 2 2 2 2 2 2 2 2 2 2 2 2 2 2 2 2 2 2 2 2
left_child=1 3 -3 7 5 6 -5 9 -9 11 -11 -1 -8 -2 21 16 17 18 19 -16 -21 22 24 -23 28 26 -26 -25 -4 -30
right_child=13 2 14 4 -6 -7 12 8 -10 10 -12 -13 -14 -15 15 -17 -18 -19 -20 20 -22 23 -24 27 25 -27 -28 -29 29 -31
leaf_value=-0.026364341171788964 -0.020126071548346922 0.040281109800079533 -0.0024746927380199196 -0.22651361944551152 0.0049996267875720727 0.020732863189062617 0.0025626634640433777 -0.033142770857540603 0.087790328388747507 -0.10003916270729168 -0.0092853672981671864 0.074110112142800097 -0.075272434357258361 -0.098506697285827713 0.1011154114792841 -0.037537033201055968 -0.061204749909206407 -0.0039766584417063313 0.14948235639619611 -0.045600982378055516 0.073049448294510974 -0.10930367869684894 0.072557028127824594 0.04419707607599601 0.017438583893044559 -0.058433124680931751 0.12893249515539432 -0.018647257273880669 -0.072925787783838944 0.0072420737641230373
leaf_weight=23 31 79 1557 21 84 28 21 29 37 32 29 20 39 20 23 38 20 50 22 23 24 25 58 55 62 22 37 286 79 53
leaf_count=23 31 79 1557 21 84 28 21 29 37 32 29 20 39 20 23 38 20 50 22 23 24 25 58 55 62 22 37 286 79 53
internal_value=-0.00307695 -0.00222198 0.000230044 -0.0192062 -0.0344664 -0.0649031 -0.0945563 -0.00184184 0.0346077 -0.0250323 -0.0570616 0.0203155 -0.047988 -0.051094 -0.00106944 0.0173755 0.0303022 0.0432597 0.0689624 0.0434076 0.0149068 -0.00272367 -0.000233765 -0.0154145 -0.00257293 0.0377784 0.0592465 -0.00848643 -0.00546872 -0.0407182
internal_weight=2927 2876 2513 363 193 109 81 170 66 104 61 43 60 51 2434 200 162 142 92 70 47 2234 1868 366 1810 121 99 341 1689 132
internal_count=2927 2876 2513 363 193 109 81 170 66 104 61 43 60 51 2434 200 162 142 92 70 47 2234 1868 366 1810 121 99 341 1689 132
is_linear=0
shrinkage=0.05


Tree=252
num_leaves=31
num_cat=0
split_feature=8 8 30 16 27 2 27 8 27 8 10 7 9 2 2 2 2 7 15 2 2 16 27 16 7 6 27 7 7 35
split_gain=43.3099 43.294 34.6686 84.8835 110.139 63.4094 51.9302 91.4134 59.1808 227.282 127.84 40.0899 33.3051 68.365 49.2037 35.6747 60.8568 64.1878 39.9096 32.6978 55.4371 43.9802 28.4096 84.8088 46.1434 74.3726 41.48 62.9873 139.02 118.137
threshold=2035.0000000000002 118.00000000000001 1.0000000180025095e-35 147310.00000000003 72.500000000000014 0.65325996279716503 61.500000000000007 72.500000000000014 47.000000000000007 72.500000000000014 1.0000000180025095e-35 587.00000000000011 1.0000000180025095e-35 0.64091029763221752 0.64879000186920177 0.59841585159301769 0.59759381413459789 4583.5000000000009 12.444104537591599 0.61921602487564098 0.61558911204338085 279237.50000000006 79.500000000000014 214450.00000000003 3624.0000000000005 1.0000000180025095e-35 47.000000000000007 5879.5000000000009 5687.5000000000009 3.5000000000000004
decision_type=2 2 2 2 2 2 2 2 2 2 2 2 2 2 2 2 2 2 2 2 2 2 2 2 2 2 2 2 2 2
left_child=1 2 6 4 5 -4 8 -8 10 -10 -1 -7 15 19 -15 16 17 -3 -19 20 21 -14 26 24 -24 -26 -17 28 29 -28
right_child=-2 12 3 -5 -6 11 7 -9 9 -11 -12 -13 13 14 -16 22 -18 18 -20 -21 -22 -23 23 -25 25 -27 27 -29 -30 -31
leaf_value=0.11313055157661436 -0.048555838102347232 -0.06504977009737288 -0.090801462477067441 0.01113929640549566 -0.15368983785146501 0.039328461561975107 0.11052260135466628 -0.011529294014720338 -0.18810271036886209 0.012914790386542006 -0.063023632793064929 -0.039372468416840618 0.020559758557668478 -0.11482672633610945 -0.029110467437913706 -0.0058065074102155133 -0.083793616774438445 -0.0030149556944556702 0.069136438848663911 0.032356100914638135 -0.085818627490177407 -0.038885706986867961 0.017614027376158647 0.081410231518799364 -0.1261569435990865 -0.022036647822357574 -0.038996871464849384 0.0041173986791453775 0.1254941167555684 0.033497455671320391
leaf_weight=20 51 41 33 70 24 28 24 42 21 42 21 38 88 24 56 393 26 412 20 55 22 48 53 22 20 119 69 711 34 300
leaf_count=20 51 41 33 70 24 28 24 42 21 42 21 38 88 24 56 393 26 412 20 55 22 48 53 22 20 119 69 711 34 300
internal_value=-0.00292357 -0.00211098 -0.0182497 -0.0327475 -0.0577532 -0.0343137 -0.00175143 0.0328776 -0.0237861 -0.0542037 0.0228498 -0.00589957 0.000218888 -0.0156202 -0.054999 0.00231222 -0.00945378 -0.00534003 0.000329042 -0.000787697 -0.0123699 -0.000397412 0.005727 -0.0113071 -0.0219938 -0.0371339 0.00814982 0.0130779 0.0288694 0.0199212
internal_weight=2927 2876 363 193 123 99 170 66 104 63 41 66 2513 293 80 2220 499 473 432 213 158 136 1721 214 192 139 1507 1114 403 369
internal_count=2927 2876 363 193 123 99 170 66 104 63 41 66 2513 293 80 2220 499 473 432 213 158 136 1721 214 192 139 1507 1114 403 369
is_linear=0
shrinkage=0.05


Tree=253
num_leaves=31
num_cat=0
split_feature=8 8 7 27 27 18 27 27 8 29 27 2 31 2 6 2 31 27 29 27 7 7 8 2 7 8 11 15 7 7
split_gain=39.0931 39.5345 43.4026 58.4588 42.7398 37.4132 52.3372 131.772 65.7774 58.8653 49.3629 166.314 72.371 44.6617 43.8494 40.7593 53.2912 35.9429 26.8273 25.4971 134.363 90.0841 68.3599 66.8377 66.1235 90.8814 66.0898 60.9348 51.5457 96.7678
threshold=2035.0000000000002 338.50000000000006 3310.0000000000005 57.500000000000007 77.000000000000014 107750.00000000001 47.000000000000007 56.000000000000007 76.500000000000014 2.5000000000000004 59.000000000000007 0.65607500076293956 37.500000000000007 0.66508311033248912 0.069711538461538478 0.66212293505668651 34.500000000000007 66.500000000000014 5.5000000000000009 77.000000000000014 12728.000000000002 13891.500000000002 993.50000000000011 0.66760164499282848 11131.500000000002 1198.5000000000002 1.0000000180025095e-35 12.191090970656875 5879.5000000000009 5687.5000000000009
decision_type=2 2 2 2 2 2 2 2 2 2 2 2 2 2 2 2 2 2 2 2 2 2 2 2 2 2 2 2 2 2
left_child=1 5 3 -3 -5 6 8 -8 -1 10 12 -12 -9 -11 -13 16 -7 -17 -2 21 22 23 27 28 25 -25 -24 -21 29 -4
right_child=18 2 19 4 -6 15 7 9 -10 13 11 14 -14 -15 -16 17 -18 -19 -20 20 -22 -23 26 24 -26 -27 -28 -29 -30 -31
leaf_value=0.087452289981035436 -0.016703019415139197 -0.040857068067462879 0.0022203261367671531 0.10986865140590429 0.027671492555338864 -0.084192369668643713 -0.15478505233294285 0.10193033296067566 -0.02288254222803162 -0.03134573579628238 -0.14529687058486981 0.043734851734076353 -0.028941976800654745 -0.12741619557212877 -0.034650665800148077 0.08325983069804839 0.0016146733980316548 0.0063801408811429003 -0.091190152411437145 -0.013436922131986077 -0.1355576248415768 0.091915593563056661 0.087995779190895254 0.026850004283069759 -0.045565515888846796 0.13856202962711386 0.002605356068730213 -0.10490547676955289 -0.0076345206009848666 0.065749686225031787
leaf_weight=20 31 20 415 24 47 23 22 21 41 29 23 40 21 21 32 23 83 45 20 197 21 27 31 105 23 22 84 20 1326 70
leaf_count=20 31 20 415 24 47 23 22 21 41 29 23 40 21 21 32 23 83 45 20 197 21 27 31 105 23 22 84 20 1326 70
internal_value=-0.00277865 -0.00200654 0.000496488 0.0343571 0.0556422 -0.0157251 -0.0273747 -0.0392693 0.0132949 -0.025577 -0.00856909 -0.0285476 0.0364621 -0.0719689 0.00882776 0.00232844 -0.0170185 0.0325411 -0.0461328 -0.000819028 -0.0132017 0.00137774 -0.00540873 0.000123994 0.0321892 0.0463348 0.0257235 -0.0219347 -0.00253074 0.0114115
internal_weight=2927 2876 2432 91 71 444 270 209 61 187 137 95 42 50 72 174 106 68 51 2341 353 1988 332 1961 150 127 115 217 1811 485
internal_count=2927 2876 2432 91 71 444 270 209 61 187 137 95 42 50 72 174 106 68 51 2341 353 1988 332 1961 150 127 115 217 1811 485
is_linear=0
shrinkage=0.05


Tree=254
num_leaves=31
num_cat=0
split_feature=7 8 5 10 30 15 2 7 27 29 29 31 2 27 7 29 9 2 2 16 2 30 27 2 2 6 16 16 8 7
split_gain=38.0683 34.5085 48.7089 39.1422 32.2111 71.818 95.1852 182.426 47.6182 83.204 54.3242 40.6943 39.9482 28.8249 27.3668 21.5797 23.5218 60.9291 43.9233 29.2459 32.0682 55.5709 75.8824 27.7169 49.9833 41.8798 67.8912 27.5601 24.5923 97.0049
threshold=15551.000000000002 118.00000000000001 0.13942307692307696 1.0000000180025095e-35 1.0000000180025095e-35 11.64483315516873 0.71547985076904308 556.50000000000011 61.500000000000007 1.0000000180025095e-35 1.0000000180025095e-35 43.500000000000007 0.62873792648315441 61.500000000000007 5941.5000000000009 1.0000000180025095e-35 1.0000000180025095e-35 0.64091029763221752 0.64879000186920177 350400.00000000006 0.5824897587299348 1.0000000180025095e-35 52.000000000000007 0.6215009093284608 0.61206224560737621 1.0000000180025095e-35 279237.50000000006 333500.00000000006 820.50000000000011 5597.5000000000009
decision_type=2 2 2 2 2 2 2 2 2 2 2 2 2 2 2 2 2 2 2 2 2 2 2 2 2 2 2 2 2 2
left_child=1 4 3 14 8 6 7 -6 10 -10 12 -12 -1 -9 -3 -4 19 23 -19 20 21 22 -17 24 25 26 -18 28 29 -22
right_child=-2 2 15 -5 5 -7 -8 13 9 -11 11 -13 -14 -15 -16 16 17 18 -20 -21 27 -23 -24 -25 -26 -27 -28 -29 -30 -31
leaf_value=-0.023599595657158724 -0.071221713758819735 -0.027505220856162027 -0.050535397953037756 0.082236375386596117 -0.2113074683465099 0.0041334869578152937 0.021954273085152978 0.0068770402910020116 -0.030754567491357881 0.082123254734088949 -0.022256497425628716 -0.10837191687940986 0.072715297252384584 -0.065516147560194665 0.047795638912905648 0.0006468426034706605 0.025945347101307605 -0.10790980448366694 -0.026917291763313311 0.046803783562001593 0.0021070164680518605 0.041292730122098421 -0.10555888090248916 0.034238895010041508 -0.052887225545602747 0.07023535316885865 -0.067413221750148508 -0.039631522246206786 -0.0021010977143446088 0.053664130743585961
leaf_weight=23 20 24 22 31 21 84 28 21 29 37 40 21 20 39 24 34 55 24 56 34 653 21 33 46 47 22 30 40 1242 106
leaf_count=23 20 24 22 31 21 84 28 21 29 37 40 21 20 39 24 34 55 24 56 34 653 21 33 46 47 22 30 40 1242 106
internal_value=-0.00264007 -0.00216408 -0.00010404 0.0385152 -0.0165836 -0.0305573 -0.0573167 -0.0847739 -0.000681313 0.0324783 -0.0217839 -0.0521135 0.0211468 -0.0401261 0.0100624 -0.00134528 -0.000898206 -0.0145327 -0.0513819 0.000865056 0.000126905 -0.029406 -0.0516683 0.000200283 -0.00995027 0.00889498 -0.00698648 0.00140408 0.00222882 0.00932006
internal_weight=2927 2907 2544 79 363 193 109 81 170 66 104 61 43 60 48 2465 2443 280 80 2163 2129 88 67 200 154 107 85 2041 2001 759
internal_count=2927 2907 2544 79 363 193 109 81 170 66 104 61 43 60 48 2465 2443 280 80 2163 2129 88 67 200 154 107 85 2041 2001 759
is_linear=0
shrinkage=0.05


Tree=255
num_leaves=31
num_cat=0
split_feature=5 15 18 7 8 27 15 7 8 5 2 2 6 18 31 27 27 8 8 7 27 2 27 7 2 8 7 31 7 27
split_gain=47.4713 85.7645 119.865 109.811 80.7363 50.344 49.1199 48.3368 91.0812 51.2358 68.0231 58.8143 45.8902 120.992 36.8978 77.5123 69.9333 29.8513 53.6912 48.2656 51.939 94.1234 93.4218 37.1741 35.3557 42.5738 58.7866 38.6724 63.1978 35.9569
threshold=0.59716599190283415 12.138198560900538 108269.50000000001 12728.000000000002 1113.5000000000002 67.500000000000014 11.436450489807793 489.50000000000006 73.500000000000014 0.24038461538461542 0.6638089418411256 0.64149484038352977 0.13942307692307696 79350.000000000015 63.500000000000007 67.500000000000014 69.500000000000014 1162.5000000000002 1224.0000000000002 8555.5000000000018 52.000000000000007 0.59759381413459789 36.000000000000007 9358.0000000000018 0.59420493245124828 1089.5000000000002 7991.5000000000009 25.500000000000004 5112.5000000000009 84.000000000000014
decision_type=2 2 2 2 2 2 2 2 2 2 2 2 2 2 2 2 2 2 2 2 2 2 2 2 2 2 2 2 2 2
left_child=7 2 4 -4 5 -2 -6 -1 9 10 11 -9 14 -14 17 -16 -17 24 19 -19 22 -22 -21 -20 25 26 27 28 -10 -26
right_child=1 -3 3 -5 6 -7 -8 8 12 -11 -12 -13 13 -15 15 16 -18 18 23 20 21 -23 -24 -25 29 -27 -28 -29 -30 -31
leaf_value=0.06113879889537284 0.10414667809652589 -0.044864903110766352 0.1555745315189358 0.027327538348592358 -0.095356700954279061 0.0082458315536124496 -8.5133963369634825e-05 -0.080586289815676559 -0.016988514593014353 0.023926312858192481 -0.13189003217208889 0.021126746891558856 0.02501233294903045 -0.13735961312366324 -0.0018789186305441484 0.127931107845807 0.01267578917670535 0.089662495338754714 -0.054921698331620764 -0.0057004025113240719 -0.097781117045464203 0.03274587093432204 0.14163764557286873 0.005027929060097895 -0.0068636032366469445 -0.047358244339225392 0.089280782661974645 -0.00051662897274486327 0.092792884074731782 0.05881865374143655
leaf_weight=31 24 38 33 34 21 32 38 31 22 20 26 26 25 21 93 28 25 33 28 23 20 44 20 324 1589 26 27 169 32 21
leaf_count=31 24 38 33 34 21 32 38 31 22 20 26 26 25 21 93 28 25 33 28 23 20 44 20 324 1589 26 27 169 32 21
internal_value=0.000983422 0.0233139 0.0375933 0.0907062 0.00655392 0.0495477 -0.0341839 -0.000832352 -0.00155519 -0.0476357 -0.0649477 -0.0341476 0.00029145 -0.0491427 0.00119628 0.0255859 0.0737858 -0.000300057 0.0106645 0.0368434 0.0204382 -0.00805472 0.0628825 0.000230764 -0.00316345 0.0133622 0.0197135 0.0112319 0.048026 -0.00600017
internal_weight=2924 220 182 67 115 56 59 2704 2673 103 83 57 2570 46 2524 146 53 2378 492 140 107 64 43 352 1886 276 250 223 54 1610
internal_count=2924 220 182 67 115 56 59 2704 2673 103 83 57 2570 46 2524 146 53 2378 492 140 107 64 43 352 1886 276 250 223 54 1610
is_linear=0
shrinkage=0.05


Tree=256
num_leaves=31
num_cat=0
split_feature=5 15 18 7 8 15 7 8 15 31 6 18 18 31 7 33 30 2 16 2 15 6 31 2 6 7 29 31 30 7
split_gain=42.8537 77.4321 108.222 99.1186 72.9148 44.3464 43.6379 82.2238 47.2709 51.6926 41.4292 109.257 39.827 33.3115 44.6793 51.2332 29.8334 27.2342 47.3667 35.3658 118.306 51.0813 95.4974 55.4814 48.4419 70.6775 52.7192 49.5652 45.0923 80.4901
threshold=0.59716599190283415 12.138198560900538 108269.50000000001 12728.000000000002 1113.5000000000002 11.436450489807793 489.50000000000006 73.500000000000014 12.062710229154213 56.500000000000007 0.13942307692307696 79350.000000000015 108269.50000000001 63.500000000000007 11131.500000000002 1.0000000180025095e-35 1.0000000180025095e-35 0.6013358235359193 342500.00000000006 0.6597372591495515 12.184393105807702 0.069711538461538478 31.500000000000004 0.65818580985069286 0.057565789473684216 8335.5000000000018 4.5000000000000009 27.500000000000004 1.5000000000000002 5174.5000000000009
decision_type=2 2 2 2 2 2 2 2 2 2 2 2 2 2 2 2 2 2 2 2 2 2 2 2 2 2 2 2 2 2
left_child=6 2 4 -4 16 -6 -1 8 9 12 13 -12 -8 17 15 -15 -2 18 -9 21 24 23 -23 28 25 26 27 -21 -19 -30
right_child=1 -3 3 -5 5 -7 7 10 -10 -11 11 -13 -14 14 -16 -17 -18 19 -20 20 -22 22 -24 -25 -26 -27 -28 -29 29 -31
leaf_value=0.058091686220414385 0.080991496715038719 -0.042627546195126577 0.14781930383936337 0.02596516826318418 -0.090611462767337447 -8.0884551125874355e-05 -0.11124982809349571 0.0057310393382174127 -0.11416467214698221 0.012322683646308813 0.023766699127585764 -0.13052418198065735 -0.01446866824555753 0.021743345816412626 -0.029911661950060692 0.10510490520562961 0.0076096806635944552 0.00018922316754752726 0.074538949266133178 -0.034798684397797368 0.12791911144161699 -0.09562583561086338 -0.0091592092259865695 -0.086215662185232439 0.013758591436472348 0.054430055776286623 0.0048083680143073144 -0.14040284507744613 0.022115353462387841 -0.080493349583538737
leaf_weight=31 30 38 33 34 21 38 23 611 20 40 25 21 20 93 30 23 26 1100 26 24 20 45 110 20 276 20 26 21 32 47
leaf_count=31 30 38 33 34 21 38 23 611 20 40 25 21 20 93 30 23 26 1100 26 24 20 45 110 20 276 20 26 21 32 47
internal_value=0.000935029 0.0221517 0.0357205 0.0861882 0.00622479 -0.032487 -0.000790088 -0.00147698 -0.0452596 -0.0284784 0.000277473 -0.0466923 -0.0664894 0.0011373 0.0243113 0.0383913 0.0470848 -0.000284361 0.00855863 -0.00352303 0.00979932 -0.00733495 -0.0343401 -0.00383713 0.00331556 -0.0282833 -0.0516969 -0.0843935 -0.00242827 -0.0388917
internal_weight=2924 220 182 67 115 59 2704 2673 103 83 2570 46 43 2524 146 116 56 2378 637 1741 387 1354 155 1199 367 91 71 45 1179 79
internal_count=2924 220 182 67 115 59 2704 2673 103 83 2570 46 43 2524 146 116 56 2378 637 1741 387 1354 155 1199 367 91 71 45 1179 79
is_linear=0
shrinkage=0.05


Tree=257
num_leaves=31
num_cat=0
split_feature=14 7 8 5 2 2 14 5 5 2 31 31 14 8 30 2 2 16 5 2 14 30 5 2 31 5 2 34 5 5
split_gain=41.8082 37.8534 78.1623 44.5264 61.2396 55.4773 26.2833 66.3232 53.2948 99.9841 76.8356 38.7082 29.1321 76.6156 41.2812 35.5889 32.8444 63.2161 30.6992 29.0343 28.7948 30.5447 83.7354 76.5661 92.7766 60.6287 118.047 98.1638 93.0667 71.5544
threshold=-0.44480769230769229 489.50000000000006 73.500000000000014 0.24038461538461542 0.6638089418411256 0.64149484038352977 -0.35269230769230764 0.37980769230769235 0.59716599190283415 0.66735708713531505 61.500000000000007 36.500000000000007 0.36280384615384625 1411.5000000000002 1.0000000180025095e-35 0.63260895013809215 0.61597841978073131 254150.00000000003 0.34210526315789475 0.61083373427391063 0.33653846153846162 1.0000000180025095e-35 0.11513157894736843 0.64425683021545421 51.500000000000007 0.34210526315789475 0.606521636247635 1.0000000180025095e-35 0.37980769230769235 0.24038461538461542
decision_type=2 2 2 2 2 2 2 2 2 2 2 2 2 2 2 2 2 2 2 2 2 2 2 2 2 2 2 2 2 2
left_child=-1 -2 3 4 5 -3 7 -4 12 10 11 19 20 14 16 -16 -14 -18 -19 -10 21 -8 -23 24 25 26 -24 -28 -27 -29
right_child=1 2 6 -5 -6 -7 8 -9 9 -11 -12 -13 13 -15 15 -17 17 18 -20 -21 -22 22 23 -25 -26 28 27 29 -30 -31
leaf_value=0.065141873132897557 0.055196444024227055 -0.075040048990889757 0.010638978320497957 0.023688849695582888 -0.12266333828255592 0.023746213282661879 0.0040384910503729124 -0.090058307520137937 -0.04685650685806516 0.1146231037441946 -0.074197039449781316 0.05651117080385594 0.0090725329802957676 0.08645312545176978 0.014174679363799665 0.076171141527473341 0.014645373601303774 -0.11126921179735264 -0.034016761865434057 0.021015701696708581 -0.048522935265230632 -0.091697186631025718 -0.0039872086434022133 0.011636065321040178 0.024104499374892917 0.024735653347860403 -0.18500683896951547 -0.0049504718650452461 -0.03609651513204213 -0.11613285683889162
leaf_weight=25 31 31 41 20 26 26 1124 27 21 28 22 60 158 32 92 31 48 21 34 62 33 29 64 378 105 97 22 29 178 29
leaf_count=25 31 31 41 20 26 26 1124 27 21 28 22 60 158 32 92 31 48 21 34 62 33 29 64 378 105 97 22 29 178 29
internal_value=0.000888118 0.000330062 -0.000263145 -0.0430101 -0.0591514 -0.0299294 0.00132893 -0.0293439 0.0021052 0.0274152 0.0125256 0.025945 0.000151372 0.0122341 0.00601528 0.0298896 -0.00522383 -0.0271902 -0.0637523 0.00374733 -0.00225399 -0.00150623 -0.00820548 -0.00550575 -0.0178808 -0.0284174 -0.0547034 -0.0951583 -0.01462 -0.0607319
internal_weight=2924 2899 2868 103 83 57 2765 68 2697 193 165 143 2504 416 384 123 261 103 55 83 2088 2055 931 902 524 419 144 80 275 58
internal_count=2924 2899 2868 103 83 57 2765 68 2697 193 165 143 2504 416 384 123 261 103 55 83 2088 2055 931 902 524 419 144 80 275 58
is_linear=0
shrinkage=0.05


Tree=258
num_leaves=31
num_cat=0
split_feature=5 15 18 7 8 27 15 18 18 27 8 27 31 15 2 8 16 16 20 27 27 5 27 29 16 27 5 15 27 31
split_gain=35.3621 67.96 92.8759 86.8253 62.8829 43.4238 39.5161 36.3289 74.3012 144.422 39.9974 82.8307 98.798 91.8634 30.5561 54.6388 36.0043 33.1882 31.2836 38.7881 30.8901 28.0901 24.7793 24.7153 41.7842 22.9545 93.6566 107.229 70.1954 59.8367
threshold=0.59716599190283415 12.138198560900538 108269.50000000001 12728.000000000002 1113.5000000000002 67.500000000000014 11.436450489807793 180150.00000000003 190500.00000000003 61.500000000000007 73.500000000000014 47.000000000000007 55.500000000000007 11.515926470938227 0.61597841978073131 1001.0000000000001 331500.00000000006 334500.00000000006 1.0000000180025095e-35 67.500000000000014 57.500000000000007 0.37171052631578955 66.500000000000014 1.0000000180025095e-35 155582.00000000003 77.000000000000014 0.19901315789473686 12.165252468511499 73.500000000000014 30.500000000000004
decision_type=2 2 2 2 2 2 2 2 2 2 2 2 2 2 2 2 2 2 2 2 2 2 2 2 2 2 2 2 2 2
left_child=7 2 4 -4 5 -2 -6 10 9 21 11 -1 13 -13 15 20 18 -17 19 -16 -10 -9 -19 24 -12 28 -27 -28 -25 -30
right_child=1 -3 3 -5 6 -7 -8 8 14 -11 23 12 -14 -15 16 17 -18 22 -20 -21 -22 -23 -24 25 -26 26 27 -29 29 -31
leaf_value=0.040735196247325585 0.094152646675644075 -0.040568130469228338 0.13726511137543129 0.02321145263148193 -0.085312068699837013 0.0050929712091001026 0 -0.033850545607723631 0.0073154089356658363 0.14261947920255091 0.0021770331347100084 -0.18178292351279093 0.010879635483960481 -0.047868675443439271 0.065437879446018254 0.0095577437572311116 -0.066844474738047707 0.027847419242006712 -0.045576034507505407 -0.017467859693776781 -0.05538226171337586 0.037077316425718203 0.093663351891246749 -0.00015931273321138337 -0.085910800976670657 -0.10142241998393486 0.0022085055115135693 -0.10916952042481598 0.12297600163808931 0.017211272451032527
leaf_weight=30 24 38 33 34 21 32 38 24 48 30 32 20 35 36 25 63 29 28 28 32 33 33 30 1683 23 27 334 23 21 37
leaf_count=30 24 38 33 34 21 32 38 24 48 30 32 20 35 36 25 63 29 28 28 32 33 33 30 1683 23 27 334 23 21 37
internal_value=0.00084319 0.0201164 0.0328296 0.0795825 0.005502 0.0434503 -0.0304447 -0.000723733 0.0131203 0.0540104 -0.00315104 -0.0311221 -0.054885 -0.0960231 0.00183329 0.0135259 -0.0188351 0.0348049 -0.00233742 0.0188577 -0.0182032 0.00711841 0.0620788 -0.00159487 -0.034658 -0.00073517 -0.0118003 -0.00498167 0.00170306 0.0557372
internal_weight=2924 220 182 67 115 56 59 2704 403 87 2301 121 91 56 316 202 114 121 85 57 81 57 58 2180 55 2125 384 357 1741 58
internal_count=2924 220 182 67 115 56 59 2704 403 87 2301 121 91 56 316 202 114 121 85 57 81 57 58 2180 55 2125 384 357 1741 58
is_linear=0
shrinkage=0.05


Tree=259
num_leaves=31
num_cat=0
split_feature=14 7 8 6 15 31 18 5 8 2 2 8 8 14 8 14 2 15 27 5 2 15 27 16 5 14 8 7 11 27
split_gain=37.8072 37.2805 66.3145 69.6494 46.4891 38.7054 34.2588 30.012 67.9481 81.2879 42.0202 25.605 44.9562 23.6811 60.7373 26.6628 40.1678 39.5832 45.7328 91.0682 35.1267 30.8356 25.9538 47.3392 32.2181 24.5676 24.7715 32.7784 20.7699 35.263
threshold=-0.44480769230769229 489.50000000000006 73.500000000000014 0.15587044534412958 12.062710229154213 56.500000000000007 108269.50000000001 0.59716599190283415 1898.5000000000002 0.66735708713531505 0.60691404342651378 78.500000000000014 81.500000000000014 0.36280384615384625 1411.5000000000002 0.57423076923076932 0.63260895013809215 12.552202541822762 57.500000000000007 0.48684210526315791 0.61689087748527538 12.775632590420143 57.500000000000007 240500.00000000003 0.42927631578947373 0.33653846153846162 97.000000000000014 815.50000000000011 1.0000000180025095e-35 66.500000000000014
decision_type=2 2 2 2 2 2 2 2 2 2 2 2 2 2 2 2 2 2 2 2 2 2 2 2 2 2 2 2 2 2
left_child=-1 -2 4 7 5 6 -3 11 9 10 -9 -4 -13 25 15 16 22 18 -17 -20 21 -19 23 -15 -24 26 -14 -28 29 -12
right_child=1 2 3 -5 -6 -7 -8 8 -10 -11 28 12 13 14 -16 17 -18 20 19 -21 -22 -23 24 -25 -26 -27 27 -29 -30 -31
leaf_value=0.061903154191030443 0.054720235541702467 -0.097458003841953356 0.029968765894089908 -0.087254931673205277 -0.10800291003279423 0.012229406267423137 -0.0077380853654140259 -0.044574554085866358 -0.040693099672919904 0.11336857458762138 -0.040633366644652176 -0.062244740781403074 0.046241022058078722 0.079069394710444912 0.077274968820940301 0.0062958311361884615 0.076816080161456246 0.067112375965383733 -0.1039097254006368 0.011045391595345049 -0.033109775284455287 -0.0086472960856201053 -0.050946859366870004 -0.0037909747592467739 0.023440802598445016 -0.044668755853644306 -0.0638749438386534 -0.0012120254647926022 0.050674495189382086 0.040893967364129702
leaf_weight=25 31 23 71 22 20 40 20 22 37 27 22 29 27 29 32 72 27 40 37 32 21 20 30 42 28 33 21 1950 61 33
leaf_count=25 31 23 71 22 20 40 20 22 37 27 22 29 27 29 32 72 27 40 37 32 21 20 30 42 28 33 21 1950 61 33
internal_value=0.000801246 0.000270482 -0.000318205 0.00114811 -0.0396923 -0.0230616 -0.0559586 0.00186211 0.0204071 0.034155 0.0185497 0.000385142 -0.000464392 0.000270053 0.0112313 0.00560814 0.0214492 -0.00550556 -0.0215207 -0.050586 0.0223031 0.0418036 0.00977154 0.0300467 -0.014971 -0.00194069 -0.00123027 -0.00188541 0.0305926 0.00817773
internal_weight=2924 2899 2868 2765 103 83 43 2743 202 165 138 2541 2470 2441 410 378 156 222 141 69 81 60 129 71 58 2031 1998 1971 116 55
internal_count=2924 2899 2868 2765 103 83 43 2743 202 165 138 2541 2470 2441 410 378 156 222 141 69 81 60 129 71 58 2031 1998 1971 116 55
is_linear=0
shrinkage=0.05


Tree=260
num_leaves=31
num_cat=0
split_feature=31 31 27 27 8 5 31 2 34 2 2 2 27 5 14 7 5 34 31 18 2 29 2 2 8 27 6 6 31 8
split_gain=31.1932 70.9972 92.6691 106.796 82.2032 77.2986 75.2168 84.6569 59.6255 105.397 59.7503 75.4606 56.8065 84.179 248.922 125.547 50.3851 74.162 95.3535 55.8933 49.8687 47.6678 63.7211 139.253 99.9367 94.0358 134.284 128.692 74.8643 63.1121
threshold=46.500000000000007 40.500000000000007 56.000000000000007 44.500000000000007 1345.0000000000002 0.31009615384615391 44.500000000000007 0.60417041182518016 1.0000000180025095e-35 0.65856382250785839 0.60082709789276134 0.61794203519821178 67.500000000000014 0.22064777327935226 0.079919230769230784 3624.0000000000005 0.31009615384615391 1.0000000180025095e-35 56.500000000000007 108269.50000000001 0.66735708713531505 5.5000000000000009 0.63353851437568676 0.61921602487564098 864.50000000000011 56.000000000000007 0.091093117408906896 0.057565789473684216 56.500000000000007 1647.5000000000002
decision_type=2 2 2 2 2 2 2 2 2 2 2 2 2 2 2 2 2 2 2 2 2 2 2 2 2 2 2 2 2 2
left_child=1 -1 3 5 6 -3 8 -8 9 -4 -10 -12 21 14 -14 -15 -17 20 19 -19 -18 22 23 29 -25 27 28 -24 -27 -2
right_child=12 2 4 -5 -6 -7 7 -9 10 -11 11 -13 13 15 -16 16 17 18 -20 -21 -22 -23 25 24 -26 26 -28 -29 -30 -31
leaf_value=0.00033057286435628588 0.0052266467275928555 0.097863549782949324 0.1837550854979885 -0.089624901954374767 -0.027535648582570273 -0.010754773710306776 0.092704109699208267 -0.025489784817437869 -0.026744793177540624 0.04616821808110777 0.14193797091725457 0.029623829787062884 -0.18901600805815735 0.086502169251851613 0.016745485866738258 -0.090684843360190365 0.024578656732398074 -0.063208545327751553 -0.11794567426886085 0.050549233209223769 -0.055670002849455683 -0.038960382808464734 -0.057942182529171937 -0.14087937292797539 -0.021015201831452713 0.057325947861550923 -0.026464839410242996 0.082213515441018736 0.16572956830884022 0.090515576476130732
leaf_weight=1694 219 22 28 32 36 63 22 48 20 28 24 40 27 29 32 25 98 21 33 22 24 60 47 27 49 36 27 25 29 24
leaf_count=1694 219 22 28 32 36 63 22 48 20 28 24 40 27 29 32 25 98 21 33 22 24 60 47 27 49 36 27 25 29 24
internal_value=0.00129773 0.00463409 0.0246978 -0.0118941 0.0421193 0.0173814 0.0540914 0.0116648 0.0752455 0.115256 0.0484073 0.0719754 -0.00673218 -0.0237699 -0.0774924 -0.0111465 -0.0239006 -0.0154015 -0.0541467 -0.00490864 0.00871842 0.00301946 0.00825168 -0.00475742 -0.0637934 0.0335739 0.0670467 -0.00916113 0.105948 0.0137046
internal_weight=2911 2057 363 117 246 85 210 70 140 56 84 64 854 311 59 252 223 198 76 43 122 543 483 319 76 164 92 72 65 243
internal_count=2911 2057 363 117 246 85 210 70 140 56 84 64 854 311 59 252 223 198 76 43 122 543 483 319 76 164 92 72 65 243
is_linear=0
shrinkage=0.05


Tree=261
num_leaves=31
num_cat=0
split_feature=31 31 27 27 8 5 31 2 5 5 27 27 34 31 18 31 5 7 2 31 29 2 2 8 27 6 6 31 14 8
split_gain=28.1647 64.1055 83.6696 96.4166 74.2283 69.7963 67.9082 76.4372 57.2761 57.7402 57.448 51.2935 76.0755 124.634 175.107 112.749 98.6553 149.185 100.591 68.7402 43.03 57.5319 125.734 90.2186 84.8866 121.254 116.186 67.572 61.2373 56.9824
threshold=46.500000000000007 40.500000000000007 56.000000000000007 44.500000000000007 1345.0000000000002 0.31009615384615391 44.500000000000007 0.60417041182518016 0.37171052631578955 0.53238866396761142 61.500000000000007 67.500000000000014 1.0000000180025095e-35 56.500000000000007 108269.50000000001 67.500000000000014 0.24038461538461542 3624.0000000000005 0.66760164499282848 51.500000000000007 5.5000000000000009 0.63353851437568676 0.61921602487564098 864.50000000000011 56.000000000000007 0.091093117408906896 0.057565789473684216 56.500000000000007 0.083092307692307701 1647.5000000000002
decision_type=2 2 2 2 2 2 2 2 2 2 2 2 2 2 2 2 2 2 2 2 2 2 2 2 2 2 2 2 2 2
left_child=1 -1 3 5 6 -3 8 -8 10 -10 -4 20 16 14 -14 -15 19 -18 -19 -13 21 22 29 -24 26 27 28 -26 -23 -2
right_child=11 2 4 -5 -6 -7 7 -9 9 -11 -12 12 13 15 -16 -17 17 18 -20 -21 -22 24 23 -25 25 -27 -28 -29 -30 -31
leaf_value=0.00031404533978258287 0.0049654342913020375 0.092992514762943138 -0.028522952410565829 -0.085157616180150164 -0.026162679286008062 -0.010217887586759029 0.088089875054305489 -0.024217945042989852 0.12768968768187963 0.041007048394097835 0.074798759400287518 -0.0066627456625895712 -0.11863501813896463 -0.19049715760100885 0.051097802393627857 -0.030844344487830772 0.13734667354850408 0.013121492482950858 -0.10317073400760263 -0.13634537420284126 -0.037015601194242069 -0.10620598169864366 -0.13386139261546612 -0.01996658229877956 0.054467583856341574 -0.025146484700791075 0.07811921934682535 0.15747156666521356 0.0082494554573325756 0.086008576192425495
leaf_weight=1694 219 22 23 32 36 63 22 48 55 30 32 20 24 25 41 20 21 117 22 21 60 26 27 49 36 27 25 29 21 24
leaf_count=1694 219 22 23 32 36 63 22 48 55 30 32 20 24 25 41 20 21 117 22 21 60 26 27 49 36 27 25 29 21 24
internal_value=0.00123317 0.00440351 0.0234686 -0.0112995 0.0400228 0.0165145 0.0513997 0.0110828 0.0715002 0.0972387 0.0315274 -0.00639687 -0.0225869 -0.0559985 -0.0115819 -0.119877 -0.00425828 0.013457 -0.00530946 -0.0733773 0.00286909 0.0078407 -0.0045198 -0.0606176 0.031902 0.063705 -0.00869792 0.100671 -0.0550512 0.0130224
internal_weight=2911 2057 363 117 246 85 210 70 140 85 55 854 311 110 65 45 201 160 139 41 543 483 319 76 164 92 72 65 47 243
internal_count=2911 2057 363 117 246 85 210 70 140 85 55 854 311 110 65 45 201 160 139 41 543 483 319 76 164 92 72 65 47 243
is_linear=0
shrinkage=0.05


Tree=262
num_leaves=31
num_cat=0
split_feature=14 6 33 10 31 5 31 27 27 2 7 8 15 5 8 2 27 5 27 27 7 27 7 5 2 2 2 27 8 5
split_gain=25.8865 81.4419 47.3286 112.671 21.3348 73.8522 53.1139 59.7499 101.408 63.0707 70.0113 61.4974 59.9656 51.0652 47.5363 46.4498 68.869 53.1793 42.7955 54.3025 45.5541 61.6331 80.2334 148.346 82.109 197.187 96.1795 52.4699 51.6772 35.4163
threshold=-0.13846153846153844 0.15587044534412958 1.0000000180025095e-35 1.0000000180025095e-35 46.500000000000007 0.069711538461538478 40.500000000000007 56.000000000000007 44.500000000000007 0.61838155984878551 6524.5000000000009 907.00000000000011 12.378961826715329 0.25657894736842107 1023.5000000000001 0.66928958892822277 69.500000000000014 0.59716599190283415 72.500000000000014 79.500000000000014 11090.000000000002 52.000000000000007 6302.5000000000009 0.40283400809716602 0.64410844445228588 0.63511124253273021 0.61528077721595775 64.000000000000014 1144.5000000000002 0.44951923076923084
decision_type=2 2 2 2 2 2 2 2 2 2 2 2 2 2 2 2 2 2 2 2 2 2 2 2 2 2 2 2 2 2
left_child=1 2 -1 -4 6 -6 -2 8 11 12 13 -8 14 -11 -9 17 -17 18 20 -20 21 -7 24 -24 25 26 -23 -25 -29 -22
right_child=4 -3 3 -5 5 15 7 9 -10 10 -12 -13 -14 -15 -16 16 -18 -19 19 -21 29 22 23 27 -26 -27 -28 28 -30 -31
leaf_value=0.011649922158494731 -0.0016603171103499914 -0.082394248910989801 0 0.1551804408208648 0.063343661831271256 0.006134936747000011 0.097144563459045263 0.14482382062661689 -0.085170579405794963 0.019210291692659809 -0.027103315803565477 -0.0060315053029725814 0.013383458825192844 0.11339031907054485 0.044629443005023903 -0.010949906802637402 -0.13001541065339425 -0.074073392234717025 0.086964888150401654 -0.0014638048602488827 0.067596457074501112 0.031125385940611525 -0.14870279769697081 0.033074692793732853 -0.06524308238763761 0.1431979208006002 -0.089861753117602527 -0.013284948276553507 -0.11648170376076034 -0.0090553646795195602
leaf_weight=323 1546 21 28 20 34 180 20 30 31 46 55 51 28 21 20 31 20 29 27 48 31 36 35 26 40 24 30 31 20 29
leaf_count=323 1546 21 28 20 34 180 20 30 31 46 55 51 28 21 20 31 20 29 27 48 31 36 35 26 40 24 30 31 20 29
internal_value=0.00117123 0.0131226 0.0185634 0.0648605 -0.000687073 -0.00832431 0.00208356 0.02126 -0.0098375 0.0371417 0.014617 0.0230576 0.0722449 0.0489289 0.105015 -0.0121668 -0.0579032 -0.00816859 -0.00471562 0.0303774 -0.0101917 -0.0159966 -0.0324744 -0.063476 -0.00569862 0.0207531 -0.0238459 -0.0245291 -0.0540009 0.0305115
internal_weight=2911 392 371 48 2519 671 1848 302 102 200 122 71 78 67 50 637 51 586 557 75 482 422 242 112 130 90 66 77 51 60
internal_count=2911 392 371 48 2519 671 1848 302 102 200 122 71 78 67 50 637 51 586 557 75 482 422 242 112 130 90 66 77 51 60
is_linear=0
shrinkage=0.05


Tree=263
num_leaves=31
num_cat=0
split_feature=14 6 29 27 30 2 6 6 2 31 5 31 27 27 35 29 2 2 2 2 27 2 31 14 30 5 2 15 2 31
split_gain=23.3663 73.5383 44.732 62.8935 105.293 107.556 54.8662 19.8945 25.5149 19.2682 66.6769 47.9659 53.9553 91.5521 60.8354 44.5856 43.5308 43.0062 140.613 83.7144 52.6647 59.561 79.1066 56.4366 51.6716 56.4789 81.3468 40.3133 77.8226 40.4985
threshold=-0.13846153846153844 0.15587044534412958 4.5000000000000009 56.000000000000007 1.0000000180025095e-35 0.62098920345306408 0.057565789473684216 0.057565789473684216 0.64091029763221752 46.500000000000007 0.069711538461538478 40.500000000000007 56.000000000000007 44.500000000000007 5.5000000000000009 2.5000000000000004 0.60966897010803234 0.63454651832580578 0.63783514499664318 0.62770020961761486 67.500000000000014 0.67251744866371166 52.500000000000007 0.31969230769230778 1.0000000180025095e-35 0.48684210526315791 0.62219041585922252 12.329385019294504 0.60361951589584362 44.500000000000007
decision_type=2 2 2 2 2 2 2 2 2 2 2 2 2 2 2 2 2 2 2 2 2 2 2 2 2 2 2 2 2 2
left_child=1 2 3 7 5 -5 -6 8 -1 11 -11 -2 13 15 -14 -13 -12 19 -19 24 -20 22 -22 -24 -18 26 -26 28 -16 -30
right_child=9 -3 -4 4 6 -7 -8 -9 -10 10 16 12 14 -15 27 -17 17 18 20 -21 21 -23 23 -25 25 -27 -28 -29 29 -31
leaf_value=0.004124172653078728 -0.0015773066699288725 -0.07829406997321342 -0.0054175483678189085 0.0095590165672610646 -0.055716851220202084 0.15373286977611142 0.036744087614594724 0.036698174933457117 -0.064014870147287004 0.060185764959393352 0.0064765655913822514 0.082868659245600634 0.095124460177819795 -0.080925742735625084 0.11478293370532791 -0.0037105206599525975 5.9280808414028497e-05 0.089647380118127729 0.0027685995236948948 -0.13408808730083618 0.062992110388789005 -0.10369047164174257 -0.018343316440377601 -0.12007297158834351 -0.16636128618349486 0.0089536556936985808 -0.02955044812495778 -0.035761875864044126 0.036569122822833623 -0.026268046937902453
leaf_weight=39 1546 21 134 20 20 37 79 21 21 34 219 21 35 31 24 50 78 32 108 21 20 32 43 20 20 20 24 25 78 38
leaf_count=39 1546 21 134 20 20 37 79 21 21 34 219 21 35 31 24 50 78 32 108 21 20 32 43 20 20 20 24 25 78 38
internal_value=0.00111288 0.0124676 0.0176382 0.0306919 0.0492452 0.103338 0.0179773 -0.0049954 -0.0197081 -0.000652551 -0.00791053 0.00198037 0.0202039 -0.00934534 0.0352961 0.0219076 -0.0115619 -0.0210239 -0.00817099 -0.0410833 -0.022264 -0.0457983 -0.0233204 -0.0508568 -0.0272092 -0.0604689 -0.0920868 0.022525 0.0329872 0.0159366
internal_weight=2911 392 371 237 156 57 99 81 60 2519 671 1848 302 102 200 71 637 418 255 163 223 115 83 63 142 64 44 165 140 116
internal_count=2911 392 371 237 156 57 99 81 60 2519 671 1848 302 102 200 71 637 418 255 163 223 115 83 63 142 64 44 165 140 116
is_linear=0
shrinkage=0.05


Tree=264
num_leaves=31
num_cat=0
split_feature=14 6 29 8 2 7 2 31 8 10 5 2 7 8 14 6 2 5 5 14 5 11 2 8 29 2 35 2 5 5
split_gain=21.0907 66.401 40.3854 54.3095 50.9913 49.4501 51.0903 38.3959 37.3753 31.5885 44.1945 29.6124 19.2986 41.5875 21.0252 64.4875 44.0209 41.3934 38.8927 47.3504 50.5605 44.1501 79.5677 130.528 81.6192 61.328 47.8937 42.7322 41.6407 78.3933
threshold=-0.13846153846153844 0.15587044534412958 4.5000000000000009 1647.5000000000002 0.61414834856987011 10072.000000000002 0.62911051511764537 45.500000000000007 922.50000000000011 1.0000000180025095e-35 0.31414473684210531 0.65145134925842296 13891.500000000002 2035.0000000000002 0.15294615384615387 0.13942307692307696 0.70596697926521312 0.17269736842105265 0.31009615384615391 1.0846153846153848 0.57072368421052644 1.0000000180025095e-35 0.64725190401077282 1228.0000000000002 2.5000000000000004 0.63260895013809215 5.5000000000000009 0.60057252645492565 0.37980769230769235 0.42927631578947373
decision_type=2 2 2 2 2 2 2 2 2 2 2 2 2 2 2 2 2 2 2 2 2 2 2 2 2 2 2 2 2 2
left_child=1 2 4 5 8 6 -4 9 -1 -6 -11 -9 14 -14 15 16 -2 -16 -19 20 21 22 23 24 -20 26 -26 -25 -23 -30
right_child=12 -3 3 -5 7 -7 -8 11 -10 10 -12 -13 13 -15 17 -17 -18 18 19 -21 -22 28 -24 27 25 -27 -28 -29 29 -31
leaf_value=-0.059011988834018619 -0.0054912220565464243 -0.074397915968962752 0.03337494184697358 0.048256037658096378 0.03198830466772104 -0.094147223649333367 -0.046929887316816146 -0.011383435888866115 0.01774195012721148 0.048745916053593394 0.14538599946153113 0.05048876752805375 0.068272413251101005 -0.010048548755740542 0.033689896265056987 0.066128578877909003 -0.073657063762676653 -0.020928282462805068 0.002835726245181767 -0.056473632840138836 0.072005918221022203 0.017295775973864433 -0.041492580505380607 0.0259682379583447 0.098347314859289936 0.16517846821608703 0.013183681140172071 -0.054802367764541782 -0.095333220579021771 -0.006802891608041442
leaf_weight=22 1427 21 40 35 34 20 39 38 56 25 23 39 31 37 107 31 24 167 38 29 30 141 40 28 46 21 26 39 28 229
leaf_count=22 1427 21 40 35 34 20 39 38 56 25 23 39 31 37 107 31 24 167 38 29 30 141 40 28 46 21 26 39 28 229
internal_value=0.00105703 0.0118447 0.0167586 -0.00514687 0.029162 -0.0241068 -0.00621521 0.0454 -0.00389042 0.0692173 0.0953626 0.0199144 -0.000620142 0.025631 -0.0013515 -0.00509754 -0.00662715 0.0043725 0.000724048 0.00593629 0.00866942 0.00566314 0.0226976 0.0357049 0.0647308 0.0899374 0.0677241 -0.0209846 -0.00451387 -0.016501
internal_weight=2911 392 371 134 237 99 79 159 78 82 48 77 2519 68 2451 1482 1451 969 862 695 666 636 238 198 131 93 72 67 398 257
internal_count=2911 392 371 134 237 99 79 159 78 82 48 77 2519 68 2451 1482 1451 969 862 695 666 636 238 198 131 93 72 67 398 257
is_linear=0
shrinkage=0.05


Tree=265
num_leaves=31
num_cat=0
split_feature=7 31 2 14 2 2 29 2 2 5 27 6 27 6 27 35 27 5 5 5 11 27 15 27 8 27 27 5 33 5
split_gain=47.9612 60.737 56.476 44.9215 40.5025 69.8358 62.3532 55.5472 80.4439 54.0401 97.0905 74.2099 186.033 108.123 104.463 114.781 69.9493 60.4532 42.66 57.1826 40.8635 75.9134 102.425 40.4927 39.6091 48.0641 77.7131 98.0218 47.4219 45.9764
threshold=7794.0000000000009 14.500000000000002 0.5824897587299348 -0.34153846153846151 0.63524180650711071 0.62770020961761486 2.5000000000000004 0.68166601657867443 0.67700940370559703 0.28542510121457493 57.500000000000007 1.0000000180025095e-35 52.000000000000007 0.057565789473684216 57.500000000000007 6.5000000000000009 44.500000000000007 0.40283400809716602 0.51315789473684215 0.46761133603238875 1.0000000180025095e-35 57.500000000000007 11.778493998810866 56.000000000000007 1103.0000000000002 70.500000000000014 56.000000000000007 0.44951923076923084 1.0000000180025095e-35 0.55048076923076927
decision_type=2 2 2 2 2 2 2 2 2 2 2 2 2 2 2 2 2 2 2 2 2 2 2 2 2 2 2 2 2 2
left_child=1 -1 -3 -4 5 9 -6 8 24 10 -2 12 16 -13 -14 17 -11 -16 19 -19 23 -22 -23 -15 -8 26 -26 -28 29 -27
right_child=4 2 3 -5 6 -7 7 -9 -10 11 -12 13 14 20 15 -17 -18 18 -20 -21 21 22 -24 -25 25 28 27 -29 -30 -31
leaf_value=0.067093033390119669 -0.003705164683079291 -0.067114452835248445 -0.069426410393699567 -0.0087849495733505253 -0.04464716407730969 -0.064561701990672446 0.078167624940577246 -0.042072658452911305 0.1189986632943648 0.0051898697261120712 0.10985620605985191 0.098845351537280968 -0.13410787688179457 -0.010286684158313266 -0.058887457249566344 -0.11260273453360299 0.089894297915786209 -0.015656976897922736 -0.028167243379743984 0.095918456206758651 0.054488072039067061 -0.0026500587465857271 -0.12909785088043488 0.065413355105139723 -0.052964861031195409 -0.0022569156070035767 -0.027178376654637255 0.083502912799412896 0.021663763585832663 -0.10404478366028017
leaf_weight=25 50 44 31 1788 36 44 29 28 24 129 30 35 32 32 45 37 30 21 35 25 26 48 24 39 20 25 27 76 54 20
leaf_count=25 50 44 31 1788 36 44 29 28 24 129 30 35 32 32 45 37 30 21 35 25 26 48 24 39 20 25 27 76 54 20
internal_value=-0.00541985 -0.0101415 -0.0111842 -0.00982493 0.0033066 -0.00370867 0.0174316 0.0248361 0.0316796 0.000489719 0.0389019 -0.00501443 -0.0188616 0.0189875 -0.0515875 -0.0352843 0.0212497 -0.0124687 0.0132987 0.0449499 0.00237062 -0.0185177 -0.0449893 0.0312582 0.0232664 0.0160401 0.0369086 0.0544427 -0.00984802 -0.0477372
internal_weight=2909 1888 1863 1819 1021 682 339 303 275 638 80 558 354 204 195 163 159 126 81 46 169 98 72 71 251 222 123 103 99 45
internal_count=2909 1888 1863 1819 1021 682 339 303 275 638 80 558 354 204 195 163 159 126 81 46 169 98 72 71 251 222 123 103 99 45
is_linear=0
shrinkage=0.05


Tree=266
num_leaves=31
num_cat=0
split_feature=7 31 7 27 16 8 31 29 14 8 27 31 31 16 29 27 0 33 16 27 14 31 27 5 29 5 5 27 29 14
split_gain=43.278 54.8378 39.2312 84.079 62.9552 61.6619 36.1286 34.315 85.1603 73.0815 171.44 107.414 67.8428 69.1097 68.495 47.1657 37.7662 35.2348 32.772 45.2981 64.7563 48.3624 38.5386 36.2995 60.2278 32.2046 29.3585 84.2287 84.9738 84.1851
threshold=7794.0000000000009 14.500000000000002 7414.0000000000009 56.000000000000007 260870.00000000003 859.00000000000011 66.500000000000014 1.5000000000000002 -0.16715769230769228 78.500000000000014 61.500000000000007 33.500000000000007 31.500000000000004 199840.00000000003 1.0000000180025095e-35 44.500000000000007 1.0000000180025095e-35 1.0000000180025095e-35 224969.50000000003 52.000000000000007 0.47000000000000003 47.500000000000007 39.500000000000007 0.46761133603238875 4.5000000000000009 0.28542510121457493 0.46761133603238875 69.500000000000014 3.5000000000000004 0.18096153846153848
decision_type=2 2 2 2 2 2 2 2 2 2 2 2 2 2 2 2 2 2 2 2 2 2 2 2 2 2 2 2 2 2
left_child=1 -1 7 -4 5 -5 18 8 -3 16 12 -12 14 -14 -11 -16 17 -10 25 22 21 -21 -20 -22 -25 -2 -9 28 -28 -29
right_child=6 2 3 4 -6 -7 -8 26 9 10 11 -13 13 -15 15 -17 -18 -19 19 20 23 -23 -24 24 -26 -27 27 29 -30 -31
leaf_value=0.063751744584317691 0.050158714679633259 -0.092830022754944536 0.012396632856485514 -0.026485195386397889 0.0046327090795109374 -0.1256050142777215 -0.045975108073193605 -0.00081757823634836082 0.016354808290242408 -0.11472852886167924 -0.033140784764991091 -0.18362576005930417 0.088464046264704665 -0.020498036214041115 -0.053036514117231232 0.026303122068135221 0.03850777260314292 -0.066759709095785394 -0.0086374926596762755 -0.03476220332371914 -0.031286658341549846 -0.129131808297894 0.050099541341881798 0.082560119645083807 -0.030551191751436408 0.0077530241264788247 -0.053626579710294012 -0.028976785428211339 0.018304148707344186 -0.13655032109454335
leaf_weight=25 48 38 57 25 24 43 36 1046 32 20 22 26 30 28 35 40 75 21 73 39 51 21 45 25 22 661 56 67 153 25
leaf_count=25 48 38 57 25 24 43 36 1046 32 20 22 26 30 28 35 40 75 21 73 39 51 21 45 25 22 661 56 67 153 25
internal_value=-0.00514952 -0.0096348 -0.0106256 -0.0352371 -0.0647851 -0.0893297 0.00313974 -0.00848129 -0.0220367 -0.013819 -0.0326263 -0.11497 -0.00670214 0.0358309 -0.0327326 -0.0106768 0.0156775 -0.0165469 0.00494436 -0.00966123 -0.0271699 -0.0680347 0.0137433 -0.00205577 0.0295558 0.0106377 -0.00478295 -0.0185415 -0.000961674 -0.0583795
internal_weight=2909 1888 1863 149 92 68 1021 1714 367 329 201 48 153 58 95 75 128 53 985 276 158 60 118 98 47 709 1347 301 209 92
internal_count=2909 1888 1863 149 92 68 1021 1714 367 329 201 48 153 58 95 75 128 53 985 276 158 60 118 98 47 709 1347 301 209 92
is_linear=0
shrinkage=0.05


Tree=267
num_leaves=31
num_cat=0
split_feature=7 2 31 14 2 2 8 6 27 27 5 35 6 27 5 14 15 27 27 2 5 27 2 7 11 27 15 5 5 27
split_gain=39.0666 53.5702 47.6895 38.5411 36.4584 62.0123 57.1251 46.6796 115.425 172.278 159.937 99.9103 93.6464 66.6765 53.2182 42.0252 39.5945 37.4793 143.761 59.1274 49.8064 124.35 64.3465 44.8154 37.3779 63.7596 91.0286 37.2249 48.3487 36.6754
threshold=7794.0000000000009 0.5824897587299348 14.500000000000002 -0.34153846153846151 0.63524180650711071 0.62770020961761486 1556.0000000000002 1.0000000180025095e-35 52.000000000000007 57.500000000000007 0.28542510121457493 6.5000000000000009 0.057565789473684216 44.500000000000007 0.40283400809716602 0.076742307692307707 11.881410577297641 57.500000000000007 54.000000000000007 0.68051502108573925 0.48684210526315791 70.500000000000014 0.65241101384162914 9245.0000000000018 1.0000000180025095e-35 57.500000000000007 11.778493998810866 0.51315789473684215 0.46761133603238875 56.000000000000007
decision_type=2 2 2 2 2 2 2 2 2 2 2 2 2 2 2 2 2 2 2 2 2 2 2 2 2 2 2 2 2 2
left_child=1 -1 -3 -4 5 7 17 8 13 -10 -11 14 15 -2 -12 -9 -8 18 -6 20 22 23 -19 -22 29 -26 -27 28 -16 -14
right_child=4 2 3 -5 6 -7 16 12 9 10 11 -13 24 -15 27 -17 -18 19 -20 -21 21 -23 -24 -25 25 26 -28 -29 -30 -31
leaf_value=-0.063632884960861294 0.0059784926794478905 0.060576857074323399 -0.06400325083655943 -0.0078323388829629175 -0.016236642015960825 -0.061016920103022065 -0.066708181809589442 0.13464139167448919 -0.13388597283336925 0.097769618422012927 -0.055643907062164169 -0.10551884315727214 -0.0050001907012812855 0.086206859884442238 -0.014061006458290804 0.037309466419872893 0.0035611820526563922 0.065153212278971362 0.16011447280774385 -0.057232284913130843 0.15208245243643484 -0.025971187731086982 -0.031171687204475957 0.052543040072146933 0.045920985200014829 -0.0029046762200254411 -0.1221189388719337 -0.026646364652193506 0.088520260612328205 0.062570433425443134
leaf_weight=44 156 25 31 1788 23 44 25 21 36 27 45 37 41 31 21 24 99 27 23 21 27 26 48 20 28 48 24 35 25 39
leaf_count=44 156 25 31 1788 23 44 25 21 36 27 45 37 41 31 21 24 99 27 23 21 27 26 48 20 28 48 24 35 25 39
internal_value=-0.00489387 -0.00915536 -0.00784937 -0.00879584 0.00298158 -0.00367397 0.0163831 0.00028182 -0.00969222 -0.0337379 -0.0146757 -0.0333808 0.0186081 0.0193441 -0.0120909 0.0830397 -0.0106081 0.031971 0.0719865 0.0210136 0.0321809 0.0615554 0.00347928 0.110033 0.00243528 -0.0179061 -0.0428264 0.0120824 0.0416523 0.0279151
internal_weight=2909 1888 1844 1819 1021 682 339 638 413 226 190 163 225 187 126 45 124 215 46 169 148 73 75 47 180 100 72 81 46 80
internal_count=2909 1888 1844 1819 1021 682 339 638 413 226 190 163 225 187 126 45 124 215 46 169 148 73 75 47 180 100 72 81 46 80
is_linear=0
shrinkage=0.05


Tree=268
num_leaves=31
num_cat=0
split_feature=7 2 2 35 14 2 2 8 6 27 27 5 35 6 27 5 14 15 27 27 2 5 27 2 7 11 27 15 5 5
split_gain=35.2656 48.3584 38.5936 43.0334 34.281 32.913 55.9808 51.5746 42.1411 104.211 155.521 144.403 90.1869 84.5741 60.1935 48.0362 37.9319 35.7505 33.8289 129.817 53.3925 44.9658 112.293 58.0928 40.4378 33.7409 57.5742 82.1815 33.6044 43.6613
threshold=7794.0000000000009 0.5824897587299348 0.58981001377105724 4.5000000000000009 -0.34153846153846151 0.63524180650711071 0.62770020961761486 1556.0000000000002 1.0000000180025095e-35 52.000000000000007 57.500000000000007 0.28542510121457493 6.5000000000000009 0.057565789473684216 44.500000000000007 0.40283400809716602 0.076742307692307707 11.881410577297641 57.500000000000007 54.000000000000007 0.68051502108573925 0.48684210526315791 70.500000000000014 0.65241101384162914 9245.0000000000018 1.0000000180025095e-35 57.500000000000007 11.778493998810866 0.51315789473684215 0.46761133603238875
decision_type=2 2 2 2 2 2 2 2 2 2 2 2 2 2 2 2 2 2 2 2 2 2 2 2 2 2 2 2 2 2
left_child=1 -1 3 -3 -4 6 8 18 9 14 -11 -12 15 16 -2 -13 -10 -9 19 -7 21 23 24 -20 -23 -15 -27 -28 29 -17
right_child=5 2 4 -5 -6 7 -8 17 13 10 11 12 -14 25 -16 28 -18 -19 20 -21 -22 22 -24 -25 -26 26 27 -29 -30 -31
leaf_value=-0.060458453756053833 0.0056797593674508522 0.07270988321524724 -0.060813379671029337 -0.014271002351324219 -0.0078263424035682882 -0.0154283245275547 -0.057972990358227228 -0.06338606453036881 0.12794122965344321 -0.12721021889484491 0.092899175968392311 -0.052867880476816266 -0.10025712441241325 0.026519776634481296 0.081910378489212121 -0.013361288864889418 0.035451736304275221 0.0033833024904928832 0.061907573643645679 0.15214340397160808 -0.05438423243602869 0.14450638972126581 -0.02467760793664903 -0.029616342901625899 0.049928954421584279 0.043633103890351133 -0.0027597435918518508 -0.11603833022701293 -0.02531784233926368 0.084111882272766406
leaf_weight=44 156 31 31 26 1756 23 44 25 21 36 27 45 37 80 31 21 24 99 27 23 21 27 26 48 20 28 48 24 35 25
leaf_count=44 156 31 31 26 1756 23 44 25 21 36 27 45 37 80 31 21 24 99 27 23 21 27 26 48 20 28 48 24 35 25
internal_value=-0.00464901 -0.00869792 -0.00745693 0.0329913 -0.00875168 0.00283333 -0.00349004 0.0155667 0.000268067 -0.0092083 -0.0320565 -0.0139436 -0.0317183 0.017681 0.0183807 -0.0114886 0.0789123 -0.0100782 0.0303783 0.0683974 0.019966 0.0305791 0.0584899 0.00330425 0.104558 0.00231014 -0.0170148 -0.0406972 0.0114751 0.0395723
internal_weight=2909 1888 1844 57 1787 1021 682 339 638 413 226 190 163 225 187 126 45 124 215 46 169 148 73 75 47 180 100 72 81 46
internal_count=2909 1888 1844 57 1787 1021 682 339 638 413 226 190 163 225 187 126 45 124 215 46 169 148 73 75 47 180 100 72 81 46
is_linear=0
shrinkage=0.05


Tree=269
num_leaves=31
num_cat=0
split_feature=29 27 7 31 5 7 2 31 16 2 27 2 2 27 27 27 6 8 2 27 6 16 2 29 2 2 7 5 2 8
split_gain=37.5047 48.2767 229.388 178.397 62.3431 59.8441 75.8252 71.1644 51.2227 47.8632 45.3701 35.1621 48.7839 45.4752 61.3574 39.3684 30.4913 106.42 29.6122 62.2255 61.7676 98.7917 29.1674 62.9562 37.88 57.8049 40.3393 27.6838 27.1792 26.4044
threshold=1.5000000000000002 59.000000000000007 556.50000000000011 29.500000000000004 0.19901315789473686 543.00000000000011 0.63424724340438854 29.500000000000004 199840.00000000003 0.61438539624214183 47.000000000000007 0.58632463216781627 0.58981001377105724 52.000000000000007 57.500000000000007 47.000000000000007 0.15587044534412958 73.500000000000014 0.67853298783302318 77.000000000000014 0.091093117408906896 194500.00000000003 0.67160281538963329 3.5000000000000004 0.66760164499282848 0.66670203208923351 8464.0000000000018 0.091093117408906896 0.59069615602493297 72.500000000000014
decision_type=2 2 2 2 2 2 2 2 2 2 2 2 2 2 2 2 2 2 2 2 2 2 2 2 2 2 2 2 2 2
left_child=1 5 4 -4 29 6 -1 9 -9 -7 -11 13 15 -2 -15 -13 17 -14 22 20 21 -20 24 -24 25 27 -26 -19 -29 -3
right_child=11 2 3 -5 -6 7 -8 8 -10 10 -12 12 16 14 -16 -17 -18 18 19 -21 -22 -23 23 -25 26 -27 -28 28 -30 -31
leaf_value=0.001008764935380931 0.0011078467706143471 0.077853068939359241 -0.016657796409271217 -0.17520185706026836 -0.05539224415795127 -0.065836054077157577 -0.099778158313805071 0.068289364746489598 0 -0.025493877033867147 0.058843445082299439 0.0049527083834012345 -0.10661382322736795 -0.11923494191832562 -0.021226034600001113 0.098665372535114371 0.055626107133054103 -0.057249458476361641 0.14395417781527509 -0.013279304672485734 -0.0037832488446493773 0.0081740617484922905 -0.087669812396791585 0.0051610815923770819 0.076681715441670073 -0.079539734043827748 -0.014093929303077915 -0.043328274861781424 -0.00010242062710749309 0.0077605518887275474
leaf_weight=41 77 31 32 40 20 39 34 57 53 47 24 23 24 24 48 22 23 22 29 78 35 25 31 44 31 24 20 37 1850 24
leaf_count=41 77 31 32 40 20 39 34 57 53 47 24 23 24 24 48 22 23 22 29 78 35 25 31 44 31 24 20 37 1850 24
internal_value=-0.00441646 -0.0178288 -0.0412334 -0.104928 0.0199051 -0.00613925 -0.0446868 0.00699355 0.0354324 -0.0214062 0.00298686 -0.00201079 -0.000494668 -0.0255474 -0.0540851 0.0509958 -0.00151846 -0.00210727 -0.000973529 0.0192659 0.0478276 0.0813167 -0.00261838 -0.0332081 -0.00145788 -0.00258346 0.0410277 -0.00160923 -0.000954887 0.0474276
internal_weight=2909 442 147 72 75 295 75 220 110 110 71 2467 2318 149 72 45 2273 2250 2226 167 89 54 2059 75 1984 1933 51 1909 1887 55
internal_count=2909 442 147 72 75 295 75 220 110 110 71 2467 2318 149 72 45 2273 2250 2226 167 89 54 2059 75 1984 1933 51 1909 1887 55
is_linear=0
shrinkage=0.05


Tree=270
num_leaves=31
num_cat=0
split_feature=8 27 31 8 31 27 6 29 2 27 31 6 29 8 35 7 2 7 16 7 13 2 29 16 27 2 31 27 16 18
split_gain=49.5308 164.545 145.336 79.9834 26.2936 54.7465 145.207 102.593 65.091 60.0617 59.9489 45.087 38.413 62.2714 59.5983 125.721 123.522 53.9667 50.4205 42.7323 52.3777 41.1874 43.2738 34.7835 31.5982 40.6866 34.8645 54.6312 130.046 138.033
threshold=68.500000000000014 47.000000000000007 48.500000000000007 72.500000000000014 53.500000000000007 61.500000000000007 0.069711538461538478 5.5000000000000009 0.66434118151664745 72.500000000000014 61.500000000000007 0.11513157894736843 5.5000000000000009 1224.0000000000002 4.5000000000000009 8000.5000000000009 0.6597372591495515 6127.0000000000009 154250.00000000003 8099.0000000000009 1.0000000180025095e-35 0.61965721845626842 6.5000000000000009 266150.00000000006 30.500000000000004 0.58031651377677929 25.500000000000004 65.500000000000014 230500.00000000003 157125.00000000003
decision_type=2 2 2 2 2 2 2 2 2 2 2 2 2 2 2 2 2 2 2 2 2 2 2 2 2 2 2 2 2 2
left_child=1 -1 -3 -2 12 -6 7 8 9 10 -7 -8 13 24 15 16 17 -14 -15 20 -16 -17 -23 -20 -5 -26 -27 -28 29 -29
right_child=3 2 -4 4 5 6 11 -9 -10 -11 -12 -13 14 18 19 21 -18 -19 23 -21 -22 22 -24 -25 25 26 27 28 -30 -31
leaf_value=0.076395849822872897 0.068060256010280443 -0.16215679532371438 -0.00089797797128283226 -0.028045361762293816 0.0048875920775823525 -0.15255187490946567 0.072725505758993711 -0.12533594821273847 0.02866865834910003 0 -0.032487911653162831 -0.0071656988652618343 -0.049012945853703388 -0.088798719828670047 0.038866903263004828 -0.0027627928015401589 0.018402530987511208 -0.1644124943818619 -0.0077002760987675643 0.014925611151109379 0.1317416256270468 0.11576688305628254 0.022327438231820387 -0.063031877761881155 0.065456597226572211 0.017067892109641481 -0.0077072777089191458 0.010372491734664079 0.071109245783671213 -0.097782144327125745
leaf_weight=22 44 29 27 77 257 22 32 41 31 27 20 39 21 26 42 30 39 20 203 62 24 26 24 33 27 379 852 364 81 32
leaf_count=22 44 29 27 77 257 22 32 41 31 27 20 39 21 26 42 30 39 20 203 62 24 26 24 33 27 379 852 364 81 32
internal_value=0.000172928 -0.0391133 -0.0846363 0.00124184 0.000199204 -0.0106114 -0.0294172 -0.0587789 -0.0313427 -0.0583791 -0.0957103 0.0288229 0.00234823 -2.5798e-05 0.019456 -0.000861202 -0.0451851 -0.10569 -0.0228078 0.0448724 0.0728634 0.0434013 0.0711498 -0.0154819 0.00326661 0.00466066 0.0036929 -0.000118572 0.0134244 0.00159762
internal_weight=2953 78 56 2875 2831 469 212 141 100 69 42 71 2362 2074 288 160 80 41 262 128 66 80 50 236 1812 1735 1708 1329 477 396
internal_count=2953 78 56 2875 2831 469 212 141 100 69 42 71 2362 2074 288 160 80 41 262 128 66 80 50 236 1812 1735 1708 1329 477 396
is_linear=0
shrinkage=0.05


Tree=271
num_leaves=31
num_cat=0
split_feature=8 30 8 5 16 16 14 8 14 31 8 2 6 2 7 24 15 8 7 5 18 14 0 5 7 15 14 2 14 16
split_gain=44.7137 106.205 72.2033 36.6915 49.7759 115.468 49.6676 59.4619 51.635 121.91 49.5675 44.5361 46.0415 43.3813 39.8297 38.4899 60.1391 33.877 34.6628 38.8677 67.054 33.7612 33.7393 39.667 34.7643 29.5651 47.1908 67.6249 54.9803 39.86
threshold=68.500000000000014 1.0000000180025095e-35 72.500000000000014 0.37171052631578955 335951.50000000006 364700.00000000006 0.33938461538461545 961.00000000000011 0.31969230769230778 39.500000000000007 1411.5000000000002 0.68051502108573925 0.13942307692307696 0.68187245726585399 9403.0000000000018 1.0000000180025095e-35 11.680414148865188 1066.5000000000002 8039.0000000000009 0.31009615384615391 98645.000000000015 -0.27615384615384614 1.0000000180025095e-35 0.51315789473684215 6789.5000000000009 11.994971838029008 0.11134615384615386 0.61794203519821178 0.24324615384615386 157925.00000000003
decision_type=2 2 2 2 2 2 2 2 2 2 2 2 2 2 2 2 2 2 2 2 2 2 2 2 2 2 2 2 2 2
left_child=1 -1 -2 4 17 -6 8 -8 11 -10 14 12 15 -13 -9 21 -17 25 -19 -20 -21 -5 23 24 -18 29 27 -27 -28 -4
right_child=2 -3 3 6 5 -7 7 10 9 -11 -12 13 -14 -15 -16 16 22 18 19 20 -22 -23 -24 -25 -26 26 28 -29 -30 -31
leaf_value=0.021064072115646908 0.064664960323142354 -0.095423291532127461 0.0048900857723640414 -0.042549739698157694 -0.13105572003041396 0.0236495863805356 0.06314733378632055 0.0098309565523516766 0.010521323844742546 -0.13754802926246865 0.073678628945242755 -0.10068729101764083 0.059621871196502467 -0.021624435778413262 -0.041963283381759836 -0.10826983953274749 0.0089880644202575584 0.083578563086777566 -0.006312793486198765 0.12066331236000874 0.015371566464136356 0.00085243776515463382 -0.066733265245106491 0.051025119958170856 -0.049908513882489812 -0.088396992448355582 0.042951750836466157 0.0057408297185118744 -0.0091813423352593987 0.034419800436477493
leaf_weight=39 44 39 515 47 21 28 52 123 31 25 22 21 28 100 53 20 52 25 72 21 54 917 27 25 48 38 66 38 215 147
leaf_count=39 44 39 515 47 21 28 52 123 31 25 22 21 28 100 53 20 52 25 72 21 54 917 27 25 48 38 66 38 215 147
internal_value=0.000163724 -0.0371632 0.00117942 0.000188695 0.00663784 -0.0426827 -0.00483462 0.0156146 -0.00865154 -0.0556193 0.00308045 -0.00659664 -0.00358924 -0.0354592 -0.00575275 -0.00515677 -0.0269395 0.00867459 0.0291997 0.0198671 0.0450412 -0.00126265 -0.0161411 -0.00512862 -0.019254 0.00520267 -0.00638475 -0.0413167 0.00305658 0.011459
internal_weight=2953 78 2875 2831 1240 49 1591 250 1341 56 198 1285 1164 121 176 1136 172 1191 172 147 75 964 152 125 100 1019 357 76 281 662
internal_count=2953 78 2875 2831 1240 49 1591 250 1341 56 198 1285 1164 121 176 1136 172 1191 172 147 75 964 152 125 100 1019 357 76 281 662
is_linear=0
shrinkage=0.05


Tree=272
num_leaves=31
num_cat=0
split_feature=2 2 27 14 7 30 15 15 2 15 2 27 16 5 5 27 5 7 27 31 2 30 2 27 2 35 2 29 27 15
split_gain=34.2193 73.9757 53.0795 38.4919 65.8258 44.8375 29.714 82.3332 63.0718 152.269 60.6753 78.0777 40.982 39.0855 38.3425 70.6135 32.9185 67.166 71.0447 75.8999 59.6089 72.5457 49.6056 60.4331 89.3637 51.9084 48.2532 49.3047 45.5435 30.9949
threshold=0.70040804147720348 0.69374245405197155 77.000000000000014 -0.35269230769230764 10014.500000000002 1.5000000000000002 12.15433836492346 12.138198560900538 0.65755760669708263 12.346924707763097 0.58981001377105724 50.500000000000007 331500.00000000006 0.13942307692307696 0.34210526315789475 56.000000000000007 0.091093117408906896 2463.5000000000005 47.000000000000007 21.500000000000004 0.65270385146141063 1.0000000180025095e-35 0.64410844445228588 65.500000000000014 0.66670203208923351 5.5000000000000009 0.68051502108573925 4.5000000000000009 59.000000000000007 12.444104537591599
decision_type=2 2 2 2 2 2 2 2 2 2 2 2 2 2 2 2 2 2 2 2 2 2 2 2 2 2 2 2 2 2
left_child=1 3 -2 4 5 -1 7 16 10 -10 11 -8 13 -12 15 -14 20 18 -18 -20 21 -5 28 24 -24 -25 -19 -28 -21 -15
right_child=2 -3 -4 6 -6 -7 8 -9 9 -11 12 -13 14 29 -16 -17 17 26 19 22 -22 -23 23 25 -26 -27 27 -29 -30 -31
leaf_value=0.12318941762437036 0.0021420801197841849 0.092232216928339647 -0.076050162447912684 -0.023302909939164226 -0.021578511385778383 0.020463046505676572 -0.01216504821202509 -0.08071882200380924 0.13746331981879331 -0.032415693574797559 0.057118971077752601 0.098909828276050979 0.0023364001467700321 -0.0032398003841895753 -0.0025028035372889517 -0.11522370223849461 0.086227334037990253 -0.002422944148757628 -0.062962142029885981 0.10771625782247114 0.022611952474586982 -0.12924123508560711 -0.081519738639150338 0.082414703400878753 0.048620034824897886 -0.0041982461706092811 -0.095408744436566092 -0.014076905542197713 0.020168249216220832 0.034916734476550901
leaf_weight=23 52 22 37 61 29 20 28 34 29 24 34 36 24 412 68 27 38 1534 29 28 40 22 35 33 21 36 28 56 32 61
leaf_count=23 52 22 37 61 29 20 28 34 29 24 34 36 24 412 68 27 38 1534 29 28 40 22 35 33 21 36 28 56 32 61
internal_value=0.00015553 0.00110651 -0.0303576 0.000396123 0.0364639 0.0756841 -0.000540857 -0.00367784 0.00800985 0.0605266 0.00396053 0.0502934 -0.000775672 0.0054152 -0.0271763 -0.0599071 -0.00235705 -0.000705598 0.0232971 0.0120642 -0.0274029 -0.0515649 0.0238797 0.00588257 -0.0326285 0.0372123 -0.00444827 -0.0413282 0.0612184 0.00167679
internal_weight=2953 2864 89 2842 72 43 2770 2027 743 53 690 64 626 507 119 51 1993 1870 252 214 123 83 185 125 56 69 1618 84 60 473
internal_count=2953 2864 89 2842 72 43 2770 2027 743 53 690 64 626 507 119 51 1993 1870 252 214 123 83 185 125 56 69 1618 84 60 473
is_linear=0
shrinkage=0.05


Tree=273
num_leaves=31
num_cat=0
split_feature=8 27 31 8 5 2 16 16 14 8 14 31 8 2 13 27 6 24 15 8 0 5 14 27 27 27 16 2 27 2
split_gain=38.6826 146.974 131.635 64.391 32.104 45.9225 68.8678 63.5609 42.0337 50.4823 47.7701 105.965 44.3905 36.2914 39.702 64.6319 38.9737 35.0002 54.4854 34.5238 31.0141 35.6228 30.43 40.359 241.43 110.007 45.9074 62.4403 61.9853 46.3321
threshold=68.500000000000014 47.000000000000007 48.500000000000007 72.500000000000014 0.37171052631578955 0.58031651377677929 335951.50000000006 364700.00000000006 0.33938461538461545 961.00000000000011 0.31969230769230778 39.500000000000007 1411.5000000000002 0.68051502108573925 1.0000000180025095e-35 67.500000000000014 0.13942307692307696 1.0000000180025095e-35 11.680414148865188 1411.5000000000002 1.0000000180025095e-35 0.51315789473684215 -0.27615384615384614 56.000000000000007 57.500000000000007 54.000000000000007 215404.50000000003 0.60173144936561596 64.000000000000014 0.62682512402534496
decision_type=2 2 2 2 2 2 2 2 2 2 2 2 2 2 2 2 2 2 2 2 2 2 2 2 2 2 2 2 2 2
left_child=1 -1 -3 -2 5 -5 19 -8 10 -10 13 -12 -11 16 -15 -16 17 22 -19 -7 21 -20 -6 25 -25 -24 27 28 -26 -29
right_child=3 2 -4 4 8 6 7 -9 9 12 11 -13 -14 14 15 -17 -18 18 20 -21 -22 -23 23 24 26 -27 -28 29 -30 -31
leaf_value=0.074588783644982587 0.061045443687309214 -0.15137719949547368 0.0017239211560175429 0.081167817397497177 -0.040287881420881758 0.0057563793998647384 -0.11880010329716578 -0.0017925765343952454 0.058066905304188926 -0.0056388684655002894 0.0084271816818277164 -0.12961064190325508 0.069530184910847587 -0.0045453337713391205 -0.01888092976817039 -0.12690903296718348 0.054794748366091175 -0.10299045791228612 -0.018123552667723222 0.054166233260062306 -0.063801386301849047 0.04847605964577055 -0.00057053233036698182 0.13318696472783498 -0.11723891602450119 -0.085854245860477074 0.039595526811890817 0.02326154188847853 -0.010876313116281264 -0.0092879048222497922
leaf_weight=22 44 29 27 20 47 1135 21 26 52 176 31 25 22 63 35 23 28 20 100 38 27 25 211 36 23 46 66 161 34 340
leaf_count=22 44 29 27 20 47 1135 21 26 52 176 31 25 22 63 35 23 28 20 100 38 27 25 211 36 23 46 66 161 34 340
internal_value=0.000147888 -0.0345704 -0.0776 0.00109272 0.000157031 0.00618967 0.00494987 -0.0543199 -0.00454166 0.0142699 -0.00805319 -0.0532289 0.00271889 -0.00607656 -0.0321315 -0.0619504 -0.00336128 -0.0048038 -0.0255755 0.00733339 -0.0152954 -0.00473556 -0.00109019 0.000917578 0.00746831 -0.0158822 0.000187119 -0.00447139 -0.0540123 0.00116467
internal_weight=2953 78 56 2875 2831 1240 1220 47 1591 250 1341 56 198 1285 121 58 1164 1136 172 1173 152 125 964 917 660 257 624 558 57 501
internal_count=2953 78 56 2875 2831 1240 1220 47 1591 250 1341 56 198 1285 121 58 1164 1136 172 1173 152 125 964 917 660 257 624 558 57 501
is_linear=0
shrinkage=0.05


Tree=274
num_leaves=31
num_cat=0
split_feature=8 27 31 8 5 2 16 16 14 7 5 14 30 29 2 2 6 24 16 8 5 0 5 7 5 2 27 13 14 27
split_gain=34.9061 132.698 118.859 58.1286 28.9841 41.4676 62.1936 57.3821 37.9546 46.9198 45.1562 43.1187 103.881 36.1752 32.7735 37.3952 35.1887 31.5991 49.1972 31.166 30.0967 28.0023 32.1612 31.3295 27.9938 36.166 31.554 27.5003 27.4679 36.4331
threshold=68.500000000000014 47.000000000000007 48.500000000000007 72.500000000000014 0.37171052631578955 0.58031651377677929 335951.50000000006 364700.00000000006 0.33938461538461545 7016.5000000000009 0.53238866396761142 0.31969230769230778 1.0000000180025095e-35 4.5000000000000009 0.68051502108573925 0.68187245726585399 0.13942307692307696 1.0000000180025095e-35 126575.00000000001 1411.5000000000002 0.57072368421052644 1.0000000180025095e-35 0.51315789473684215 6789.5000000000009 0.44951923076923084 0.61083373427391063 57.500000000000007 1.0000000180025095e-35 -0.27615384615384614 56.000000000000007
decision_type=2 2 2 2 2 2 2 2 2 2 2 2 2 2 2 2 2 2 2 2 2 2 2 2 2 2 2 2 2 2
left_child=1 -1 -3 -2 5 -5 19 -8 11 -10 13 14 -13 24 16 -16 17 28 -19 -7 -12 22 23 -20 26 -26 -11 -17 -6 -30
right_child=3 2 -4 4 8 6 7 -9 9 10 20 12 -14 -15 15 27 -18 18 21 -21 -22 -23 -24 -25 25 -27 -28 -29 29 -31
leaf_value=0.070876219882145181 0.058000092157701244 -0.14383435152931928 0.0016380397156155859 0.077129617615125656 -0.038277766256614915 0.0054685858236037518 -0.1128882507859813 -0.0017032927337505808 0.06807647015342265 0.01408407474509011 -0.060938162003692821 -0.13190635218248739 0.006188702313201306 0.064174047916515833 -0.09109012399804535 0.0032092602524156459 0.052064758061938436 -0.097866554966020342 0.0095882773442254651 0.051465026850462586 0.015287339338912301 -0.060623089534770074 0.046061914328084992 -0.046322229224026762 0.07470731528483017 -0.0020235289464330653 -0.056947569342270438 -0.050432463771546893 -0.015090767271818179 0.007094958541840609
leaf_weight=22 44 29 27 20 47 1135 21 26 34 35 36 23 33 34 21 61 28 20 52 38 20 27 25 48 26 37 28 39 257 660
leaf_count=22 44 29 27 20 47 1135 21 26 34 35 36 23 33 34 21 61 28 20 52 38 20 27 25 48 26 37 28 39 257 660
internal_value=0.000139659 -0.0328403 -0.0737289 0.00103727 0.000148157 0.00588026 0.00470192 -0.051622 -0.0043163 0.0135588 0.00492668 -0.00765322 -0.0505738 0.0184713 -0.00577507 -0.0305353 -0.0031945 -0.00456539 -0.0243021 0.00696719 -0.0336469 -0.0145318 -0.00449557 -0.0172183 0.00605799 0.0296321 -0.0174465 -0.0176905 -0.00103655 0.000870729
internal_weight=2953 78 56 2875 2831 1240 1220 47 1591 250 216 1341 56 160 1285 121 1164 1136 172 1173 56 152 125 100 126 63 63 100 964 917
internal_count=2953 78 56 2875 2831 1240 1220 47 1591 250 216 1341 56 160 1285 121 1164 1136 172 1173 56 152 125 100 126 63 63 100 964 917
is_linear=0
shrinkage=0.05


Tree=275
num_leaves=31
num_cat=0
split_feature=6 7 7 29 27 2 7 2 10 27 2 27 14 18 8 7 2 2 8 7 5 8 8 7 8 8 27 2 7 8
split_gain=122.037 53.2832 30.2621 90.9321 77.0567 60.4162 54.9501 45.6003 29.9645 30.2938 28.9823 79.1477 57.8692 24.9241 21.0978 27.203 60.6539 51.9156 46.7559 26.7031 20.4778 51.0667 22.49 83.5676 47.6064 55.4073 67.8716 98.8681 92.5121 55.1433
threshold=0.15587044534412958 15551.000000000002 512.50000000000011 1.5000000000000002 68.500000000000014 0.63689053058624279 678.00000000000011 0.66212293505668651 1.0000000180025095e-35 59.000000000000007 0.5824897587299348 57.500000000000007 0.2207692307692308 119882.50000000001 283.50000000000006 858.50000000000011 0.64725190401077282 0.66508311033248912 107.50000000000001 2408.5000000000005 0.13942307692307696 835.50000000000011 583.00000000000011 4235.0000000000009 804.50000000000011 741.50000000000011 69.500000000000014 0.63791161775589 5707.5000000000009 722.00000000000011
decision_type=2 2 2 2 2 2 2 2 2 2 2 2 2 2 2 2 2 2 2 2 2 2 2 2 2 2 2 2 2 2
left_child=1 2 3 4 5 -1 8 -7 -4 -10 11 12 -8 -11 15 17 -17 18 -12 -16 21 -21 23 -22 25 29 27 -27 -28 -24
right_child=-2 -3 6 -5 -6 7 10 -9 9 13 14 -13 -14 -15 19 16 -18 -19 -20 20 22 -23 24 -25 -26 26 28 -29 -30 -31
leaf_value=0.021757521299894722 0.11258609023961152 -0.083924064944632615 -0.0064600661216905834 -0.12083476635658344 0.075953776555397118 -0.10964569860776721 -0.037760037734082867 -0.01482768144859261 0.00026477737124689022 0.09758855171974333 -0.011611900573333923 -0.10796603009692118 0.065951092966713046 0.029275366209157102 0.056846152846492928 -0.10307620999856469 -0.0049390766574557579 -0.066573751343423457 0.08745865229498688 0.076327412580786236 -0.0072405161747936368 -0.019793805754932531 0.0075839005555696148 -0.11396185803917509 -0.0045407327379232204 0.024796671753437891 -0.089539002694866865 0.11613237373973298 0.04548862722579694 -0.056893630643096577
leaf_weight=35 23 20 33 21 22 26 37 25 22 33 29 24 21 23 20 26 40 20 20 28 212 27 312 20 1562 101 23 42 28 37
leaf_count=35 23 20 33 21 22 26 37 25 22 33 29 24 21 23 20 26 40 20 20 28 212 27 312 20 1562 101 23 42 28 37
internal_value=-0.00187596 -0.00279281 -0.00222259 -0.0258813 -0.00727715 -0.0286903 -0.001106 -0.0633841 0.0333345 0.0502214 -0.00256325 -0.0318065 -7.45153e-05 0.0697227 -0.00161859 -0.0208473 -0.0437723 0.00104023 0.028819 -0.000539469 -0.00102373 0.0290996 -0.00173602 -0.0165073 -0.000104936 0.0126444 0.0340597 0.0517199 -0.0153644 0.000719512
internal_weight=2912 2889 2869 129 108 86 2740 51 111 78 2629 82 58 56 2547 135 66 69 49 2412 2392 55 2337 232 2105 543 194 143 51 349
internal_count=2912 2889 2869 129 108 86 2740 51 111 78 2629 82 58 56 2547 135 66 69 49 2412 2392 55 2337 232 2105 543 194 143 51 349
is_linear=0
shrinkage=0.05


Tree=276
num_leaves=31
num_cat=0
split_feature=6 7 7 5 27 2 7 27 10 27 2 27 14 5 8 35 27 7 7 14 5 18 14 31 5 8 8 7 5 27
split_gain=110.189 48.1129 27.3241 81.5174 71.7308 53.6054 49.6166 40.0146 27.0649 27.3437 26.1643 71.4655 52.2489 23.9361 19.0554 53.0952 29.1781 83.9299 24.1121 18.6424 66.5616 23.2156 18.3149 32.7702 25.3048 34.719 21.8041 75.8172 38.9263 58.7358
threshold=0.15587044534412958 15551.000000000002 512.50000000000011 0.17269736842105265 68.500000000000014 0.64561811089515697 678.00000000000011 47.000000000000007 1.0000000180025095e-35 59.000000000000007 0.5824897587299348 57.500000000000007 0.2207692307692308 0.24038461538461542 283.50000000000006 4.5000000000000009 57.500000000000007 815.50000000000011 2408.5000000000005 1.0846153846153848 0.31414473684210531 263500.00000000006 0.76538461538461544 40.500000000000007 0.13942307692307696 835.50000000000011 583.00000000000011 4235.0000000000009 0.25657894736842107 79.500000000000014
decision_type=2 2 2 2 2 2 2 2 2 2 2 2 2 2 2 2 2 2 2 2 2 2 2 2 2 2 2 2 2 2
left_child=1 2 3 4 5 7 8 -1 -4 -10 11 12 -8 -11 15 16 -12 -18 -16 21 -21 22 24 -24 25 -20 27 28 29 -26
right_child=-2 -3 6 -5 -6 -7 10 -9 9 13 14 -13 -14 -15 18 -17 17 -19 19 20 -22 -23 23 -25 26 -27 -28 -29 -30 -31
leaf_value=0.054006004475411908 0.10698115183322719 -0.07974874653033355 -0.0061380400533402437 -0.11713371496666131 0.0686206229494815 -0.072131044411903142 -0.035877122864568969 -0.039027361371816491 0.00025159611421472886 0.1054629321157674 0.034199541682663634 -0.10259013103931772 0.062669162856088284 0.03853656980926537 0.054017993926408873 -0.071721934416225583 -0.097418834083588604 0.022739064636285347 0.073492820442712603 0.025382848451663921 -0.097376941349269081 0.050635570098911467 -0.060846114560655834 0.010038653121500537 0.077992899281923309 -0.008888362179591448 0.00077873891548362235 -0.10829211184337957 -0.018901447753554165 -0.030049744727115288
leaf_weight=23 23 20 33 20 24 39 37 23 22 23 37 24 21 33 20 36 23 39 27 23 21 22 34 31 29 24 1982 20 157 22
leaf_count=23 23 20 33 20 24 39 37 23 22 23 37 24 21 33 20 36 23 39 27 23 21 22 34 31 29 24 1982 20 157 22
internal_value=-0.00178257 -0.00265387 -0.00211193 -0.0245929 -0.00747535 -0.0290754 -0.00105084 0.00739711 0.0316755 0.0477249 -0.00243564 -0.030221 -6.40606e-05 0.0662523 -0.00153798 -0.0198123 -0.000832237 -0.0218402 -0.000512318 -0.000972587 -0.0331816 -0.000365493 -0.000852182 -0.0269992 -9.71255e-05 0.0346858 -0.000903605 -0.015544 -0.00655417 0.0313208
internal_weight=2912 2889 2869 129 109 85 2740 46 111 78 2629 82 58 56 2547 135 99 62 2412 2392 44 2348 2326 65 2261 51 2210 228 208 51
internal_count=2912 2889 2869 129 109 85 2740 46 111 78 2629 82 58 56 2547 135 99 62 2412 2392 44 2348 2326 65 2261 51 2210 228 208 51
is_linear=0
shrinkage=0.05


Tree=277
num_leaves=31
num_cat=0
split_feature=2 7 7 31 2 7 5 31 31 5 8 2 27 14 14 8 2 2 5 15 27 29 30 2 7 14 2 30 30 14
split_gain=47.4961 42.4439 34.1641 32.3707 30.8439 25.2876 40.5104 34.4949 52.3338 24.5461 23.0123 22.3865 64.5289 47.1745 21.6025 19.3799 18.0102 99.4732 126.773 161.009 32.9017 170.392 113.596 95.3661 335.131 94.6664 44.5883 174.668 44.278 63.5267
threshold=0.68547844886779796 15551.000000000002 1024.0000000000002 86.500000000000014 0.72120288014411937 512.50000000000011 0.057565789473684216 29.500000000000004 45.500000000000007 0.15587044534412958 634.00000000000011 0.5824897587299348 57.500000000000007 0.2207692307692308 0.13576923076923078 2056.5000000000005 0.62617102265357982 0.63183832168579113 0.40283400809716602 11.607663308074008 67.500000000000014 1.5000000000000002 1.5000000000000002 0.64091029763221752 5860.5000000000009 0.33380384615384623 0.66508311033248912 1.0000000180025095e-35 1.0000000180025095e-35 0.34846153846153854
decision_type=2 2 2 2 2 2 2 2 2 2 2 2 2 2 2 2 2 2 2 2 2 2 2 2 2 2 2 2 2 2
left_child=1 3 4 5 9 7 -7 -1 -9 -2 -4 12 13 -8 -10 16 -13 18 19 -18 22 -22 23 24 -19 26 27 -25 29 -23
right_child=2 -3 10 -5 -6 6 11 8 14 -11 -12 15 -14 -15 -16 -17 17 20 -20 -21 21 28 -24 25 -26 -27 -28 -29 -30 -31
leaf_value=0.024142449687557868 0.025061300086759337 -0.075781138441455898 -0.026814666918412906 0.046290183256399955 -0.0037137867291391746 0.066533741937570653 -0.034088103529417289 -0.089082742573698692 -0.042134647473260074 0.092937651981315733 0.020982790362295996 0.0009176564129492091 -0.09748190889034529 0.059550560467051095 0.024762913325020883 0.032744859016078813 -0.21831359085428279 0.21413840419987884 0.00065222023397750177 -0.026645985199340107 -0.14397357719027121 -0.040684656494466113 0.11308637558486452 -0.011680623081780401 -0.027271533971357811 0.072508638996594973 0.0063361899719904099 -0.14232752545470212 0.0054544849581826338 0.03953620305291046
leaf_weight=25 22 20 38 33 21 21 37 35 24 35 74 1409 24 21 24 39 21 22 45 23 23 136 24 145 41 31 105 31 333 30
leaf_count=25 22 20 38 33 21 21 37 35 24 35 74 1409 24 21 24 39 21 22 45 23 23 136 24 145 41 31 105 31 333 30
internal_value=-0.00169355 -0.00338253 0.022466 -0.002842 0.0478567 -0.00345307 -0.00245093 -0.027146 -0.042665 0.0669171 0.00471174 -0.00302585 -0.0287146 -5.42481e-05 -0.00859997 -0.00216569 -0.00273193 -0.00782782 -0.0582775 -0.118525 -0.00294143 -0.0112067 0.0078594 0.0010832 0.0571569 -0.010238 -0.019407 -0.0347884 -0.0050496 -0.0261417
internal_weight=2912 2722 190 2702 78 2669 2561 108 83 57 112 2540 82 58 48 2458 2419 1010 89 44 921 522 399 375 63 312 281 176 499 166
internal_count=2912 2722 190 2702 78 2669 2561 108 83 57 112 2540 82 58 48 2458 2419 1010 89 44 921 522 399 375 63 312 281 176 499 166
is_linear=0
shrinkage=0.05


Tree=278
num_leaves=31
num_cat=0
split_feature=6 7 3 7 29 27 7 2 2 10 27 27 29 2 7 7 27 29 7 15 8 15 7 7 8 27 7 8 31 29
split_gain=98.1542 39.1892 26.975 33.1102 71.6876 71.0952 43.5128 30.2452 39.8767 23.0295 27.245 20.8215 73.2314 73.0632 69.3339 62.7567 45.433 481.936 69.9956 46.6953 43.8166 121.409 118.787 107.498 89.793 63.2577 40.3943 39.4236 37.968 36.9179
threshold=0.15587044534412958 15551.000000000002 1.0000000180025095e-35 512.50000000000011 1.5000000000000002 68.500000000000014 678.00000000000011 0.63689053058624279 0.66212293505668651 1.0000000180025095e-35 59.000000000000007 57.500000000000007 1.0000000180025095e-35 0.5824897587299348 815.50000000000011 898.50000000000011 56.000000000000007 2.5000000000000004 2463.5000000000005 11.98074305876939 840.00000000000011 12.223916992767714 6199.0000000000009 5505.0000000000009 722.00000000000011 67.500000000000014 858.50000000000011 283.50000000000006 36.500000000000007 5.5000000000000009
decision_type=2 2 2 2 2 2 2 2 2 2 2 2 2 2 2 2 2 2 2 2 2 2 2 2 2 2 2 2 2 2
left_child=1 2 3 4 5 7 9 -1 -9 -5 -11 12 -8 -13 -15 -14 18 -18 -17 -19 21 23 -22 24 26 29 -16 -28 -27 -25
right_child=-2 -3 -4 6 -6 -7 11 8 -10 10 -12 13 15 14 20 16 17 19 -20 -21 22 -23 -24 25 -26 28 27 -29 -30 -31
leaf_value=0.0055386150036333551 0.10104338309820338 -0.0720109323363992 0.040998787150416431 -0.0055492281193459496 -0.11162615693152232 0.069129129398900729 0.076099822615073531 -0.098979114903800791 -0.010327876967737876 -0.002802472092986646 0.062623790813586724 -0.092628039020844016 -0.070595980992546908 -0.090868877629181 0.059510252131270119 0.083570786333677677 -0.15611316690482707 0.17346345171394192 -0.0028331638712567027 0.078280293964540837 -0.12523711528713347 0.095468176907532121 -0.0078308338723792458 0.13015229504138107 -0.09413185293888332 -0.0012039135731806963 -0.061637693861748936 -0.0038897421788913252 0.073415956265246704 0.039889912004266524
leaf_weight=33 23 20 36 33 21 22 33 26 25 22 56 24 30 23 23 24 22 24 854 29 22 36 870 24 30 74 32 377 22 22
leaf_count=33 23 20 36 33 21 22 33 26 25 22 56 24 30 23 23 24 22 24 854 29 22 36 870 24 30 74 32 377 22 22
internal_value=-0.00160876 -0.00243119 -0.00194191 -0.00249077 -0.0274336 -0.0106174 -0.00131732 -0.0316202 -0.0557257 0.0293212 0.0441262 -0.00263087 0.00294906 -0.00622437 -0.00488173 0.000480761 0.00273064 0.0400576 -0.000456382 0.121722 -0.00358169 0.00639564 -0.0107458 0.00106348 -0.0106234 0.0391029 -0.00479219 -0.0084341 0.015903 0.087272
internal_weight=2912 2889 2869 2833 127 106 2706 84 51 111 78 2595 1016 1579 1555 983 953 75 878 53 1532 640 892 604 462 142 432 409 96 46
internal_count=2912 2889 2869 2833 127 106 2706 84 51 111 78 2595 1016 1579 1555 983 953 75 878 53 1532 640 892 604 462 142 432 409 96 46
is_linear=0
shrinkage=0.05


Tree=279
num_leaves=31
num_cat=0
split_feature=6 3 31 2 2 2 31 2 27 27 2 2 15 2 2 31 27 15 27 2 30 2 27 5 15 2 2 5 31 2
split_gain=88.6244 24.9099 23.1014 32.1721 25.288 24.6307 26.0075 27.6999 42.1251 25.7456 81.6855 85.6099 158.97 55.3146 48.5054 38.8511 33.0876 122.377 32.7842 105.401 54.2875 62.7378 52.9038 117.998 95.1736 49.0842 64.4538 79.955 94.895 67.9917
threshold=0.15587044534412958 1.0000000180025095e-35 76.500000000000014 0.68547844886779796 0.63998228311538707 0.68187245726585399 63.500000000000007 0.6013358235359193 56.000000000000007 52.000000000000007 0.64537152647972118 0.63454651832580578 12.069681646240815 0.62927025556564342 0.65347799658775341 60.500000000000007 47.000000000000007 12.110607503874594 56.000000000000007 0.60560858249664318 1.0000000180025095e-35 0.64879000186920177 57.500000000000007 0.24038461538461542 11.955702333648526 0.5824897587299348 0.5925891399383546 0.46761133603238875 36.500000000000007 0.59841585159301769
decision_type=2 2 2 2 2 2 2 2 2 2 2 2 2 2 2 2 2 2 2 2 2 2 2 2 2 2 2 2 2 2
left_child=1 2 3 5 -4 6 9 -8 -9 10 11 13 -13 16 -12 18 -1 -18 19 -11 21 -21 23 -20 -25 -24 27 28 -27 -28
right_child=-2 -3 4 -5 -6 -7 7 8 -10 15 14 12 -14 -15 -16 -17 17 -19 22 20 -22 -23 25 24 -26 26 29 -29 -30 -31
leaf_value=0.0014787284381954206 0.096013080235167497 0.038954527720478763 -0.003557779482954763 0.018075605222667924 -0.076532908579612757 -0.056231454742979671 -0.026199094349057914 -0.02413591655734855 0.049402601298302151 -0.12796418257864006 -0.088689353257170034 0.18012953644516458 0.0035386667037621521 -0.07646238647083535 -0.0059019438731364726 -0.061499156971712488 0.00031889018567611273 0.14265737143618548 -0.065424056802939501 -0.00030550175919385537 0.044080753601228706 -0.10610424386805267 -0.077823310397967263 0.13498853345712025 0.010730715065609292 0.13925274298199869 -0.058753168766565528 -0.028171908756427191 0.0053127901764208332 -0.0059669156364394165
leaf_weight=561 23 36 26 182 22 22 27 26 76 23 36 20 35 21 35 33 61 20 22 42 32 21 24 29 33 27 64 30 26 1277
leaf_count=561 23 36 26 182 22 22 27 26 76 23 36 20 35 21 35 33 61 20 22 42 32 21 24 29 33 27 64 30 26 1277
internal_value=-0.00152835 -0.00230993 -0.00283372 -0.00224257 -0.0371982 -0.00365492 -0.00320614 0.0186646 0.0306032 -0.00435018 0.00309748 0.00816469 0.0680546 0.00317939 -0.0480147 -0.00784464 0.00580379 0.0356584 -0.00676486 -0.0321562 -0.00879778 -0.0357633 -0.0048039 0.0337394 0.0690556 -0.00704546 -0.00584368 0.0368765 0.0737743 -0.00849409
internal_weight=2912 2889 2853 2805 48 2623 2601 129 102 2472 789 718 55 663 71 1683 642 81 1650 118 95 63 1532 84 62 1448 1424 83 53 1341
internal_count=2912 2889 2853 2805 48 2623 2601 129 102 2472 789 718 55 663 71 1683 642 81 1650 118 95 63 1532 84 62 1448 1424 83 53 1341
is_linear=0
shrinkage=0.05


Tree=280
num_leaves=31
num_cat=0
split_feature=7 6 18 7 31 27 6 6 7 31 27 34 27 27 5 18 6 27 31 27 10 29 27 7 35 8 8 8 2 18
split_gain=46.624 46.1581 59.9187 41.9434 39.8694 63.1194 35.4505 34.7306 43.4474 33.5933 89.081 139.829 76.1387 51.2431 49.7562 96.4859 36.5799 104.95 121.421 158.067 76.9361 78.5388 65.5651 55.1874 38.0777 43.5929 53.3661 97.7479 35.9469 35.3449
threshold=11870.000000000002 1.0000000180025095e-35 139476.50000000003 11538.500000000002 75.000000000000014 67.500000000000014 0.11513157894736843 0.069711538461538478 512.50000000000011 53.500000000000007 67.500000000000014 1.0000000180025095e-35 61.500000000000007 77.000000000000014 0.57072368421052644 149983.00000000003 0.057565789473684216 77.000000000000014 42.500000000000007 54.000000000000007 1.0000000180025095e-35 2.5000000000000004 64.000000000000014 6814.0000000000009 6.5000000000000009 73.500000000000014 97.000000000000014 118.00000000000001 0.64561811089515697 106750.00000000001
decision_type=2 2 2 2 2 2 2 2 2 2 2 2 2 2 2 2 2 2 2 2 2 2 2 2 2 2 2 2 2 2
left_child=3 2 -2 4 7 -6 -3 9 -9 14 12 13 29 -12 16 -16 24 18 19 -18 21 -21 -22 -20 25 -1 -27 -28 -13 -11
right_child=1 6 -4 -5 5 -7 -8 8 -10 10 11 28 -14 -15 15 -17 17 -19 23 20 22 -23 -24 -25 -26 26 27 -29 -30 -31
leaf_value=-0.069123768899960816 -0.010246085584883964 0.011555490105776374 -0.10497476641427389 0.069440096063851223 0.00557987695483833 0.11267028436138855 -0.060363036596397461 -0.068758048986020046 -0.0090794089746924784 0.020207775552856376 0.065656761165282018 -0.073037422392749185 0.08502615875782181 -0.034984066243395423 0.0063794405653088519 0.11736539722390447 -0.071029419388937115 -0.03418920854505509 0.024207174820677409 -0.010193637217688041 0.065870770975131887 0.086070351342816098 0.18932230045933943 -0.04979201058388516 0.020192554124899842 0.051466524543540552 -0.081297855426620075 -0.0019442682663947473 -0.16255149122546703 -0.024693975597967845
leaf_weight=25 33 76 34 22 44 20 22 33 395 74 20 24 26 34 65 28 20 76 54 32 20 62 24 47 188 44 40 1211 22 107
leaf_count=25 33 76 34 22 44 20 22 33 395 74 20 24 26 34 65 28 20 76 54 32 20 62 24 47 188 44 40 1211 22 107
internal_value=-0.000709926 -0.0265199 -0.0584767 0.000833833 0.000277626 0.0392472 -0.00458359 -0.000655689 -0.0137075 0.00183307 -0.0135265 -0.0522562 0.00517554 0.00225036 0.00427186 0.0399384 0.0024673 0.0174107 0.0325787 0.0599414 0.0789965 0.0532705 0.133598 -0.0101938 -0.000849984 -0.00385204 -0.00258287 -0.00449185 -0.116217 -0.00630772
internal_weight=2922 165 67 2757 2735 64 98 2671 428 2243 307 100 207 54 1936 93 1843 335 259 158 138 94 44 101 1508 1320 1295 1251 46 181
internal_count=2922 165 67 2757 2735 64 98 2671 428 2243 307 100 207 54 1936 93 1843 335 259 158 138 94 44 101 1508 1320 1295 1251 46 181
is_linear=0
shrinkage=0.05


Tree=281
num_leaves=31
num_cat=0
split_feature=7 27 31 6 7 31 27 31 27 7 7 7 14 27 31 7 7 16 10 14 15 27 27 15 6 10 14 29 8 7
split_gain=42.4503 52.5682 79.2325 47.185 37.1365 35.1505 56.9885 32.4267 33.5155 34.9467 32.116 43.0353 29.4415 38.7264 67.7497 65.2209 99.7262 62.0029 71.7319 36.2772 42.0662 39.4607 86.7921 62.2491 27.4033 32.8117 39.4909 36.0641 66.0272 32.9434
threshold=12501.000000000002 77.000000000000014 34.500000000000007 0.057565789473684216 14404.000000000002 75.000000000000014 67.500000000000014 15.500000000000002 57.500000000000007 7598.5000000000009 8335.5000000000018 8452.5000000000018 -0.37115384615384611 67.500000000000014 20.500000000000004 11262.500000000002 10585.000000000002 249675.00000000003 1.0000000180025095e-35 0.15371538461538464 12.167882600718103 52.000000000000007 39.500000000000007 12.267289859997497 0.15587044534412958 1.0000000180025095e-35 0.83458461538461548 2.5000000000000004 102.50000000000001 7249.0000000000009
decision_type=2 2 2 2 2 2 2 2 2 2 2 2 2 2 2 2 2 2 2 2 2 2 2 2 2 2 2 2 2 2
left_child=5 2 -2 -4 -3 7 -7 8 -1 -10 24 -12 -13 14 -14 16 17 18 -15 -16 -21 22 -22 -23 25 26 -9 -27 -29 -30
right_child=1 4 3 -5 -6 6 -8 10 9 -11 11 12 13 15 19 -17 -18 -19 -20 20 21 23 -24 -25 -26 27 -28 28 29 -31
leaf_value=-0.015418448541071508 0.073580582826942589 -0.027968820920699577 -0.070900292739110152 0.005311756097930628 -0.12360354140771562 0.0053015167687654229 0.10706480157316028 -0.0075957843794444181 0.098117637105909483 0.010358984003028883 0.07753156629892495 0.05638316548379714 0.095732342035739451 -0.0055384346931162537 -0.0071366959564621224 0.038232950190183954 -0.13577813034626973 0.043886668535639939 -0.10826709308769122 0.092396434919158013 -0.0044238843990594646 -0.080831894936499657 0.094450529701907371 0.026068697986826074 -0.056000156397838508 -0.0079344809177764337 -0.075113038320886602 0.08876756998225771 0.014270020021988126 -0.022095051644100999
leaf_weight=23 23 21 39 42 20 44 20 1137 25 21 22 28 23 53 197 42 20 32 25 20 55 23 37 33 25 361 22 27 388 74
leaf_count=23 23 21 39 42 20 44 20 1137 25 21 22 28 23 53 197 42 20 32 25 20 55 23 37 33 25 361 22 27 388 74
internal_value=-0.000674319 -0.0270395 -0.00805826 -0.0313635 -0.0749288 0.000701455 0.037298 -0.000161361 0.0336492 0.0582717 -0.00104684 0.0090123 0.00642741 0.00391107 0.0126719 -0.0158185 -0.0333357 -0.014558 -0.0386248 0.00739946 0.0244687 0.0151993 0.0353459 -0.0178136 -0.00406635 -0.00341484 -0.00888807 0.00404236 0.0128942 0.00843097
internal_weight=2922 145 104 81 41 2777 64 2713 69 46 2644 610 588 560 388 172 130 110 78 365 168 148 92 56 2034 2009 1159 850 489 462
internal_count=2922 145 104 81 41 2777 64 2713 69 46 2644 610 588 560 388 172 130 110 78 365 168 148 92 56 2034 2009 1159 850 489 462
is_linear=0
shrinkage=0.05


Tree=282
num_leaves=31
num_cat=0
split_feature=7 6 14 7 8 31 27 8 5 15 8 6 31 31 27 7 6 27 2 2 14 27 34 6 31 27 31 31 2 16
split_gain=38.6983 38.5874 53.1512 37.3395 34.6658 40.7404 64.1972 37.914 46.1515 46.2385 41.0434 31.106 30.2278 30.3845 30.2718 31.5413 27.839 25.3017 21.5913 27.0973 20.9782 31.11 23.2909 23.0605 36.1553 47.6725 34.9882 31.0465 103.321 86.1832
threshold=11870.000000000002 1.0000000180025095e-35 0.072896153846153861 11538.500000000002 1565.0000000000002 75.000000000000014 59.000000000000007 1418.0000000000002 0.46761133603238875 12.007165703449735 1382.0000000000002 0.11513157894736843 15.500000000000002 17.500000000000004 57.500000000000007 7598.5000000000009 0.15587044534412958 66.500000000000014 0.72449582815170299 0.71368503570556652 -0.2961538461538461 64.000000000000014 1.0000000180025095e-35 0.069711538461538478 60.500000000000007 67.500000000000014 58.500000000000007 30.500000000000004 0.65681865811347973 197028.50000000003
decision_type=2 2 2 2 2 2 2 2 2 2 2 2 2 2 2 2 2 2 2 2 2 2 2 2 2 2 2 2 2 2
left_child=3 2 -2 4 5 7 -7 10 17 -10 12 -3 14 -14 -1 -16 18 -9 19 20 21 22 -15 24 26 -26 -22 28 29 -25
right_child=1 11 -4 -5 -6 6 -8 8 9 -11 -12 -13 13 16 15 -17 -18 -19 -20 -21 23 -23 -24 27 25 -27 -28 -29 -30 -31
leaf_value=-0.014650864054114272 -0.0079469949457220447 0.011021328004231279 -0.097164740411242442 0.065497769273783826 -0.054037642274115907 -0.021492615745836996 0.081418154860927364 -0.036723099548028285 0.019460490035794979 0.12478943226942374 -0.061404301320265621 -0.056345931396764859 -0.04418937615560789 -0.033114106936648319 0.093231302499771115 0.0098434895736063833 -0.053211306540139641 0.02983763133291031 0.048914164055256816 -0.057145730211836471 0.0014798850003385244 0.060206508581815789 0.031853124833403954 -0.1568822377388408 -0.002640897348376811 -0.076552031361812017 0.05336247511669498 -0.0034966446760566275 0.012966204908620297 -0.017925773666933247
leaf_weight=23 33 76 34 22 29 25 38 25 22 20 28 22 41 27 25 21 25 33 22 21 1806 35 28 24 61 34 33 220 48 21
leaf_count=23 33 76 34 22 29 25 38 25 22 20 28 22 41 27 25 21 25 33 22 21 1806 35 28 24 61 34 33 220 48 21
internal_value=-0.000640126 -0.0241544 -0.0533735 0.000766157 0.000241261 0.000826787 0.040532 -0.000119254 0.0300621 0.0699132 -0.0013092 -0.00409299 -0.000635744 -0.00155894 0.0319735 0.0553753 -0.0008283 0.00104778 -0.000273745 -0.000736841 -0.000225394 0.0234287 0 -0.00117605 0.000859488 -0.0291986 0.00241646 -0.0137657 -0.0379745 -0.0923303
internal_weight=2922 165 67 2757 2735 2706 63 2643 100 42 2543 98 2515 2446 69 46 2405 58 2380 2358 2337 90 55 2247 1934 95 1839 313 93 45
internal_count=2922 165 67 2757 2735 2706 63 2643 100 42 2543 98 2515 2446 69 46 2405 58 2380 2358 2337 90 55 2247 1934 95 1839 313 93 45
is_linear=0
shrinkage=0.05


Tree=283
num_leaves=31
num_cat=0
split_feature=7 27 31 7 2 31 27 15 6 31 7 2 31 29 16 8 35 8 6 31 27 27 16 7 16 31 2 27 7 16
split_gain=34.9555 48.8366 68.6304 45.3631 44.7454 29.0169 38.0975 35.2137 30.6149 36.5956 35.9484 27.7622 59.8034 39.8615 37.2546 26.9413 71.8089 40.0317 35.032 84.4393 109.09 63.8859 148.208 109.115 34.6755 39.0198 34.1399 33.6123 30.4188 53.4102
threshold=12501.000000000002 77.000000000000014 34.500000000000007 13539.000000000002 0.6597372591495515 72.000000000000014 59.000000000000007 11.831749970343212 0.069711538461538478 66.500000000000014 512.50000000000011 0.63511124253273021 29.500000000000004 5.5000000000000009 199840.00000000003 1411.5000000000002 4.5000000000000009 1382.0000000000002 0.057565789473684216 37.500000000000007 79.500000000000014 67.500000000000014 145638.00000000003 4523.0000000000009 149983.00000000003 26.500000000000004 0.64812809228897106 67.500000000000014 4562.0000000000009 155582.00000000003
decision_type=2 2 2 2 2 2 2 2 2 2 2 2 2 2 2 2 2 2 2 2 2 2 2 2 2 2 2 2 2 2
left_child=5 2 -2 -4 -3 8 -7 -8 9 15 -10 12 -12 14 -14 17 -17 18 28 20 24 23 -23 -21 25 27 -27 -20 29 -1
right_child=1 4 3 -5 -6 6 7 -9 10 -11 11 -13 13 -15 -16 16 -18 -19 19 21 -22 22 -24 -25 -26 26 -28 -29 -30 -31
leaf_value=-0.02779640399022254 0.069738311333444727 -0.12406972682112781 -0.082223207417918345 -0.002076567457938151 -0.01926604381528511 -0.016643216612003103 0.022251085443231018 0.10481949237426876 -0.062578479139826448 -0.061956506832692416 -0.086685128476458734 0.0024881772402828859 -0.0052232397451279639 0.029816666459815962 -0.07508298410582788 0.10925668893267193 0.0083287976978555205 -0.065598285376890747 0.08198471433436709 0.079570103576730972 -0.044134214118428938 -0.11212343464574547 0.023814356938648033 -0.016798981906083716 0.028408065348641345 0.054090399231036861 0.13634969774645625 -0.0050967082718378813 0.0024984395718964415 0.010603952237600713
leaf_weight=243 23 20 26 55 21 29 34 21 33 22 31 238 56 43 29 21 108 22 22 43 34 39 41 92 77 22 31 22 1280 144
leaf_count=243 23 20 26 55 21 29 34 21 33 22 31 238 56 43 29 21 108 22 22 43 34 39 41 92 77 22 31 22 1280 144
internal_value=-0.000608549 -0.0245335 -0.00623909 -0.027934 -0.0706889 0.000639718 0.0295617 0.054001 -0.000261622 0.00206049 -0.0124917 -0.00830096 -0.0244736 -0.00931179 -0.0291767 0.00269391 0.0248696 0.00133595 0.00204602 0.0148958 0.037604 -0.00705705 -0.0424501 0.0138955 0.0536207 0.0735335 0.102465 0.0384178 -0.0012123 -0.0134959
internal_weight=2922 145 104 81 41 2777 84 55 2693 2263 430 397 159 128 85 2241 129 2112 2090 423 208 215 80 135 174 97 53 44 1667 387
internal_count=2922 145 104 81 41 2777 84 55 2693 2263 430 397 159 128 85 2241 129 2112 2090 423 208 215 80 135 174 97 53 44 1667 387
is_linear=0
shrinkage=0.05


Tree=284
num_leaves=31
num_cat=0
split_feature=7 27 33 7 27 7 8 8 5 15 6 18 8 35 6 2 6 6 35 5 27 27 8 2 2 30 2 5 27 27
split_gain=32.0412 36.5803 100.337 47.5464 42.4033 32.3462 31.7985 30.022 41.833 41.2445 24.8275 22.7406 22.3328 21.5974 24.9431 18.9464 24.257 23.8199 77.9988 70.7053 69.8428 43.7027 107.555 77.7025 39.7833 31.5405 28.7259 36.2575 34.8051 28.5
threshold=11870.000000000002 77.000000000000014 1.0000000180025095e-35 14330.000000000002 61.500000000000007 11538.500000000002 1565.0000000000002 1418.0000000000002 0.46761133603238875 12.007165703449735 1.0000000180025095e-35 122292.50000000001 1382.0000000000002 11.500000000000002 0.15587044534412958 0.72449582815170299 0.069711538461538478 0.057565789473684216 4.5000000000000009 0.24038461538461542 79.500000000000014 61.500000000000007 983.50000000000011 0.62682512402534496 0.6638089418411256 1.0000000180025095e-35 0.67797401547431957 0.24038461538461542 67.500000000000014 77.000000000000014
decision_type=2 2 2 2 2 2 2 2 2 2 2 2 2 2 2 2 2 2 2 2 2 2 2 2 2 2 2 2 2 2
left_child=5 3 -3 4 10 6 7 12 11 -10 -2 -9 13 14 15 16 17 -1 20 24 26 23 25 -21 -20 -23 27 -19 -29 -27
right_child=1 2 -4 -5 -6 -7 -8 8 9 -11 -12 -13 -14 -15 -16 -17 -18 18 19 21 -22 22 -24 -25 -26 29 -28 28 -30 -31
leaf_value=-0.00081257615451797596 -0.028619427978992459 -0.1440196488256478 0.0011671431247413774 0.040984208225543481 -0.074998619346771128 0.060949410437458773 -0.051773005324540683 0.04005147663716277 0.0179224938558777 0.11741344821986865 0.04314424336994465 -0.02434763769693982 -0.043076611339946919 0.044643234849196078 -0.049827023319514142 0.046355674864210154 -0.011997876600740608 -0.011135939867847944 0.096191651389221144 -0.019036763017448249 -0.037466332467784913 -0.051071371428901995 -0.12251619141260198 0.082406565865907278 0.006765232506382968 0.032645711877600812 0.099454471363077737 0.082570505191321211 0.018614466234505012 -0.027709335924001502
leaf_weight=1688 30 20 29 36 30 22 29 22 22 20 20 36 30 27 25 22 368 25 24 62 25 35 27 27 26 44 27 53 36 35
leaf_count=1688 30 20 29 36 30 22 29 22 22 20 20 36 30 27 25 22 368 25 24 62 25 35 27 27 26 44 27 53 36 35
internal_value=-0.000578196 -0.0219746 -0.0581636 -0.00660787 -0.0281112 0.000701265 0.000212598 0.000773464 0.0276452 0.0655843 1.50601e-05 2.0446e-05 -0.000256788 0.000241602 -0.000228489 0.000262754 -0.000142377 0.00190018 0.0121764 -0.00390892 0.0393244 -0.015644 -0.0329604 0.01174 0.049896 -0.0116172 0.0529921 0.0418665 0.0568067 0.0058417
internal_weight=2922 165 49 116 80 2757 2735 2706 100 42 50 58 2606 2576 2549 2524 2502 2134 446 280 166 230 141 89 50 114 141 114 89 79
internal_count=2922 165 49 116 80 2757 2735 2706 100 42 50 58 2606 2576 2549 2524 2502 2134 446 280 166 230 141 89 50 114 141 114 89 79
is_linear=0
shrinkage=0.05


Tree=285
num_leaves=31
num_cat=0
split_feature=8 27 31 2 18 27 30 15 33 27 2 8 8 16 13 30 31 5 16 30 2 7 5 15 18 34 29 2 31 7
split_gain=65.9494 112.272 100.331 38.5227 59.9752 54.5154 92.6799 92.2223 98.0697 123.294 102.787 69.1329 114.841 65.9574 59.8816 60.5527 52.7869 49.2728 48.2042 61.2064 86.8051 87.9061 51.4832 46.1735 83.3969 62.5497 45.5823 66.7505 38.6176 38.0563
threshold=68.500000000000014 54.000000000000007 48.500000000000007 0.62770020961761486 228955.50000000003 67.500000000000014 1.0000000180025095e-35 12.191090970656875 1.0000000180025095e-35 71.500000000000014 0.66161078214645397 934.00000000000011 112.00000000000001 164059.00000000003 1.0000000180025095e-35 1.0000000180025095e-35 47.500000000000007 0.65789473684210542 239500.00000000003 1.5000000000000002 0.64091029763221752 4290.0000000000009 0.51315789473684215 11.800083434659255 74500.000000000015 1.0000000180025095e-35 6.5000000000000009 0.61949598789215099 15.500000000000002 7011.5000000000009
decision_type=2 2 2 2 2 2 2 2 2 2 2 2 2 2 2 2 2 2 2 2 2 2 2 2 2 2 2 2 2 2
left_child=1 -1 -3 17 5 11 7 8 9 10 -7 12 13 -5 15 -13 -11 26 19 20 21 -14 -22 24 25 -8 28 -28 -2 -27
right_child=3 2 -4 4 -6 6 23 -9 -10 16 -12 14 18 -15 -16 -17 -18 -19 -20 -21 22 -23 -24 -25 -26 29 27 -29 -30 -31
leaf_value=0.13945029054292188 0.049605512098846782 -0.070177515013398459 0.067748441565077741 -0.061570911712049439 0.074255152180861525 -0.16297742643969351 0.014080439288326602 -0.12446548230608426 0.033173806305682715 0.015135714312113836 -0.026563892478840952 -0.025541083687677404 0.16435004240112608 0.031417376990844341 -0.0021635192150107527 -0.12399707561544267 -0.075370864937831822 0.07657986203739546 -0.030245265574870762 0.11761432031533157 -0.0023155857054616043 0.0242910500631962 0.085123048255692668 0.0071268853898797504 -0.10814020487540527 -0.059401735867784133 -0.016242016463483114 0.10326168996164167 -0.0013721688066292139 0.008721927879543916
leaf_weight=22 38 24 29 59 21 35 104 33 42 53 23 49 22 28 158 23 23 22 24 25 103 23 20 247 26 75 21 26 1490 28
leaf_count=22 38 24 29 59 21 35 104 33 42 53 23 49 22 28 158 23 23 22 24 25 103 23 20 247 26 75 21 26 1490 28
internal_value=-0.00147632 0.0447677 0.0051827 -0.00270041 -0.00929771 -0.0107424 -0.0200353 -0.0478225 -0.033361 -0.0542617 -0.109107 0.00123992 0.0168947 -0.0315845 -0.0194283 -0.05719 -0.0122518 0.00243575 0.0363598 0.0446795 0.0337329 0.0930878 0.0119191 -0.00791838 -0.0238853 -0.0132313 0.00139212 0.0498391 -9.7964e-05 -0.0408437
internal_weight=2916 75 53 2841 1244 1223 689 209 176 134 58 534 304 87 230 72 76 1597 217 193 168 45 123 480 233 207 1575 47 1528 103
internal_count=2916 75 53 2841 1244 1223 689 209 176 134 58 534 304 87 230 72 76 1597 217 193 168 45 123 480 233 207 1575 47 1528 103
is_linear=0
shrinkage=0.05


Tree=286
num_leaves=31
num_cat=0
split_feature=8 30 14 14 5 8 14 7 35 8 14 8 2 14 16 2 16 16 31 2 2 14 2 2 5 16 2 2 30 6
split_gain=59.5436 65.1431 48.7651 32.0295 36.0234 27.7286 69.4412 52.9344 27.3471 29.372 84.8341 20.7438 25.9594 56.9775 60.4139 43.8463 78.7364 36.4416 62.0823 85.8205 47.1171 41.8211 49.2656 54.3255 81.0585 49.7424 63.2931 34.2144 65.9218 33.8054
threshold=68.500000000000014 1.0000000180025095e-35 -0.44480769230769229 -0.37884615384615378 0.28542510121457493 1519.0000000000002 0.22908846153846157 11180.500000000002 11.500000000000002 73.500000000000014 0.043846153846153854 75.500000000000014 0.62617102265357982 0.76119615384615391 275092.50000000006 0.6227824091911317 186000.00000000003 138149.00000000003 25.500000000000004 0.64725190401077282 0.62927025556564342 0.11923076923076925 0.64410844445228588 0.64857995510101329 0.46761133603238875 248500.00000000003 0.63260895013809215 0.66240668296813976 1.0000000180025095e-35 1.0000000180025095e-35
decision_type=2 2 2 2 2 2 2 2 2 2 2 2 2 2 2 2 2 2 2 2 2 2 2 2 2 2 2 2 2 2
left_child=1 -1 -2 4 -4 8 7 -7 9 10 -5 -11 15 14 17 -13 -17 18 19 -14 -20 -19 25 -24 -25 26 -23 -21 -29 -16
right_child=2 -3 3 5 -6 6 -8 -9 -10 11 -12 12 13 -15 29 16 -18 21 20 27 -22 22 23 24 -26 -27 -28 28 -30 -31
leaf_value=0.096439380607222472 0.06681012708352381 0.0021793859187522234 0.010373570492018515 -0.10957945740068115 -0.07486949036147364 -0.07419952020543967 -0.099753569969250444 0.0013052891761823001 0.051998686373110128 0.04274812760278307 0.021902502552959426 0.00068968690728351775 -0.1321487020098322 0.075873121196654292 -0.09881841000500946 0.10106764165055714 0.0047074425171633252 0.018862973076320552 0.063124068552281434 0.013568545838604923 -0.010314287073379962 -0.016711668701129591 0.077449825136370248 0.030425668608497925 -0.071212282710430119 0.010379696708497171 -0.13832673958388927 0.00097281994472946478 -0.11778572963029853 -0.017634394230065999
leaf_weight=32 25 43 20 23 32 27 24 161 24 27 26 1354 24 20 28 31 67 233 23 34 397 21 22 48 33 24 22 26 21 24
leaf_count=32 25 43 20 23 32 27 24 161 24 27 26 1354 24 20 28 31 67 233 23 34 397 21 22 48 33 24 22 26 21 24
internal_value=-0.00140212 0.0425384 -0.00256533 -0.00318536 -0.0420307 -0.00245125 -0.0198236 -0.00954559 -0.00100541 -0.00151263 -0.0398092 -0.000752065 -0.00123483 -0.00743515 -0.00914799 0.00303215 0.0353117 -0.00619994 -0.0148822 -0.0492577 -0.00626669 0.00509914 -0.013736 0.00793394 -0.0109575 -0.0470862 -0.0792259 -0.0245031 -0.0521208 -0.0615506
internal_weight=2916 75 2841 2816 52 2764 212 188 2552 2528 49 2479 2452 1000 980 1452 98 928 525 105 420 403 170 103 81 67 43 81 47 52
internal_count=2916 75 2841 2816 52 2764 212 188 2552 2528 49 2479 2452 1000 980 1452 98 928 525 105 420 403 170 103 81 67 43 81 47 52
is_linear=0
shrinkage=0.05


Tree=287
num_leaves=31
num_cat=0
split_feature=8 27 31 14 14 5 8 14 27 8 15 35 8 14 31 27 2 31 31 27 16 31 16 6 8 27 2 2 5 6
split_gain=53.7635 100.625 92.8094 44.029 28.9078 32.5306 25.0365 62.6963 36.1377 87.3509 52.8578 24.6914 26.5137 76.6046 19.9838 27.4191 25.2803 23.6201 27.6028 22.8821 22.0571 48.8188 68.8762 52.2337 126.778 46.4552 127.055 226.476 73.204 70.1088
threshold=68.500000000000014 54.000000000000007 48.500000000000007 -0.44480769230769229 -0.37884615384615378 0.28542510121457493 1519.0000000000002 0.22908846153846157 57.500000000000007 1702.0000000000002 11.918283894298842 11.500000000000002 73.500000000000014 0.043846153846153854 15.500000000000002 57.500000000000007 0.63610014319419872 17.500000000000004 18.500000000000004 77.000000000000014 183875.00000000003 31.500000000000004 178150.00000000003 0.069711538461538478 489.00000000000006 61.500000000000007 0.62313979864120495 0.63492590188980114 0.31009615384615391 0.057565789473684216
decision_type=2 2 2 2 2 2 2 2 2 2 2 2 2 2 2 2 2 2 2 2 2 2 2 2 2 2 2 2 2 2
left_child=1 -1 -3 -2 5 -5 11 8 -8 10 -10 12 13 -6 15 -14 -17 -16 19 -19 21 23 25 -20 -25 26 -23 -28 -29 -27
right_child=3 2 -4 4 6 -7 7 -9 9 -11 -12 -13 14 -15 17 16 -18 18 20 -21 -22 22 -24 24 -26 29 27 28 -30 -31
leaf_value=0.13005501448568715 0.063482927421174673 -0.069529556962217035 0.063130351675744725 0.0098574713687991627 -0.10412420576268976 -0.071137680073857679 0.036647214535146182 -0.094786585307838511 -0.025509074279385754 0.011143840708639413 -0.11985285447703467 0.049409543627030622 -0.017451183607567956 0.020811574609586221 -0.040007518048938887 0.085622715525071086 0.008487838486311447 0.056203011892188404 -0.0030683012180771482 -0.0051663946018988393 -0.0067185298415904302 0.00078718523614414258 0.087919683526419226 -0.0021737237771352132 -0.15559937310456043 0.024390459042473087 0.19178492742490946 0.10516205080113006 -0.0059914804058757059 -0.021124198242846354
leaf_weight=22 25 24 29 20 23 32 35 24 35 92 26 24 23 26 39 23 20 38 399 25 1128 229 28 41 20 134 27 20 56 229
leaf_count=22 25 24 29 20 23 32 35 24 35 92 26 24 23 26 39 23 20 38 399 25 1128 229 28 41 20 134 27 20 56 229
internal_value=-0.00133179 0.0404214 0.00294597 -0.00243719 -0.00302642 -0.0399306 -0.0023289 -0.0188365 -0.00906892 -0.0195766 -0.0659334 -0.000954941 -0.001437 -0.0378225 -0.000714286 0.026405 0.049965 -0.00145918 -0.000822148 0.0318012 -0.00171499 0.00305186 0.0111563 -0.00967495 -0.0527314 0.00804425 0.0215608 0.0676528 0.0232935 -0.00430678
internal_weight=2916 75 53 2841 2816 52 2764 212 188 153 61 2552 2528 49 2479 66 43 2413 2374 63 2311 1183 723 460 61 695 332 103 76 363
internal_count=2916 75 53 2841 2816 52 2764 212 188 153 61 2552 2528 49 2479 66 43 2413 2374 63 2311 1183 723 460 61 695 332 103 76 363
is_linear=0
shrinkage=0.05


Tree=288
num_leaves=31
num_cat=0
split_feature=8 27 31 5 2 5 27 15 31 27 2 18 27 5 27 2 2 35 2 5 5 27 5 7 31 10 30 18 10 5
split_gain=48.5409 90.8585 83.7947 31.2104 34.844 53.0357 72.5789 41.0938 38.8723 91.4261 66.1786 93.8018 80.3836 67.0028 61.4711 56.4812 193.028 64.4931 49.7428 39.3183 42.8457 38.9997 73.1244 37.5045 36.8622 35.1628 38.7656 34.9061 49.1829 41.6533
threshold=68.500000000000014 54.000000000000007 48.500000000000007 0.72115384615384626 0.62617102265357982 0.62019230769230782 64.000000000000014 11.694838518163596 38.500000000000007 68.500000000000014 0.61438539624214183 89300.000000000015 57.500000000000007 0.15587044534412958 79.500000000000014 0.61528077721595775 0.61794203519821178 8.5000000000000018 0.61949598789215099 0.25657894736842107 0.31009615384615391 77.000000000000014 0.19901315789473686 5758.5000000000009 48.500000000000007 1.0000000180025095e-35 1.0000000180025095e-35 81750.000000000015 1.0000000180025095e-35 0.37171052631578955
decision_type=2 2 2 2 2 2 2 2 2 2 2 2 2 2 2 2 2 2 2 2 2 2 2 2 2 2 2 2 2 2
left_child=1 -1 -3 4 8 -6 -7 -8 10 15 13 12 -12 -2 -11 19 -17 18 -18 25 -21 22 -15 -13 -20 26 -10 28 29 -24
right_child=3 2 -4 -5 5 6 7 -9 9 14 11 23 -14 21 -16 16 17 -19 24 20 -22 -23 27 -25 -26 -27 -28 -29 -30 -31
leaf_value=0.12358168528090774 -0.062378188744759012 -0.066067502740384129 0.059984686899021311 0.041475556170256653 -0.0061628784757772649 0.020120332843045461 -0.1155202256904921 -0.037116912850793798 0.028551479617537082 0.11891269160039497 0.029913452467726316 0.054940311394186092 0.13532042073145989 0.085376015428415275 0.0055323069076614077 -0.17951203172638025 0.025328755432663996 0.051134261852163437 -0.013990162792973793 -0.060401699091876829 -0.0061401522428431018 -0.051148563277142768 0.029277883282218083 -0.0042572477274141502 -0.098925069563833457 0.055563559559317313 -0.050304633022779481 0.012558653720581559 -0.070809729016644188 -0.027704444734881845
leaf_weight=22 39 24 29 40 1143 30 31 37 41 23 39 35 34 29 25 21 22 28 22 40 397 29 59 112 31 46 25 361 32 70
leaf_count=22 39 24 29 40 1143 30 31 37 41 23 39 35 34 29 25 21 22 28 22 40 397 29 59 112 31 46 25 361 32 70
internal_value=-0.00126468 0.0384086 0.00279336 -0.0023151 -0.0029437 -0.00919658 -0.0444862 -0.0730502 0.00202762 -0.00648195 0.00934623 0.0328951 0.0791935 0.000964643 0.0600986 -0.0112463 -0.0417149 -0.013425 -0.0376297 -0.00434905 -0.011131 0.00524254 0.00822831 0.00983119 -0.063856 0.0220544 -0.00127353 0.00391722 -0.0154237 -0.00160154
internal_weight=2916 75 53 2841 2801 1241 98 68 1560 721 839 220 73 619 48 673 124 103 75 549 437 580 551 147 53 112 66 522 161 129
internal_count=2916 75 53 2841 2801 1241 98 68 1560 721 839 220 73 619 48 673 124 103 75 549 437 580 551 147 53 112 66 522 161 129
is_linear=0
shrinkage=0.05


Tree=289
num_leaves=31
num_cat=0
split_feature=8 27 31 5 2 5 27 15 31 27 2 18 27 11 27 5 29 27 2 2 35 2 34 5 5 27 5 16 8 5
split_gain=43.8262 82.0401 75.6555 28.1751 31.4519 47.8807 65.5379 37.0869 35.0886 82.5629 59.7541 84.6877 72.5544 60.6623 70.475 60.4841 59.8432 55.4917 50.9963 174.295 58.2281 44.9223 41.0158 35.492 38.6774 35.2096 66.02 32.4856 45.5568 62.3069
threshold=68.500000000000014 54.000000000000007 48.500000000000007 0.72115384615384626 0.62617102265357982 0.62019230769230782 64.000000000000014 11.694838518163596 38.500000000000007 68.500000000000014 0.61438539624214183 89300.000000000015 57.500000000000007 1.0000000180025095e-35 67.500000000000014 0.15587044534412958 2.5000000000000004 79.500000000000014 0.61528077721595775 0.61794203519821178 8.5000000000000018 0.61949598789215099 1.0000000180025095e-35 0.25657894736842107 0.31009615384615391 77.000000000000014 0.19901315789473686 137986.00000000003 89.000000000000014 0.17269736842105265
decision_type=2 2 2 2 2 2 2 2 2 2 2 2 2 2 2 2 2 2 2 2 2 2 2 2 2 2 2 2 2 2
left_child=1 -1 -3 4 8 27 -7 -8 10 18 15 12 -12 14 -13 -2 -15 -11 23 -20 21 -21 -23 -10 -25 26 -17 28 29 -6
right_child=3 2 -4 -5 5 6 7 -9 9 17 11 13 -14 16 -16 25 -18 -19 19 20 -22 22 -24 24 -26 -27 -28 -29 -30 -31
leaf_value=0.11743056374977077 -0.059267258640292968 -0.062777838104740705 0.056995758629336792 0.03940694811858441 0.0054806323398963117 0.019117654795662509 -0.10976279034875214 -0.035266069360981089 0.020953199598376611 0.11299279546163557 0.028421606365448372 0.0078591287295448602 0.12857424502979276 0.023579219608013503 0.11024617739485508 0.081121884557799381 -0.070822235050364432 0.0052567923627051703 -0.17057897113351886 0.024068048151370088 0.048586646753804114 -0.023286506374309686 -0.11279723372192403 -0.057389146578207872 -0.0058332211401131082 -0.048599927813531604 0.0037203338028057864 0.0025156633898135196 -0.0091402691942766966 -0.092585333854777574
leaf_weight=22 39 24 29 40 27 30 31 37 112 23 39 56 34 32 24 29 35 25 21 22 28 31 22 40 397 29 522 575 501 40
leaf_count=22 39 24 29 40 27 30 31 37 112 23 39 56 34 32 24 29 35 25 21 22 28 31 22 40 397 29 522 575 501 40
internal_value=-0.00120123 0.036496 0.00264841 -0.00219942 -0.00279675 -0.00873752 -0.0422686 -0.0694125 0.00192626 -0.00615837 0.0088797 0.0312564 0.0752485 0.00933965 0.038737 0.000914917 -0.0256925 0.0571118 -0.0106862 -0.0396378 -0.0127531 -0.035754 -0.0606785 -0.00413189 -0.0105758 0.00497979 0.00781715 -0.00585476 -0.0143361 -0.0530424
internal_weight=2916 75 53 2841 2801 1241 98 68 1560 721 839 220 73 147 80 619 67 48 673 124 103 75 53 549 437 580 551 1143 568 67
internal_count=2916 75 53 2841 2801 1241 98 68 1560 721 839 220 73 147 80 619 67 48 673 124 103 75 53 549 437 580 551 1143 568 67
is_linear=0
shrinkage=0.05


Tree=290
num_leaves=31
num_cat=0
split_feature=7 27 7 2 34 5 8 7 7 5 27 27 18 7 8 31 27 35 6 5 27 14 6 27 35 14 8 7 8 6
split_gain=48.6563 50.7693 27.2482 33.7174 30.422 45.4369 80.7595 86.3191 61.2391 45.33 44.4876 73.2694 100.23 65.7502 42.8359 37.7812 69.5452 135.938 66.15 58.5397 38.4968 109.427 66.6848 93.1039 92.8068 85.2848 58.0256 59.5097 54.9106 54.0722
threshold=14962.000000000002 75.500000000000014 499.00000000000006 0.65325996279716503 1.0000000180025095e-35 0.46761133603238875 823.50000000000011 5037.5000000000009 6756.5000000000009 0.31414473684210531 75.500000000000014 66.500000000000014 125420.00000000001 8591.0000000000018 1191.5000000000002 56.500000000000007 61.500000000000007 8.5000000000000018 0.057565789473684216 0.44951923076923084 66.500000000000014 0.26015000000000005 0.091093117408906896 61.500000000000007 4.5000000000000009 0.3061692307692308 885.50000000000011 7137.5000000000009 830.50000000000011 0.069711538461538478
decision_type=2 2 2 2 2 2 2 2 2 2 2 2 2 2 2 2 2 2 2 2 2 2 2 2 2 2 2 2 2 2
left_child=2 -2 3 -1 5 9 7 -7 -8 14 11 -10 -13 -12 -4 20 18 -18 -17 -19 22 26 23 -6 -25 -26 28 -28 -22 -29
right_child=1 -3 4 -5 15 6 8 -9 10 -11 13 12 -14 -15 -16 16 17 19 -20 -21 21 -23 -24 24 25 -27 27 29 -30 -31
leaf_value=-0.0050168391266559587 0.098369833655741021 -0.0045146179752112506 -0.0055389437786853134 0.081251279861380005 0.0048692748602292175 -0.021441755546709459 0.047507191241838928 -0.13664202118603996 -0.029429735675734689 0.012711492274322328 -0.11971886751562727 0.11848512755069898 -0.0040062344622195465 -0.014955080413443043 -0.064204632596667074 -0.014452109647252076 -0.16567883746540962 -0.069567469504084517 0.072358740196176038 0.041989633853573245 0.015773848107626869 0.067051300954201601 0.091459431369506294 -0.12533173239740189 0.058883894947700167 -0.071842185152192831 -0.089486490648030201 0.014939375734621294 0.099591952427480007 -0.05751332438214958
leaf_weight=22 26 22 527 23 720 39 41 28 138 420 24 23 60 40 33 89 20 22 29 25 172 96 20 28 23 27 23 105 22 34
leaf_count=22 26 22 527 23 720 39 41 28 138 420 24 23 60 40 33 89 20 22 29 25 172 96 20 28 23 27 23 105 22 34
internal_value=0.0013256 0.0511992 0.000488857 0.0390473 -0.000124288 -0.00546432 -0.0198255 -0.0697916 -0.00952282 0.000291141 -0.0177585 -0.00709188 0.0299787 -0.054445 -0.0090158 0.00491139 -0.0161842 -0.0568353 0.00688363 -0.0101593 0.00798933 0.0196994 0.00151103 -0.00074823 -0.052606 -0.0116109 0.006901 -0.0151648 0.0253512 -0.00277553
internal_weight=2921 48 2873 45 2828 1373 393 67 326 980 285 221 83 64 560 1455 185 67 118 47 1270 452 818 798 78 50 356 162 194 139
internal_count=2921 48 2873 45 2828 1373 393 67 326 980 285 221 83 64 560 1455 185 67 118 47 1270 452 818 798 78 50 356 162 194 139
is_linear=0
shrinkage=0.05


Tree=291
num_leaves=31
num_cat=0
split_feature=7 16 2 2 5 2 6 14 2 31 2 2 5 33 2 2 7 2 7 31 31 31 31 7 5 5 2 2 6 30
split_gain=43.9219 30.5704 25.9043 42.3031 58.8084 111.495 68.9513 47.6045 37.0538 51.8501 31.2793 29.0605 57.9631 37.5601 35.8133 56.5764 42.4285 118.753 100.896 39.8436 36.7231 70.8939 67.4538 62.0126 45.9829 45.4747 43.5692 41.4795 44.1824 76.2676
threshold=14962.000000000002 161767.50000000003 0.67086574435234081 0.68187245726585399 0.22064777327935226 0.69664514064788829 0.13942307692307696 -1.0000000180025095e-35 0.6638089418411256 38.500000000000007 0.66240668296813976 0.65755760669708263 0.48684210526315791 1.0000000180025095e-35 0.65347799658775341 0.65110391378402721 588.50000000000011 0.63791161775589 831.50000000000011 29.500000000000004 34.500000000000007 33.500000000000007 31.500000000000004 2408.5000000000005 0.48684210526315791 0.28542510121457493 0.60966897010803234 0.59907418489456188 0.069711538461538478 1.0000000180025095e-35
decision_type=2 2 2 2 2 2 2 2 2 2 2 2 2 2 2 2 2 2 2 2 2 2 2 2 2 2 2 2 2 2
left_child=2 -2 8 7 5 -5 -6 -4 10 -10 11 14 13 -13 15 16 17 -1 -18 -16 21 22 27 -22 -23 -24 -27 -20 29 -29
right_child=1 -3 3 4 6 -7 -8 -9 9 -11 -12 12 -14 -15 19 -17 18 -19 20 -21 23 24 25 -25 -26 26 -28 28 -30 -31
leaf_value=-0.001161160323374673 0.0030992765597540051 0.083740594878627797 0.0079612524567547853 0.036563270039407625 0.001641495344588767 -0.11469021652897345 0.09015317526984945 -0.055495161474102286 0.060655031123430292 -0.003914272264499712 -0.050667287339536383 0.02390329421661657 -0.015110518138043871 0.1004596073538383 -0.0064494604131210319 0.051026713848114018 0.097459331748670316 -0.13726017605071947 0.01186342845892949 -0.079157460726720766 0.087014208934007783 -0.02572211955041568 0.094065984632389466 0.0042743929588997627 -0.1075856193671738 -0.016445654023642214 0.06478652696149266 -0.026871925050217384 -0.063300859055394981 0.018654221034110414
leaf_weight=67 21 27 44 22 141 27 26 89 63 61 29 38 49 28 54 56 27 21 173 29 23 51 25 1176 26 42 27 275 46 138
leaf_count=67 21 27 44 22 141 27 26 89 63 61 29 38 49 28 54 56 27 21 173 29 23 51 25 1176 26 42 27 275 46 138
internal_value=0.00125868 0.0486438 0.000463599 -0.0123001 0.00133992 -0.0467425 0.0154974 -0.0344743 0.00223087 0.0288733 0.000851118 0.00148547 0.0259922 0.0565602 0.000232916 0.00146697 0.000151283 -0.033815 0.0016285 -0.0319783 0.000328773 -0.00794285 -0.00309395 0.00587286 -0.0535329 0.0363912 0.0153162 -0.00897948 -0.0168471 -0.0116469
internal_weight=2921 48 2873 349 216 49 167 133 2524 124 2400 2371 115 66 2256 2173 2117 88 2029 83 2002 803 726 1199 77 94 69 632 459 413
internal_count=2921 48 2873 349 216 49 167 133 2524 124 2400 2371 115 66 2256 2173 2117 88 2029 83 2002 803 726 1199 77 94 69 632 459 413
is_linear=0
shrinkage=0.05


Tree=292
num_leaves=31
num_cat=0
split_feature=7 27 7 2 7 2 2 2 2 31 27 27 31 7 16 15 2 7 8 8 2 5 27 2 2 8 15 31 5 8
split_gain=39.6637 46.0428 27.1747 28.6096 27.2209 34.8197 46.1166 33.7547 38.9523 49.5971 46.6937 47.344 69.5121 30.1599 29.9698 58.542 29.1828 40.4833 27.8461 48.3329 35.8039 132.518 84.5281 152.05 71.4317 106.915 69.3995 65.782 62.7828 34.8235
threshold=14962.000000000002 75.500000000000014 499.00000000000006 0.65325996279716503 512.50000000000011 0.72449582815170299 0.69728717207908641 0.68854001164436351 0.67086574435234081 23.500000000000004 56.000000000000007 66.500000000000014 47.500000000000007 4149.0000000000009 138149.00000000003 12.058222076218494 0.66760164499282848 7802.5000000000009 773.50000000000011 781.50000000000011 0.64362648129463207 0.46761133603238875 66.500000000000014 0.64910921454429638 0.65325996279716503 1150.5000000000002 12.138198560900538 43.500000000000007 0.37980769230769235 854.00000000000011
decision_type=2 2 2 2 2 2 2 2 2 2 2 2 2 2 2 2 2 2 2 2 2 2 2 2 2 2 2 2 2 2
left_child=2 -2 3 -1 14 6 7 8 16 -10 -11 -12 -13 -8 -4 -16 18 -18 -6 -20 29 24 27 -24 25 -22 -25 -23 -26 -21
right_child=1 -3 4 -5 5 -7 13 -9 9 10 11 12 -14 -15 15 -17 17 -19 19 20 21 22 23 26 28 -27 -28 -29 -30 -31
leaf_value=-0.0016301723896648011 0.091153023232102851 -0.0068159724252795737 -0.06663488495100732 0.077815371564714422 0.0091193948155434065 0.061883816700348086 -0.090578515321960262 0.045573237276417058 -0.073093530313692964 0.038576254889826335 -0.088667090501620138 0.012951274504995223 -0.09156800375055911 -0.013845942401809325 0.05135839157291755 -0.044371749718113827 0.085007798419411917 -0.00088375286010412683 -0.074250150797687042 -0.024884893738016098 0.18724071367968265 -0.13026031309099337 0.12507026904073368 0.010449619766339641 -0.02762846060998711 0.032756073476174173 -0.088619427224500225 -0.021940892725993113 0.086435036993280978 -0.0015368946185367622
leaf_weight=22 26 22 31 23 773 23 22 42 37 39 23 76 20 31 26 41 25 30 23 187 22 20 25 75 28 23 23 47 21 1095
leaf_count=22 26 22 31 23 773 23 22 42 37 39 23 76 20 31 26 41 25 30 23 187 22 20 25 75 28 23 23 47 21 1095
internal_value=0.00119615 0.0462258 0.000440501 0.038947 -0.000171814 0.000756259 0.000232776 0.00115766 0.000439841 -0.0210486 -0.00879066 -0.0243756 -0.00884417 -0.045902 -0.0260507 -0.00712705 0.00217636 0.0381505 0.00133499 -0.00244907 -0.00138665 0.0146687 -0.00933575 0.0152471 0.0631998 0.10864 -0.0128169 -0.0544955 0.0212305 -0.00494815
internal_weight=2921 48 2873 45 2828 2730 2707 2654 2612 195 158 119 96 53 98 67 2417 55 2362 1589 1566 284 190 123 94 45 98 67 49 1282
internal_count=2921 48 2873 45 2828 2730 2707 2654 2612 195 158 119 96 53 98 67 2417 55 2362 1589 1566 284 190 123 94 45 98 67 49 1282
is_linear=0
shrinkage=0.05


Tree=293
num_leaves=31
num_cat=0
split_feature=7 27 7 2 7 2 2 2 2 2 31 30 27 27 16 15 2 7 8 7 16 8 8 5 7 31 31 27 2 27
split_gain=35.8028 41.5794 24.5295 25.8393 24.5721 31.4396 41.647 30.4716 35.1715 46.5842 44.1671 27.501 27.2038 67.437 27.0572 52.8532 26.3418 36.5587 25.1313 44.2334 72.675 27.5478 50.3214 32.0195 95.1935 82.871 66.9411 46.5196 52.4117 59.677
threshold=14962.000000000002 75.500000000000014 499.00000000000006 0.65325996279716503 512.50000000000011 0.72449582815170299 0.69728717207908641 0.68854001164436351 0.67086574435234081 0.67486277222633373 23.500000000000004 1.5000000000000002 56.000000000000007 66.500000000000014 138149.00000000003 12.058222076218494 0.66760164499282848 7802.5000000000009 773.50000000000011 5687.5000000000009 232500.00000000003 741.50000000000011 722.00000000000011 0.17269736842105265 815.50000000000011 28.500000000000004 26.500000000000004 67.500000000000014 0.6118772327899934 57.500000000000007
decision_type=2 2 2 2 2 2 2 2 2 2 2 2 2 2 2 2 2 2 2 2 2 2 2 2 2 2 2 2 2 2
left_child=2 -2 3 -1 14 6 7 8 16 -10 -11 -8 -12 -14 -4 -16 18 -18 21 20 -20 22 23 25 -25 -6 27 28 29 -26
right_child=1 -3 4 -5 5 -7 11 -9 9 10 12 -13 13 -15 15 -17 17 -19 19 -21 -22 -23 -24 24 26 -27 -28 -29 -30 -31
leaf_value=-0.0015490330721997568 0.086612833334825279 -0.0064767205539871661 -0.063313853045943461 0.073941442860669379 0.05037265567273496 0.058803019572646067 -0.011809867459575204 0.043299988009347506 -0.083617312042599173 -0.065523561334045619 0.036652375900608193 -0.084667509045951814 -0.089686567885843338 0.00907415229869552 0.048800309373501161 -0.042158560897166998 0.080774339950417148 -0.0008397120573987992 -0.099974802284920741 -0.00080263141923942567 0.020211845825160793 0.034181465944785439 -0.065776486478405866 0.090415940343369694 -0.053423804652474795 -0.040024675999110748 0.018603154313855601 0.019957264995077093 -0.088819401355766547 0.054140862751911038
leaf_weight=22 26 22 31 23 35 23 30 42 25 30 39 23 22 79 26 41 25 30 29 1538 22 93 24 37 33 91 359 43 37 21
leaf_count=22 26 22 31 23 35 23 30 42 25 30 39 23 22 79 26 41 25 30 29 1538 22 93 24 37 33 91 359 43 37 21
internal_value=0.00113611 0.0439181 0.0004181 0.0370025 -0.000163563 0.000718112 0.000220593 0.00109961 0.000417494 -0.0200013 -0.010573 -0.0436214 0.00120486 -0.0124561 -0.0247512 -0.00676645 0.00206768 0.0362461 0.00126821 -0.00232654 -0.0480936 0.00866348 0.00516166 0.00777421 0.0131651 -0.0148546 0.00734008 -0.0227889 -0.0430423 -0.0114779
internal_weight=2921 48 2873 45 2828 2730 2707 2654 2612 195 170 53 140 101 98 67 2417 55 2362 1589 51 773 680 656 530 126 493 134 91 54
internal_count=2921 48 2873 45 2828 2730 2707 2654 2612 195 170 53 140 101 98 67 2417 55 2362 1589 51 773 680 656 530 126 493 134 91 54
is_linear=0
shrinkage=0.05


Tree=294
num_leaves=31
num_cat=0
split_feature=2 5 2 2 8 31 29 5 6 27 8 27 8 2 2 31 27 27 15 31 14 8 2 27 8 27 35 5 31 2
split_gain=19.2819 30.1888 79.697 67.903 63.172 51.1306 46.6662 39.0799 29.122 55.2344 75.3285 75.6 57.7284 30.0275 44.4736 39.2598 35.1975 97.4138 117.629 158.168 125.842 165.332 95.952 76.1513 63.2885 69.6198 131.949 111.295 139.017 68.5
threshold=0.67160281538963329 0.22064777327935226 0.69664514064788829 0.6863645911216737 78.500000000000014 39.500000000000007 3.5000000000000004 0.42927631578947373 0.11513157894736843 71.500000000000014 1113.5000000000002 64.000000000000014 804.50000000000011 0.6638089418411256 0.66240668296813976 38.500000000000007 65.500000000000014 61.500000000000007 11.711169561286807 36.500000000000007 0.10505000000000002 915.50000000000011 0.61802709102630626 67.500000000000014 885.50000000000011 70.500000000000014 7.5000000000000009 0.34210526315789475 36.500000000000007 0.60082709789276134
decision_type=2 2 2 2 2 2 2 2 2 2 2 2 2 2 2 2 2 2 2 2 2 2 2 2 2 2 2 2 2 2
left_child=8 2 5 6 -5 -2 7 -3 13 10 11 12 -10 14 16 -15 17 -1 19 -19 22 -22 -20 -18 25 26 27 -25 -29 -26
right_child=1 3 -4 4 -6 -7 -8 -9 9 -11 -12 -13 -14 15 -16 -17 23 18 20 -21 21 -23 -24 24 29 -27 -28 28 -30 -31
leaf_value=0.00053785023188618753 -0.051281772843852838 -0.11908651781025655 -0.10650202306434237 0.094148015049824202 0.0063172544955037522 0.056262900845497434 -0.0075868241806229591 -0.023368533838928018 0.1026505037930088 -0.029930813966200787 0.12596632016325426 -0.054386886347939957 -0.0039519976485859259 0.049679568043678124 -0.060331954440702232 -0.0062132282229057402 0.085904008073438787 -0.017795261952549362 0.12737562114028569 -0.2143902719169114 -0.1474614904713385 0.013673470461173277 -0.020036942115077727 0.025371113466884067 -0.061520339146168959 0.0026160095563638498 -0.066826318844950577 0.049361185299575866 0.20596249623008936 0.00028657388218070526
leaf_weight=1321 22 21 27 25 112 22 95 22 28 33 22 23 23 71 30 56 31 21 21 20 29 35 23 77 51 216 22 33 25 364
leaf_count=1321 22 21 27 25 112 22 95 22 28 33 22 23 23 71 30 56 31 21 21 20 29 35 23 77 51 216 22 33 25 364
internal_value=0.00107901 -0.00999861 -0.0390453 -0.00246964 0.0224382 0.00238283 -0.0272316 -0.0703984 0.00256977 0.0257165 0.0449085 0.0206053 0.0545634 0.00134599 4.69022e-05 0.0250091 0.000843022 -0.00378246 -0.0420935 -0.114105 -0.0146292 -0.0593789 0.050335 0.00915072 0.00611437 0.0210616 0.0463893 0.0649121 0.117186 -0.00730992
internal_weight=2921 346 71 275 137 44 138 43 2575 129 96 74 51 2446 2319 127 2289 1470 149 41 108 64 44 819 788 373 157 135 58 415
internal_count=2921 346 71 275 137 44 138 43 2575 129 96 74 51 2446 2319 127 2289 1470 149 41 108 64 44 819 788 373 157 135 58 415
is_linear=0
shrinkage=0.05


Tree=295
num_leaves=31
num_cat=0
split_feature=7 2 14 14 5 14 15 14 16 31 2 2 5 35 30 7 2 15 5 5 7 27 27 7 6 31 27 35 31 2
split_gain=97.1446 43.6687 28.1682 42.3059 41.6789 39.9268 19.7014 49.7312 30.3631 19.7519 77.0808 74.7595 62.1049 79.1709 106.862 144.127 56.6295 46.1395 76.2033 50.9385 50.0519 43.6986 41.0719 40.8453 39.3493 46.8919 37.7334 37.5972 33.6365 27.4313
threshold=499.00000000000006 0.65325996279716503 -0.41307692307692301 -0.27615384615384614 0.22064777327935226 -0.2906999999999999 12.62388735261103 1.2580769230769233 335951.50000000006 46.500000000000007 0.60786306858062755 0.63454651832580578 0.44951923076923084 8.5000000000000018 1.0000000180025095e-35 5505.0000000000009 0.64561811089515697 11.812511265982243 0.48684210526315791 0.31414473684210531 515.00000000000011 61.500000000000007 65.500000000000014 5206.0000000000009 0.057565789473684216 54.500000000000007 67.500000000000014 7.5000000000000009 53.500000000000007 0.61206224560737621
decision_type=2 2 2 2 2 2 2 2 2 2 2 2 2 2 2 2 2 2 2 2 2 2 2 2 2 2 2 2 2 2
left_child=1 -1 -2 4 -4 -6 8 -8 9 29 21 12 13 14 28 -16 24 23 19 20 -19 -11 -14 -18 -13 -26 -20 -23 -12 -5
right_child=2 -3 3 6 5 -7 7 -9 -10 10 11 16 22 -15 15 -17 17 18 26 -21 -22 27 -24 -25 25 -27 -28 -29 -30 -31
leaf_value=0.020387178540822878 0.041413054281793288 0.12177260523557146 -0.086938723291104261 -0.0044392666895626516 -0.001624403296384847 -0.068583973364579706 0.087563782495476 -0.011125273841040277 -0.04474129724533852 0.0053674429601443148 -0.0023761777359193187 0.00034712168523770375 -0.029786788386977743 -0.0011019863477369106 -0.03635479460159937 -0.21529508685671736 -0.086172205039918251 0.052972336655832342 0.0071213094749260899 0.097419933052290048 -0.050561482646453992 0.017482743664144196 0.049688725224856671 -0.012062160615946289 0.0099310536520176036 0.11247370859213884 -0.082484205995165996 0.10208772224080989 -0.076288385133665454 0.0078986165990026815
leaf_weight=20 39 23 24 753 108 28 22 30 38 164 33 50 43 45 20 26 35 26 20 23 21 28 26 40 21 24 28 25 29 1120
leaf_count=20 39 23 24 753 108 28 22 30 38 164 33 50 43 45 20 26 35 26 20 23 21 28 26 40 21 24 28 25 29 1120
internal_value=0.00037637 0.0748893 -0.000733507 -0.00131344 -0.0262838 -0.0154872 0.000170851 0.0306197 -0.000428597 0.000218823 -0.00677358 -0.0173976 -0.039195 -0.056945 -0.0801441 -0.137851 -0.000570362 -0.0161412 0.00331468 0.0366067 0.00659725 0.0181689 0.000116717 -0.0467821 0.0309942 0.0648595 -0.0451074 0.057602 -0.0370957 0.00293579
internal_weight=2932 43 2889 2850 160 136 2690 52 2638 2600 727 510 222 153 108 46 288 193 118 70 47 217 69 75 95 45 48 53 62 1873
internal_count=2932 43 2889 2850 160 136 2690 52 2638 2600 727 510 222 153 108 46 288 193 118 70 47 217 69 75 95 45 48 53 62 1873
is_linear=0
shrinkage=0.05


Tree=296
num_leaves=31
num_cat=0
split_feature=7 2 8 6 14 31 31 7 31 14 15 27 27 11 27 31 18 34 7 27 2 34 2 2 2 2 2 27 27 34
split_gain=87.7288 39.4757 26.3581 42.0981 24.6979 24.167 51.4044 47.8608 25.8805 56.2249 33.4457 20.0058 82.5005 79.908 56.0584 79.6908 130.535 152.57 118.941 70.385 54.8657 55.3919 45.9224 72.3099 37.7534 36.876 113.073 86.6396 58.633 92.9201
threshold=499.00000000000006 0.65818580985069286 68.500000000000014 0.057565789473684216 -0.41307692307692301 38.500000000000007 39.500000000000007 4290.0000000000009 37.500000000000007 0.22908846153846157 12.576345621333891 79.500000000000014 72.500000000000014 1.0000000180025095e-35 67.500000000000014 67.500000000000014 109200.00000000001 1.0000000180025095e-35 7011.5000000000009 65.500000000000014 0.64857995510101329 1.0000000180025095e-35 0.60829156637191784 0.65241101384162914 0.64362648129463207 0.63454651832580578 0.61965721845626842 61.500000000000007 54.000000000000007 1.0000000180025095e-35
decision_type=2 2 2 2 2 2 2 2 2 2 2 2 2 2 2 2 2 2 2 2 2 2 2 2 2 2 2 2 2 2
left_child=1 -1 3 -2 -4 8 7 -7 10 -10 -6 12 14 24 19 16 17 -16 -19 25 -14 -22 -18 -24 -13 26 -8 28 -27 -30
right_child=2 -3 4 -5 5 6 11 -9 9 -11 -12 13 20 -15 15 -17 22 18 -20 -21 21 -23 23 -25 -26 27 -28 -29 29 -31
leaf_value=0.023897856932419997 0.0075771187073909313 0.12010242034685555 0.039347697089395256 -0.092300355493725825 0.0034512228506908996 -0.0099177853563131198 0.0013731893898124925 -0.11584479302835107 -0.0051971039300077598 0.09105343825801121 -0.043410306650659314 -0.031020401620468603 0.080133082590640961 -0.096694087022352049 -0.015749415734998225 0.063291211662249325 0.046657292630377128 -0.21649590059258472 -0.0537003849424533 0.088298770556083095 -0.046461436277129259 0.063434184713386244 -0.055424406835979816 0.033306462320717517 0.044127438076056083 0.036810065132588596 -0.057832163680693952 0.067708930114152729 -0.07567528278060455 0.02686618037354619
leaf_weight=22 22 21 39 20 1439 23 475 20 36 26 39 36 48 28 44 22 33 26 20 22 25 21 60 37 31 53 97 58 49 40
leaf_count=22 22 21 39 20 1439 23 475 20 36 26 39 36 48 28 44 22 33 26 20 22 25 21 60 37 31 53 97 58 49 40
internal_value=0.000357251 0.0711671 -0.000697382 -0.0399711 -0.000114862 -0.000666115 -0.00577928 -0.0594566 0.0035408 0.0351671 0.00220845 -0.00388632 -0.00202774 -0.0259156 -0.00610292 -0.0271653 -0.0362583 -0.0825135 -0.146094 0.000312911 0.0427915 0.00362862 -0.00415819 -0.0215277 0.00368892 -0.00219909 -0.00866649 0.0162678 -0.00474108 -0.0295547
internal_weight=2932 43 2889 42 2847 2808 1268 43 1540 62 1478 1225 1130 95 1036 242 220 90 46 794 94 46 130 97 67 772 572 200 142 89
internal_count=2932 43 2889 42 2847 2808 1268 43 1540 62 1478 1225 1130 95 1036 242 220 90 46 794 94 46 130 97 67 772 572 200 142 89
is_linear=0
shrinkage=0.05


Tree=297
num_leaves=31
num_cat=0
split_feature=14 14 31 8 29 2 14 8 31 14 27 27 27 14 8 11 27 27 2 8 2 31 2 30 29 8 16 27 8 31
split_gain=21.7538 49.2278 32.107 31.8275 58.0024 57.8285 50.5918 50.518 42.9457 24.6932 42.0441 54.8176 21.2927 20.4649 19.3674 17.1845 58.2168 106.048 53.1058 61.6834 46.7822 31.701 38.8027 30.1433 66.7075 32.7782 50.8037 86.8641 86.3383 96.4467
threshold=-0.41307692307692301 -0.27615384615384614 55.500000000000007 78.500000000000014 1.5000000000000002 0.65270385146141063 0.023076923076923082 73.500000000000014 57.500000000000007 -0.2906999999999999 67.500000000000014 57.500000000000007 72.500000000000014 0.12384615384615387 81.500000000000014 1.0000000180025095e-35 77.000000000000014 72.500000000000014 0.63482424616813671 928.50000000000011 0.66068890690803539 16.500000000000004 0.5978313982486726 1.5000000000000002 4.5000000000000009 338.50000000000006 169170.00000000003 56.000000000000007 600.00000000000011 27.500000000000004
decision_type=2 2 2 2 2 2 2 2 2 2 2 2 2 2 2 2 2 2 2 2 2 2 2 2 2 2 2 2 2 2
left_child=-1 2 9 4 5 8 -7 -6 -3 10 11 -2 -12 -8 -5 -16 17 21 19 -18 -19 22 -17 25 -25 -23 27 -27 -29 -30
right_child=1 3 -4 14 7 6 13 -9 -10 -11 12 -13 -14 -15 15 16 18 20 -20 -21 -22 23 -24 24 -26 26 -28 28 29 -31
leaf_value=0.037385343697369858 -0.02122149602654054 0.036472011416366225 -0.076490808061128179 -0.040545321465869949 -0.071504805896474025 0.13395351082491119 0.0078281632009732389 0.025040166276205478 -0.053305638118942761 -0.057781590597650645 -0.068247581144100622 0.079551813451654879 -0.0058390856001300749 0.074763271993114819 0.0048814620041212602 0.0022211142308056638 -0.028269814225367493 0.12881917805153861 -0.010153444701341054 -0.12849433972380467 0.024113702185240119 -0.046971517653848827 -0.094730584538398097 -0.10632833173207197 0.00058013529154905092 -0.0086065751381903186 -0.0058081601842605544 -0.030877058889066739 0.11608181608731732 0.031512443418669531
leaf_weight=39 29 36 27 29 26 22 23 28 21 29 27 25 28 23 1180 21 43 22 139 24 21 33 20 21 47 171 569 36 46 127
leaf_count=39 29 36 27 29 26 22 23 28 21 29 27 25 28 23 1180 21 43 22 139 24 21 33 20 21 47 171 569 36 46 127
internal_value=0.000339426 -0.00015953 -0.0266731 0.0014432 0.0218173 0.0405286 0.0716334 -0.0213983 0.00327304 -0.0168416 -0.00586052 0.0254012 -0.036635 0.0414938 9.69489e-06 0.000479974 -0.00339231 0.00104616 -0.0278384 -0.0643836 0.0779745 -0.00198813 -0.0450662 -0.000297141 -0.0324699 0.0019287 0.00363917 0.0177963 0.0394163 0.0540821
internal_weight=2932 2893 165 2728 179 125 68 54 57 138 109 54 55 46 2549 2520 1340 1134 206 67 43 1091 41 1050 68 982 949 380 209 173
internal_count=2932 2893 165 2728 179 125 68 54 57 138 109 54 55 46 2549 2520 1340 1134 206 67 43 1091 41 1050 68 982 949 380 209 173
is_linear=0
shrinkage=0.05


Tree=298
num_leaves=31
num_cat=0
split_feature=7 2 8 6 14 31 31 5 31 14 14 11 8 27 27 7 5 31 5 15 27 27 5 5 27 31 31 27 8 7
split_gain=74.851 33.4079 24.4049 34.091 20.1139 21.3337 45.6104 66.3757 23.075 51.7325 30.6032 19.1519 51.5417 53.8566 66.9652 59.9784 50.0943 37.9711 34.0166 81.1714 189.17 76.1576 62.8279 45.3169 49.9125 121.838 34.2251 30.856 28.8668 28.7461
threshold=499.00000000000006 0.65325996279716503 68.500000000000014 0.057565789473684216 -0.41307692307692301 38.500000000000007 39.500000000000007 0.25657894736842107 37.500000000000007 0.22908846153846157 1.0423076923076926 1.0000000180025095e-35 600.00000000000011 77.000000000000014 71.500000000000014 12728.000000000002 0.19901315789473686 16.500000000000004 0.53238866396761142 11.869892523624584 56.000000000000007 61.500000000000007 0.37980769230769235 0.48684210526315791 52.000000000000007 33.500000000000007 33.500000000000007 67.500000000000014 1313.0000000000002 7486.5000000000009
decision_type=2 2 2 2 2 2 2 2 2 2 2 2 2 2 2 2 2 2 2 2 2 2 2 2 2 2 2 2 2 2
left_child=1 -1 3 -2 -4 8 7 -7 10 -10 11 -6 16 14 17 28 -13 -14 19 20 -19 -20 -22 24 -21 29 -25 -23 -15 -26
right_child=2 -3 4 -5 5 6 -8 -9 9 -11 -12 12 13 15 -16 -17 -18 18 21 23 22 27 -24 26 25 -27 -28 -29 -30 -31
leaf_value=0.018018216398817982 0.0043287100351512495 0.10674170293720253 0.035520858273786655 -0.085527492903951383 0.0096046952404264009 0.0074399907731173016 -0.0036101011844024548 -0.11645576713851134 -0.0054855234219261815 0.086835370562485359 -0.046959611466843215 0.0034797840627290295 -0.043489818357529735 -0.021918585681735415 0.08659807476060416 -0.092815848733958609 -0.067516613022818112 -0.0043710488300681633 -0.078506823203714951 0.015848393643644678 0.14988696473949362 0.06647683812018057 0.054482239720009241 0.0011098846832946526 0.031479904250563857 -0.12779996606256691 0.082576315644432893 -0.0093617408724497083 0.037342599171331557 -0.02934660226288735
leaf_weight=20 22 23 39 20 642 21 1225 22 36 26 31 45 36 96 27 26 55 90 33 81 37 20 33 28 32 27 24 40 26 49
leaf_count=20 22 23 39 20 642 21 1225 22 36 26 31 45 36 96 27 26 55 90 33 81 37 20 33 28 32 27 24 40 26 49
internal_value=0.000321854 0.0657285 -0.000652172 -0.0384427 -9.15851e-05 -0.00058923 -0.00539344 -0.0559557 0.00336329 0.0332267 0.00210502 0.00316279 -0.00196907 0.00279099 0.0099213 -0.0239988 -0.0355467 0.00599009 0.0096141 0.015939 0.0435374 -0.0175918 0.105124 -0.00237333 -0.0137678 -0.0360203 0.0388921 0.0159031 -0.00922796 -0.00524554
internal_weight=2932 43 2889 42 2847 2808 1268 43 1540 62 1478 1447 805 705 557 148 100 530 494 401 160 93 70 241 189 108 52 60 122 81
internal_count=2932 43 2889 42 2847 2808 1268 43 1540 62 1478 1447 805 705 557 148 100 530 494 401 160 93 70 241 189 108 52 60 122 81
is_linear=0
shrinkage=0.05


Tree=299
num_leaves=31
num_cat=0
split_feature=7 7 8 6 31 31 5 14 15 5 5 14 5 2 2 27 8 7 15 8 2 2 27 8 31 8 14 31 31 7
split_gain=67.5963 30.2977 22.03 30.7904 18.1699 42.2945 59.9433 18.4088 18.9489 17.3871 58.3366 73.4159 46.6033 19.0928 50.171 54.9608 172.292 55.9058 84.3327 54.3977 42.1534 119.376 45.4996 105.481 59.4138 49.9932 36.6235 35.3064 34.4743 27.7589
threshold=499.00000000000006 476.00000000000006 68.500000000000014 0.057565789473684216 38.500000000000007 39.500000000000007 0.25657894736842107 1.0846153846153848 12.57763927865355 0.091093117408906896 0.057565789473684216 0.15371538461538464 0.13942307692307696 0.63454651832580578 0.65818580985069286 67.500000000000014 760.50000000000011 5373.0000000000009 12.190710213591929 1150.5000000000002 0.61528077721595775 0.61794203519821178 67.500000000000014 864.50000000000011 53.500000000000007 1012.5000000000001 0.33653846153846162 44.500000000000007 66.500000000000014 6728.0000000000009
decision_type=2 2 2 2 2 2 2 2 2 2 2 2 2 2 2 2 2 2 2 2 2 2 2 2 2 2 2 2 2 2
left_child=1 -1 3 -2 7 6 -6 8 -4 10 -7 -12 -11 20 15 16 -15 -17 19 -19 28 -22 23 -23 29 -25 -18 -16 -14 -24
right_child=2 -3 4 -5 5 9 -8 -9 -10 12 11 -13 13 14 27 17 26 18 -20 -21 21 22 24 25 -26 -27 -28 -29 -30 -31
leaf_value=0.01906311432897197 0.004113253612888816 0.10338898689498728 0.0036500952051020975 -0.081272392634728644 0.0070697561568487874 0.042071599313786241 -0.11065932837276976 -0.035140721940519003 0.050310688509660612 0.05624604263613301 -0.12458239056136274 -0.00043426428661035845 0.0027647620459035163 0.17125543915662428 0.022284680971515154 -0.042342292390574215 -0.0048245971107073772 0.11720708432900478 -0.040218243619235247 0.0091958999566363001 -0.12104988762808011 -0.13027188686224131 0.017856098209166418 0.051640271831793608 0.067835327555225686 -0.033972723631928423 0.066372280832068378 -0.02649791551089304 -0.053264046288847511 -0.06222904592187483
leaf_weight=21 22 22 1499 20 21 21 22 30 22 34 22 26 485 22 50 51 64 25 30 22 29 22 22 25 33 53 25 142 29 21
leaf_count=21 22 22 1499 20 21 21 22 30 22 34 22 26 485 22 50 51 64 25 30 22 29 22 22 25 33 53 25 142 29 21
internal_value=0.000306042 0.0624624 -0.000619495 -0.0365243 -8.67935e-05 -0.00445806 -0.0531647 0.00356263 0.00433155 -0.00277847 -0.027162 -0.0575801 -0.00135107 -0.00306303 0.00525031 0.020545 0.0462775 -0.00174967 0.0250915 0.0668817 -0.0080534 -0.027218 -0.0116687 -0.0338341 0.0174367 -0.00643765 0.0151705 -0.0137631 -0.000396416 -0.0211929
internal_weight=2932 43 2889 42 2847 1296 43 1551 1521 1253 69 48 1184 1150 431 239 111 128 77 47 719 205 176 100 76 78 89 192 514 43
internal_count=2932 43 2889 42 2847 1296 43 1551 1521 1253 69 48 1184 1150 431 239 111 128 77 47 719 205 176 100 76 78 89 192 514 43
is_linear=0
shrinkage=0.05


end of trees

feature_importances:
stage2_score=1350
embedding_sim=1284
headline_token_in_jd_pct=846
jd_len_chars=826
title_len_chars=808
jd_word_count=723
salary_gap_pct=571
salary_max=471
salary_log=399
target_function_overlap_jd=345
headline_token_in_title_pct=336
title_word_count=232
salary_min=170
target_function_overlap_title=154
title_seniority_lead=91
loc_remote=85
title_seniority_manager=80
loc_onsite=79
salary_disclosed=29
src_is_workday=25
emb_high=22
loc_hybrid=22
src_is_greenhouse=20
emb_low=14
excluded_pattern_violations=7
title_seniority_jr=6
salary_meets_user_minimum=5

parameters:
[boosting: gbdt]
[objective: regression]
[metric: rmse]
[tree_learner: serial]
[device_type: cpu]
[data_sample_strategy: bagging]
[data: ]
[valid: ]
[num_iterations: 300]
[learning_rate: 0.05]
[num_leaves: 31]
[num_threads: 0]
[seed: 0]
[deterministic: 0]
[force_col_wise: 0]
[force_row_wise: 0]
[histogram_pool_size: -1]
[max_depth: -1]
[min_data_in_leaf: 20]
[min_sum_hessian_in_leaf: 0.001]
[bagging_fraction: 0.85]
[pos_bagging_fraction: 1]
[neg_bagging_fraction: 1]
[bagging_freq: 5]
[bagging_seed: 3]
[bagging_by_query: 0]
[feature_fraction: 0.85]
[feature_fraction_bynode: 1]
[feature_fraction_seed: 2]
[extra_trees: 0]
[extra_seed: 6]
[early_stopping_round: 0]
[early_stopping_min_delta: 0]
[first_metric_only: 0]
[max_delta_step: 0]
[lambda_l1: 0.1]
[lambda_l2: 0.1]
[linear_lambda: 0]
[min_gain_to_split: 0]
[drop_rate: 0.1]
[max_drop: 50]
[skip_drop: 0.5]
[xgboost_dart_mode: 0]
[uniform_drop: 0]
[drop_seed: 4]
[top_rate: 0.2]
[other_rate: 0.1]
[min_data_per_group: 100]
[max_cat_threshold: 32]
[cat_l2: 10]
[cat_smooth: 10]
[max_cat_to_onehot: 4]
[top_k: 20]
[monotone_constraints: ]
[monotone_constraints_method: basic]
[monotone_penalty: 0]
[feature_contri: ]
[forcedsplits_filename: ]
[refit_decay_rate: 0.9]
[cegb_tradeoff: 1]
[cegb_penalty_split: 0]
[cegb_penalty_feature_lazy: ]
[cegb_penalty_feature_coupled: ]
[path_smooth: 0]
[interaction_constraints: ]
[verbosity: -1]
[saved_feature_importance_type: 0]
[use_quantized_grad: 0]
[num_grad_quant_bins: 4]
[quant_train_renew_leaf: 0]
[stochastic_rounding: 1]
[linear_tree: 0]
[max_bin: 255]
[max_bin_by_feature: ]
[min_data_in_bin: 3]
[bin_construct_sample_cnt: 200000]
[data_random_seed: 1]
[is_enable_sparse: 1]
[enable_bundle: 1]
[use_missing: 1]
[zero_as_missing: 0]
[feature_pre_filter: 1]
[pre_partition: 0]
[two_round: 0]
[header: 0]
[label_column: ]
[weight_column: ]
[group_column: ]
[ignore_column: ]
[categorical_feature: ]
[forcedbins_filename: ]
[precise_float_parser: 0]
[parser_config_file: ]
[objective_seed: 5]
[num_class: 1]
[is_unbalance: 0]
[scale_pos_weight: 1]
[sigmoid: 1]
[boost_from_average: 1]
[reg_sqrt: 0]
[alpha: 0.9]
[fair_c: 1]
[poisson_max_delta_step: 0.7]
[tweedie_variance_power: 1.5]
[lambdarank_truncation_level: 30]
[lambdarank_norm: 1]
[label_gain: ]
[lambdarank_position_bias_regularization: 0]
[eval_at: ]
[multi_error_top_k: 1]
[auc_mu_weights: ]
[num_machines: 1]
[local_listen_port: 12400]
[time_out: 120]
[machine_list_filename: ]
[machines: ]
[gpu_platform_id: -1]
[gpu_device_id: -1]
[gpu_use_dp: 0]
[num_gpu: 1]

end of parameters

pandas_categorical:null
